dataset,fold,method,metric_error,time_train_s,time_infer_s,metric,problem_type,metric_error_val,method_type,ta_name,ta_suite,method_subtype,config_type,imputed,impute_method
APSFailure,0,"AutoGluon 1.4 (best, 4h)",0.00459368739120436,14490.58813905716,28.909496068954468,roc_auc,binary,0.006417677909196673,baseline,AutoGluon_v140_bq_4h8c,tabarena-2025-11-01,,,False,
APSFailure,0,"AutoGluon 1.5 (extreme, 4h)",0.003890563930764923,13805.021308898926,78.19677472114563,roc_auc,binary,0.008504202233876823,baseline,AutoGluon_v150_eq_4h8c,tabarena-2025-12-18,,,False,
APSFailure,0,"AutoGluon 1.6 (extreme, 4h)",0.0031106293997219536,309.01444387435913,20.64452815055847,roc_auc,binary,0.007805205064624454,baseline,AutoGluon_16_extreme,tabarena-2026-08-05,,,False,
APSFailure,0,"AutoGluon 1.6 (noncommercial, 4h)",0.003086368662484573,404.89517283439636,36.41008520126343,roc_auc,binary,0.007741173114480637,baseline,AutoGluon_16_noncommercial,tabarena-2026-08-05,,,False,
APSFailure,0,TabFM+,0.004653945106797508,591.96648478508,947.9413361549377,roc_auc,binary,,baseline,TabFM+,tabarena-2026-07-07,,,False,
APSFailure,0,CAT (default),0.005607164362115613,51.54413414001465,0.0825810432434082,roc_auc,binary,0.010575058699611506,config,CatBoost,tabarena-2026-07-13,default,CAT,False,
APSFailure,0,CAT (tuned),0.006114231287154714,32367.139005184174,0.10024261474609375,roc_auc,binary,0.009331669263347275,hpo,CatBoost,tabarena-2026-07-13,tuned,CAT,False,
APSFailure,0,CAT (tuned + ensemble),0.006270480945030132,32367.139005184174,1.8318567276000977,roc_auc,binary,0.007871222926861376,hpo,CatBoost,tabarena-2026-07-13,tuned_ensemble,CAT,False,
APSFailure,0,CHIMERA (default),0.004879123285271625,34.690362215042114,1.1935827732086182,roc_auc,binary,0.011092756358210276,config,ChimeraBoost,tabarena-2026-08-10,default,CHIMERA,False,
APSFailure,0,CHIMERA (tuned),0.005400904303653364,8261.94100022316,1.157639741897583,roc_auc,binary,0.008976059335981224,hpo,ChimeraBoost,tabarena-2026-08-10,tuned,CHIMERA,False,
APSFailure,0,CHIMERA (tuned + ensemble),0.00468381121292738,8261.94100022316,7.4953954219818115,roc_auc,binary,0.007803581224901768,hpo,ChimeraBoost,tabarena-2026-08-10,tuned_ensemble,CHIMERA,False,
APSFailure,0,EBM (default),0.005985395386518655,108.14241600036621,2.257721424102783,roc_auc,binary,0.012048320203638219,config,ExplainableBM,tabarena-2026-07-13,default,EBM,False,
APSFailure,0,EBM (tuned),0.0060306762571025185,33553.31317615509,4.590808868408203,roc_auc,binary,0.010432062057009972,hpo,ExplainableBM,tabarena-2026-07-13,tuned,EBM,False,
APSFailure,0,EBM (tuned + ensemble),0.005632519897964761,33553.31317615509,17.283994436264038,roc_auc,binary,0.009229411248381614,hpo,ExplainableBM,tabarena-2026-07-13,tuned_ensemble,EBM,False,
APSFailure,0,XT (default),0.007667575349514566,15.392569780349731,0.9210636615753174,roc_auc,binary,0.01480508437383421,config,ExtraTrees,tabarena-2026-07-13,default,XT,False,
APSFailure,0,XT (tuned),0.009402086686154054,2983.9192564487457,0.3574554920196533,roc_auc,binary,0.011478582870685261,hpo,ExtraTrees,tabarena-2026-07-13,tuned,XT,False,
APSFailure,0,XT (tuned + ensemble),0.0065846005627264725,2983.9192564487457,2.839134693145752,roc_auc,binary,0.0077221368852998795,hpo,ExtraTrees,tabarena-2026-07-13,tuned_ensemble,XT,False,
APSFailure,0,KNN (default),0.034194151585815735,6.655020713806152,2.4838995933532715,roc_auc,binary,0.04524227030348238,config,KNeighbors,tabarena-2025-10-20,default,KNN,False,
APSFailure,0,KNN (tuned),0.013733635497750196,103065.38668823242,63.06721210479736,roc_auc,binary,0.01616955958833466,hpo,KNeighbors,tabarena-2025-10-20,tuned,KNN,False,
APSFailure,0,KNN (tuned + ensemble),0.007850362925739818,103065.38668823242,1325.9658017158508,roc_auc,binary,0.01069648460643835,hpo,KNeighbors,tabarena-2025-10-20,tuned_ensemble,KNN,False,
APSFailure,0,GBM (default),0.005362717728073951,21.91285490989685,0.7928750514984131,roc_auc,binary,0.011860196177393534,config,LightGBM,tabarena-2025-06-12,default,GBM,False,
APSFailure,0,GBM (tuned),0.0051286935768165565,17878.774407863617,2.0038809776306152,roc_auc,binary,0.009876127361699294,hpo,LightGBM,tabarena-2025-06-12,tuned,GBM,False,
APSFailure,0,GBM (tuned + ensemble),0.005173930655455905,17878.774407863617,7.161232948303223,roc_auc,binary,0.009146167518816806,hpo,LightGBM,tabarena-2025-06-12,tuned_ensemble,GBM,False,
APSFailure,0,LR (default),0.00941071369921509,13.418611764907837,5.393549680709839,roc_auc,binary,0.013453797371135057,config,LinearModel,tabarena-2025-10-20,default,LR,False,
APSFailure,0,LR (tuned),0.009296942227477234,2706.5600802898407,5.562503099441528,roc_auc,binary,0.012648658137850877,hpo,LinearModel,tabarena-2025-10-20,tuned,LR,False,
APSFailure,0,LR (tuned + ensemble),0.00866651339486102,2706.5600802898407,18.167437314987183,roc_auc,binary,0.010855039389085164,hpo,LinearModel,tabarena-2025-10-20,tuned_ensemble,LR,False,
APSFailure,0,FASTAI (default),0.008060345299482186,61.79023599624634,2.701612710952759,roc_auc,binary,0.019537534835750825,config,NeuralNetFastAI,tabarena-2025-06-12,default,FASTAI,False,
APSFailure,0,FASTAI (tuned),0.007994482214996546,17701.72635602951,1.958921194076538,roc_auc,binary,0.0118415768800334,hpo,NeuralNetFastAI,tabarena-2025-06-12,tuned,FASTAI,False,
APSFailure,0,FASTAI (tuned + ensemble),0.006303149735606084,17701.72635602951,45.62685561180115,roc_auc,binary,0.00756460248842461,hpo,NeuralNetFastAI,tabarena-2025-06-12,tuned_ensemble,FASTAI,False,
APSFailure,0,NN_TORCH (default),0.008322834214646191,56.22827076911926,5.6046223640441895,roc_auc,binary,0.011850255645037389,config,NeuralNetTorch,tabarena-2025-06-12,default,NN_TORCH,False,
APSFailure,0,NN_TORCH (tuned),0.008577922291194584,48741.33834171295,5.8751380443573,roc_auc,binary,0.008929790875776278,hpo,NeuralNetTorch,tabarena-2025-06-12,tuned,NN_TORCH,False,
APSFailure,0,NN_TORCH (tuned + ensemble),0.006203435478043806,48741.33834171295,92.13447785377502,roc_auc,binary,0.00624076715455002,hpo,NeuralNetTorch,tabarena-2025-06-12,tuned_ensemble,NN_TORCH,False,
APSFailure,0,RF (default),0.0067402809253237495,34.52660250663757,0.2189958095550537,roc_auc,binary,0.013151971648636351,config,RandomForest,tabarena-2025-06-12,default,RF,False,
APSFailure,0,RF (tuned),0.0067402809253237495,28644.487554073334,0.2189958095550537,roc_auc,binary,0.01315197164863624,hpo,RandomForest,tabarena-2025-06-12,tuned,RF,False,
APSFailure,0,RF (tuned + ensemble),0.0069226743740489205,28644.487554073334,2.2055745124816895,roc_auc,binary,0.010138037348313644,hpo,RandomForest,tabarena-2025-06-12,tuned_ensemble,RF,False,
APSFailure,0,XGB (default),0.005102155658466612,24.490861177444458,1.797311782836914,roc_auc,binary,0.01152749555638466,config,XGBoost,tabarena-2025-06-12,default,XGB,False,
APSFailure,0,XGB (tuned),0.00470312346043944,44540.20124793053,2.0161516666412354,roc_auc,binary,0.009845790085800221,hpo,XGBoost,tabarena-2025-06-12,tuned,XGB,False,
APSFailure,0,XGB (tuned + ensemble),0.00484772446108539,44540.20124793053,7.07721734046936,roc_auc,binary,0.009690033135107856,hpo,XGBoost,tabarena-2025-06-12,tuned_ensemble,XGB,False,
APSFailure,0,MITRA_GPU (default),0.0067402809253237495,34.52660250663757,0.2189958095550537,roc_auc,binary,0.013151971648636351,config,Mitra_GPU,tabarena-2025-09-03,default,MITRA_GPU,True,
APSFailure,0,MNCA_GPU (default),0.006000722567083727,3171.8369088172913,63.93809127807617,roc_auc,binary,0.010608106032345077,config,ModernNCA_GPU,tabarena-2025-06-12,default,MNCA_GPU,False,
APSFailure,0,MNCA_GPU (tuned),0.005959426763446851,411149.43504452705,50.110512495040894,roc_auc,binary,0.008431798731649565,hpo,ModernNCA_GPU,tabarena-2025-06-12,tuned,MNCA_GPU,False,
APSFailure,0,MNCA_GPU (tuned + ensemble),0.0041086916061789935,411149.43504452705,1018.7517042160034,roc_auc,binary,0.005475587544710447,hpo,ModernNCA_GPU,tabarena-2025-06-12,tuned_ensemble,MNCA_GPU,False,
APSFailure,0,REALMLP_GPU (default),0.007565759078617451,301.788583278656,7.461788892745972,roc_auc,binary,0.011165017225867269,config,RealMLP_GPU,tabarena-2025-09-03,default,REALMLP_GPU,False,
APSFailure,0,REALMLP_GPU (tuned),0.006934804742667611,239082.09291791916,3.7766430377960205,roc_auc,binary,0.007676098834785261,hpo,RealMLP_GPU,tabarena-2025-09-03,tuned,REALMLP_GPU,False,
APSFailure,0,REALMLP_GPU (tuned + ensemble),0.005193680822412672,239082.09291791916,77.22052836418152,roc_auc,binary,0.004447247152794542,hpo,RealMLP_GPU,tabarena-2025-09-03,tuned_ensemble,REALMLP_GPU,False,
APSFailure,0,TABDPT_GPU (default),0.00786774832769499,2049.9450669288635,974.4117946624756,roc_auc,binary,0.012256808057755975,config,TabDPT_GPU,tabarena-2025-10-20,default,TABDPT_GPU,False,
APSFailure,0,TABDPT_GPU (tuned),0.006968174204355138,231044.75735378265,953.3604123592377,roc_auc,binary,0.008571262425665416,hpo,TabDPT_GPU,tabarena-2025-10-20,tuned,TABDPT_GPU,False,
APSFailure,0,TABDPT_GPU (tuned + ensemble),0.005156326293778268,231044.75735378265,11773.069015264511,roc_auc,binary,0.006796295889930026,hpo,TabDPT_GPU,tabarena-2025-10-20,tuned_ensemble,TABDPT_GPU,False,
APSFailure,0,TABDPT_TURBO (default),0.006544487141590283,43.81497073173523,7.138322591781616,roc_auc,binary,0.011594270479032831,config,TabDPT-Turbo,tabarena-2026-07-13,default,TABDPT_TURBO,False,
APSFailure,0,TABICL_GPU (default),0.005063662539275926,822.2940905094147,138.86824822425842,roc_auc,binary,0.00956555704285611,config,TabICL_GPU,tabarena-2025-06-12,default,TABICL_GPU,False,
APSFailure,0,TA-TABM (default),0.005642241709637563,395.456374168396,5.345697402954102,roc_auc,binary,0.011198766759562107,config,TabM,tabarena-2026-06-26,default,TA-TABM,False,
APSFailure,0,TA-TABM (tuned),0.005552774767081603,139367.39979863167,5.785591125488281,roc_auc,binary,0.008456046608588785,hpo,TabM,tabarena-2026-06-26,tuned,TA-TABM,False,
APSFailure,0,TA-TABM (tuned + ensemble),0.005163595756560557,139367.39979863167,43.50562834739685,roc_auc,binary,0.007563417524302785,hpo,TabM,tabarena-2026-06-26,tuned_ensemble,TA-TABM,False,
APSFailure,0,TABPFNV2_GPU (default),0.0067402809253237495,34.52660250663757,0.2189958095550537,roc_auc,binary,0.013151971648636351,config,TabPFNv2_GPU,tabarena-2025-06-12,default,TABPFNV2_GPU,True,RandomForest_c1_BAG_L1
APSFailure,0,TABPFNV2_GPU (tuned),0.0067402809253237495,34.52660250663757,0.2189958095550537,roc_auc,binary,0.01315197164863624,hpo,TabPFNv2_GPU,tabarena-2025-06-12,tuned,TABPFNV2_GPU,True,RandomForest_c1_BAG_L1
APSFailure,0,TABPFNV2_GPU (tuned + ensemble),0.0067402809253237495,34.52660250663757,0.2189958095550537,roc_auc,binary,0.01315197164863624,hpo,TabPFNv2_GPU,tabarena-2025-06-12,tuned_ensemble,TABPFNV2_GPU,True,RandomForest_c1_BAG_L1
APSFailure,0,XRFM_GPU (default),0.009453673596741874,166.03558158874512,5.288973808288574,roc_auc,binary,0.016552862566105664,config,xRFM_GPU,tabarena-2025-09-03,default,XRFM_GPU,False,
APSFailure,0,XRFM_GPU (tuned),0.006526006941023232,43883.260741472244,6.407589912414551,roc_auc,binary,0.009505036097518182,hpo,xRFM_GPU,tabarena-2025-09-03,tuned,XRFM_GPU,False,
APSFailure,0,XRFM_GPU (tuned + ensemble),0.00481610667717669,43883.260741472244,88.09931206703186,roc_auc,binary,0.006593304952711154,hpo,xRFM_GPU,tabarena-2025-09-03,tuned_ensemble,XRFM_GPU,False,
APSFailure,0,BETA_GPU (default),0.0047947800002190455,3451.1117663383484,43.7570116519928,roc_auc,binary,0.011289998025059811,config,BetaTabPFN_GPU,tabarena-2025-09-03,default,BETA_GPU,False,
APSFailure,0,TABFLEX_GPU (default),0.011011309269659875,45.39307951927185,6.7634758949279785,roc_auc,binary,0.012665664567378276,config,TabFlex_GPU,tabarena-2025-09-03,default,TABFLEX_GPU,False,
APSFailure,0,REALTABPFN-V2.5 (default),0.004507723804206276,755.6735639572144,139.3978660106659,roc_auc,binary,0.010254141888481616,config,RealTabPFN-v2.5,tabarena-2025-11-12,default,REALTABPFN-V2.5,False,
APSFailure,0,REALTABPFN-V2.5 (tuned),0.005022804655083646,42653.42221617699,189.08586597442627,roc_auc,binary,0.009555067915999249,hpo,RealTabPFN-v2.5,tabarena-2025-11-12,tuned,REALTABPFN-V2.5,False,
APSFailure,0,REALTABPFN-V2.5 (tuned + ensemble),0.004147622644814497,42653.42221617699,665.4952716827393,roc_auc,binary,0.00884639353975114,hpo,RealTabPFN-v2.5,tabarena-2025-11-12,tuned_ensemble,REALTABPFN-V2.5,False,
APSFailure,0,SAP-RPT-OSS (default),0.006933885111833682,6196.792999505997,2895.4679157733917,roc_auc,binary,0.009568223212130578,config,SAP-RPT-OSS,tabarena-2025-11-25,default,SAP-RPT-OSS,False,
APSFailure,0,TABICLV2 (default),0.004658192925411475,107.18124842643738,12.321008443832397,roc_auc,binary,0.007717287309912058,config,TabICLv2,tabarena-2026-07-13,default,TABICLV2,False,
APSFailure,0,TABSTAR (default),0.012236432708203404,3337.2964923381805,410.10046768188477,roc_auc,binary,0.018203133571789154,config,TabSTAR,tabarena-2026-03-18,default,TABSTAR,False,
APSFailure,0,TABSTAR (tuned),0.010623400225528545,168546.9832930565,349.22948455810547,roc_auc,binary,0.015818810208246492,hpo,TabSTAR,tabarena-2026-03-18,tuned,TABSTAR,False,
APSFailure,0,TABSTAR (tuned + ensemble),0.010647223043321219,168546.9832930565,702.0066678524017,roc_auc,binary,0.015492188014307295,hpo,TabSTAR,tabarena-2026-03-18,tuned_ensemble,TABSTAR,False,
APSFailure,0,PB (default),0.5,566.9178087711334,0.24397516250610352,roc_auc,binary,0.42106225450396084,config,PerpetualBooster,tabarena-2026-03-18,default,PB,False,
APSFailure,0,PB (tuned),0.021029723782310272,6117.282646656036,7.607780933380127,roc_auc,binary,0.032766156108051225,hpo,PerpetualBooster,tabarena-2026-03-18,tuned,PB,False,
APSFailure,0,PB (tuned + ensemble),0.01995524463274978,6117.282646656036,10.746815204620361,roc_auc,binary,0.031964385245002336,hpo,PerpetualBooster,tabarena-2026-03-18,tuned_ensemble,PB,False,
APSFailure,0,TABPFN-V2.6 (default),0.004894319090003596,2725.2182936668396,141.14304733276367,roc_auc,binary,0.009957023106800467,config,TabPFN-v2.6,tabarena-2026-03-18,default,TABPFN-V2.6,False,
APSFailure,0,TA-LIMIX (default),0.00755157048860855,1705.927945613861,703.9348130226135,roc_auc,binary,0.008362664852647472,config,LimiX,tabarena-2026-05-13,default,TA-LIMIX,False,
APSFailure,0,TA-ORION-MSP (default),0.0068475711892797,1571.1404983997345,304.5420153141022,roc_auc,binary,0.010604178095718786,config,OrionMSP,tabarena-2026-05-13,default,TA-ORION-MSP,False,
APSFailure,0,TA-TABPFN-3 (default),0.0037601515201278746,109.76498222351074,15.59782338142395,roc_auc,binary,0.008430975839898047,config,TabPFN-3,tabarena-2026-07-13,default,TA-TABPFN-3,False,
APSFailure,0,TA-ILTM (default),0.007129854063345098,2605.5374767780304,157.85063076019287,roc_auc,binary,0.009217857848193067,config,iLTM,tabarena-2026-05-13,default,TA-ILTM,False,
APSFailure,0,TA-ILTM (tuned),0.007130510942512158,64756.15498614311,157.85063076019287,roc_auc,binary,0.00921791270764305,hpo,iLTM,tabarena-2026-05-13,tuned,TA-ILTM,False,
APSFailure,0,TA-ILTM (tuned + ensemble),0.006663732606387085,64756.15498614311,1239.4803879261017,roc_auc,binary,0.006188573873735503,hpo,iLTM,tabarena-2026-05-13,tuned_ensemble,TA-ILTM,False,
APSFailure,0,TA-NORI (default),0.0067402809253237495,34.52660250663757,0.2189958095550537,roc_auc,binary,0.013151971648636351,config,Nori,tabarena-2026-07-13,default,TA-NORI,True,
APSFailure,0,TA-NORI-30M (default),0.0067402809253237495,34.52660250663757,0.2189958095550537,roc_auc,binary,0.013151971648636351,config,Nori-30M,tabarena-2026-07-13,default,TA-NORI-30M,True,
APSFailure,0,TABFM (default),0.004741835539352479,4089.54598903656,870.0132668018341,roc_auc,binary,0.006738726383006766,config,TabFM,tabarena-2026-07-13,default,TABFM,False,
APSFailure,0,TA-TABSWIFT (default),0.004653244435686155,66.78313326835632,5.518634796142578,roc_auc,binary,0.010959129709683602,config,TabSwift,tabarena-2026-07-13,default,TA-TABSWIFT,False,
APSFailure,0,TA-EXAONE-TABULAR (default),0.0030315849399503714,590.8249614238739,116.98391628265381,roc_auc,binary,0.008747449035570898,config,EXAONE-Tabular,tabarena-2026-08-06,default,TA-EXAONE-TABULAR,False,
APSFailure,0,[Leakage] TabSTAR_base (default),0.013686909492998778,3272.395515203476,652.118166923523,roc_auc,binary,0.018944624871080284,config,[Leakage] TabSTAR_base,[Leakage] TabSTAR_base,default,[Leakage] TabSTAR_base,False,
APSFailure,0,[Leakage] TabSTAR_correct (default),0.017459760677023484,3229.081510782242,650.9253499507904,roc_auc,binary,0.023762535384345362,config,[Leakage] TabSTAR_correct,[Leakage] TabSTAR_correct,default,[Leakage] TabSTAR_correct,False,
APSFailure,0,[Leakage] TabSTAR_wrong (default),0.016831696609408753,3212.215264558792,648.2106523513794,roc_auc,binary,0.018320280441508796,config,[Leakage] TabSTAR_wrong,[Leakage] TabSTAR_wrong,default,[Leakage] TabSTAR_wrong,False,
Amazon_employee_access,0,"AutoGluon 1.4 (best, 4h)",0.12180423105355664,12184.700336694717,5.049278736114502,roc_auc,binary,0.10910147180916119,baseline,AutoGluon_v140_bq_4h8c,tabarena-2025-11-01,,,False,
Amazon_employee_access,0,"AutoGluon 1.5 (extreme, 4h)",0.12067967709280181,6548.468987703323,50.939617395401,roc_auc,binary,0.11315317689115378,baseline,AutoGluon_v150_eq_4h8c,tabarena-2025-12-18,,,False,
Amazon_employee_access,0,"AutoGluon 1.6 (extreme, 4h)",0.11445680691866689,40.03829574584961,4.361401557922363,roc_auc,binary,0.11748485162165567,baseline,AutoGluon_16_extreme,tabarena-2026-08-05,,,False,
Amazon_employee_access,0,"AutoGluon 1.6 (noncommercial, 4h)",0.11445680691866689,56.018393754959106,4.358712673187256,roc_auc,binary,0.11748485162165567,baseline,AutoGluon_16_noncommercial,tabarena-2026-08-05,,,False,
Amazon_employee_access,0,TabFM+,0.1451501803837445,69.81805753707886,106.01919865608215,roc_auc,binary,,baseline,TabFM+,tabarena-2026-07-07,,,False,
Amazon_employee_access,0,CAT (default),0.1291477344711921,32.54540729522705,0.23085880279541016,roc_auc,binary,0.11842840964065049,config,CatBoost,tabarena-2026-07-13,default,CAT,False,
Amazon_employee_access,0,CAT (tuned),0.12620727340714322,12792.16151046753,0.26949143409729004,roc_auc,binary,0.1145638375162018,hpo,CatBoost,tabarena-2026-07-13,tuned,CAT,False,
Amazon_employee_access,0,CAT (tuned + ensemble),0.12618321096595397,12792.16151046753,2.067131280899048,roc_auc,binary,0.1120663500027751,hpo,CatBoost,tabarena-2026-07-13,tuned_ensemble,CAT,False,
Amazon_employee_access,0,CHIMERA (default),0.1269947994376308,14.98009705543518,0.8916471004486084,roc_auc,binary,0.12648255912769613,config,ChimeraBoost,tabarena-2026-08-10,default,CHIMERA,False,
Amazon_employee_access,0,CHIMERA (tuned),0.12724149711742716,2455.57878613472,0.8976421356201172,roc_auc,binary,0.12145364896783994,hpo,ChimeraBoost,tabarena-2026-08-10,tuned,CHIMERA,False,
Amazon_employee_access,0,CHIMERA (tuned + ensemble),0.12662794330550597,2455.57878613472,14.563671350479126,roc_auc,binary,0.11571636451210898,hpo,ChimeraBoost,tabarena-2026-08-10,tuned_ensemble,CHIMERA,False,
Amazon_employee_access,0,EBM (default),0.16325851272280434,2886.332097053528,0.06078815460205078,roc_auc,binary,0.16445714445938375,config,ExplainableBM,tabarena-2026-07-13,default,EBM,False,
Amazon_employee_access,0,EBM (tuned),0.1634600837157698,485715.3892259598,0.0690767765045166,roc_auc,binary,0.1565932007206463,hpo,ExplainableBM,tabarena-2026-07-13,tuned,EBM,False,
Amazon_employee_access,0,EBM (tuned + ensemble),0.15814666619105544,485715.3892259598,0.8825910091400146,roc_auc,binary,0.149919617714101,hpo,ExplainableBM,tabarena-2026-07-13,tuned_ensemble,EBM,False,
Amazon_employee_access,0,XT (default),0.1627927930144195,8.002357482910156,0.7469818592071533,roc_auc,binary,0.17318444637816877,config,ExtraTrees,tabarena-2026-07-13,default,XT,False,
Amazon_employee_access,0,XT (tuned),0.1540891850935252,1274.957716703415,0.21790003776550293,roc_auc,binary,0.16030478627491918,hpo,ExtraTrees,tabarena-2026-07-13,tuned,XT,False,
Amazon_employee_access,0,XT (tuned + ensemble),0.1545692807651764,1274.957716703415,3.0296711921691895,roc_auc,binary,0.15414445535071775,hpo,ExtraTrees,tabarena-2026-07-13,tuned_ensemble,XT,False,
Amazon_employee_access,0,KNN (default),0.24675326172924839,2.0870416164398193,0.7401599884033203,roc_auc,binary,0.2487082659800004,config,KNeighbors,tabarena-2025-10-20,default,KNN,False,
Amazon_employee_access,0,KNN (tuned),0.18819350569318893,11233.484966754913,27.52039861679077,roc_auc,binary,0.17646309491869872,hpo,KNeighbors,tabarena-2025-10-20,tuned,KNN,False,
Amazon_employee_access,0,KNN (tuned + ensemble),0.1496480118427187,11233.484966754913,3593.9265735149384,roc_auc,binary,0.13767251079461795,hpo,KNeighbors,tabarena-2025-10-20,tuned_ensemble,KNN,False,
Amazon_employee_access,0,GBM (default),0.16340304112355775,7.384580373764038,0.803459882736206,roc_auc,binary,0.16367746221283563,config,LightGBM,tabarena-2025-06-12,default,GBM,False,
Amazon_employee_access,0,GBM (tuned),0.15562664439494256,1855.8313999176025,0.7574217319488525,roc_auc,binary,0.14828756251448771,hpo,LightGBM,tabarena-2025-06-12,tuned,GBM,False,
Amazon_employee_access,0,GBM (tuned + ensemble),0.15135844396418652,1855.8313999176025,33.85456681251526,roc_auc,binary,0.1364312953752771,hpo,LightGBM,tabarena-2025-06-12,tuned_ensemble,GBM,False,
Amazon_employee_access,0,LR (default),0.15891904749018737,8.315602779388428,0.16591835021972656,roc_auc,binary,0.1503799985903571,config,LinearModel,tabarena-2025-10-20,default,LR,False,
Amazon_employee_access,0,LR (tuned),0.15583175172111796,936.3028342723846,0.17452621459960938,roc_auc,binary,0.14868185918436994,hpo,LinearModel,tabarena-2025-10-20,tuned,LR,False,
Amazon_employee_access,0,LR (tuned + ensemble),0.15448310186238678,936.3028342723846,1.3490674495697021,roc_auc,binary,0.14735291558870922,hpo,LinearModel,tabarena-2025-10-20,tuned_ensemble,LR,False,
Amazon_employee_access,0,FASTAI (default),0.16017367701162022,59.67642617225647,1.2495763301849365,roc_auc,binary,0.2217017960269967,config,NeuralNetFastAI,tabarena-2025-06-12,default,FASTAI,False,
Amazon_employee_access,0,FASTAI (tuned),0.1568041664770372,12403.872760772705,0.9067482948303223,roc_auc,binary,0.15780695307253145,hpo,NeuralNetFastAI,tabarena-2025-06-12,tuned,FASTAI,False,
Amazon_employee_access,0,FASTAI (tuned + ensemble),0.14003133806238466,12403.872760772705,37.39966082572937,roc_auc,binary,0.12578520846868813,hpo,NeuralNetFastAI,tabarena-2025-06-12,tuned_ensemble,FASTAI,False,
Amazon_employee_access,0,NN_TORCH (default),0.16553391251296146,60.36688470840454,0.4264061450958252,roc_auc,binary,0.18358177166744793,config,NeuralNetTorch,tabarena-2025-06-12,default,NN_TORCH,False,
Amazon_employee_access,0,NN_TORCH (tuned),0.15850322083078616,39393.39175415039,3.2536065578460693,roc_auc,binary,0.1719235650979366,hpo,NeuralNetTorch,tabarena-2025-06-12,tuned,NN_TORCH,False,
Amazon_employee_access,0,NN_TORCH (tuned + ensemble),0.14954945577369438,39393.39175415039,29.953652143478394,roc_auc,binary,0.14571988093703991,hpo,NeuralNetTorch,tabarena-2025-06-12,tuned_ensemble,NN_TORCH,False,
Amazon_employee_access,0,RF (default),0.1584598623105602,1.9469411373138428,0.1266164779663086,roc_auc,binary,0.163255856115036,config,RandomForest,tabarena-2025-06-12,default,RF,False,
Amazon_employee_access,0,RF (tuned),0.1584598623105602,959.7671551704407,0.1266164779663086,roc_auc,binary,0.163255856115036,hpo,RandomForest,tabarena-2025-06-12,tuned,RF,False,
Amazon_employee_access,0,RF (tuned + ensemble),0.15185053241802782,959.7671551704407,2.2259676456451416,roc_auc,binary,0.1495298726155384,hpo,RandomForest,tabarena-2025-06-12,tuned_ensemble,RF,False,
Amazon_employee_access,0,XGB (default),0.1657895279025915,97.58386278152466,1.131519079208374,roc_auc,binary,0.1714399462415256,config,XGBoost,tabarena-2025-06-12,default,XGB,False,
Amazon_employee_access,0,XGB (tuned),0.14872602827344528,14511.950913667679,1.78230881690979,roc_auc,binary,0.13551485473477687,hpo,XGBoost,tabarena-2025-06-12,tuned,XGB,False,
Amazon_employee_access,0,XGB (tuned + ensemble),0.14499765679486443,14511.950913667679,19.659715175628662,roc_auc,binary,0.13014851373911973,hpo,XGBoost,tabarena-2025-06-12,tuned_ensemble,XGB,False,
Amazon_employee_access,0,MITRA_GPU (default),0.1584598623105602,1.9469411373138428,0.1266164779663086,roc_auc,binary,0.163255856115036,config,Mitra_GPU,tabarena-2025-09-03,default,MITRA_GPU,True,
Amazon_employee_access,0,MNCA_GPU (default),0.15962838980601224,216.84325695037842,23.203601598739624,roc_auc,binary,0.1630762514948647,config,ModernNCA_GPU,tabarena-2025-06-12,default,MNCA_GPU,False,
Amazon_employee_access,0,MNCA_GPU (tuned),0.1379126900855977,65878.71771430969,25.40571141242981,roc_auc,binary,0.1451851001144039,hpo,ModernNCA_GPU,tabarena-2025-06-12,tuned,MNCA_GPU,False,
Amazon_employee_access,0,MNCA_GPU (tuned + ensemble),0.12977781679702927,65878.71771430969,693.9752151966095,roc_auc,binary,0.12440781080366348,hpo,ModernNCA_GPU,tabarena-2025-06-12,tuned_ensemble,MNCA_GPU,False,
Amazon_employee_access,0,REALMLP_GPU (default),0.15572389355821548,177.50784420967102,3.7532503604888916,roc_auc,binary,0.19866066653056758,config,RealMLP_GPU,tabarena-2025-09-03,default,REALMLP_GPU,False,
Amazon_employee_access,0,REALMLP_GPU (tuned),0.13402994997472295,33947.74428939819,0.8578579425811768,roc_auc,binary,0.14030149454781293,hpo,RealMLP_GPU,tabarena-2025-09-03,tuned,REALMLP_GPU,False,
Amazon_employee_access,0,REALMLP_GPU (tuned + ensemble),0.1298781410326585,33947.74428939819,27.119624614715576,roc_auc,binary,0.11661947692266916,hpo,RealMLP_GPU,tabarena-2025-09-03,tuned_ensemble,REALMLP_GPU,False,
Amazon_employee_access,0,TABDPT_GPU (default),0.15656538710855872,949.4446184635162,427.4322466850281,roc_auc,binary,0.15290266378310868,config,TabDPT_GPU,tabarena-2025-10-20,default,TABDPT_GPU,False,
Amazon_employee_access,0,TABDPT_GPU (tuned),0.15656538710855872,108682.93231081963,427.4322466850281,roc_auc,binary,0.15290266378310857,hpo,TabDPT_GPU,tabarena-2025-10-20,tuned,TABDPT_GPU,False,
Amazon_employee_access,0,TABDPT_GPU (tuned + ensemble),0.14914708255585252,108682.93231081963,4262.731449127197,roc_auc,binary,0.14812122850942955,hpo,TabDPT_GPU,tabarena-2025-10-20,tuned_ensemble,TABDPT_GPU,False,
Amazon_employee_access,0,TABDPT_TURBO (default),0.1567269052840814,15.217767238616943,1.4578161239624023,roc_auc,binary,0.15846076612739823,config,TabDPT-Turbo,tabarena-2026-07-13,default,TABDPT_TURBO,False,
Amazon_employee_access,0,TABICL_GPU (default),0.14840668200922758,269.1712281703949,59.215744972229004,roc_auc,binary,0.15157731151165366,config,TabICL_GPU,tabarena-2025-06-12,default,TABICL_GPU,False,
Amazon_employee_access,0,TA-TABM (default),0.1619918904191816,191.62856817245483,1.095522165298462,roc_auc,binary,0.1890887504553973,config,TabM,tabarena-2026-06-26,default,TA-TABM,False,
Amazon_employee_access,0,TA-TABM (tuned),0.15821193460182115,33282.68920135498,0.7052648067474365,roc_auc,binary,0.1648064247445694,hpo,TabM,tabarena-2026-06-26,tuned,TA-TABM,False,
Amazon_employee_access,0,TA-TABM (tuned + ensemble),0.15091371162463452,33282.68920135498,18.801002025604248,roc_auc,binary,0.1526078295092772,hpo,TabM,tabarena-2026-06-26,tuned_ensemble,TA-TABM,False,
Amazon_employee_access,0,TABPFNV2_GPU (default),0.1584598623105602,1.9469411373138428,0.1266164779663086,roc_auc,binary,0.163255856115036,config,TabPFNv2_GPU,tabarena-2025-06-12,default,TABPFNV2_GPU,True,RandomForest_c1_BAG_L1
Amazon_employee_access,0,TABPFNV2_GPU (tuned),0.1584598623105602,1.9469411373138428,0.1266164779663086,roc_auc,binary,0.163255856115036,hpo,TabPFNv2_GPU,tabarena-2025-06-12,tuned,TABPFNV2_GPU,True,RandomForest_c1_BAG_L1
Amazon_employee_access,0,TABPFNV2_GPU (tuned + ensemble),0.1584598623105602,1.9469411373138428,0.1266164779663086,roc_auc,binary,0.163255856115036,hpo,TabPFNv2_GPU,tabarena-2025-06-12,tuned_ensemble,TABPFNV2_GPU,True,RandomForest_c1_BAG_L1
Amazon_employee_access,0,XRFM_GPU (default),0.14746324981026804,83.63057827949524,12.049187183380127,roc_auc,binary,0.14839294003275982,config,xRFM_GPU,tabarena-2025-09-03,default,XRFM_GPU,False,
Amazon_employee_access,0,XRFM_GPU (tuned),0.1416208429634349,58817.59767603874,12.342406034469604,roc_auc,binary,0.13487500367294525,hpo,xRFM_GPU,tabarena-2025-09-03,tuned,XRFM_GPU,False,
Amazon_employee_access,0,XRFM_GPU (tuned + ensemble),0.13467525390872448,58817.59767603874,235.458354473114,roc_auc,binary,0.12280337231104399,hpo,xRFM_GPU,tabarena-2025-09-03,tuned_ensemble,XRFM_GPU,False,
Amazon_employee_access,0,BETA_GPU (default),0.16279717499252766,2425.2881214618683,22.90065288543701,roc_auc,binary,0.17060163130620687,config,BetaTabPFN_GPU,tabarena-2025-09-03,default,BETA_GPU,False,
Amazon_employee_access,0,TABFLEX_GPU (default),0.3653441959239301,6.006274223327637,0.376849889755249,roc_auc,binary,0.36517953836312045,config,TabFlex_GPU,tabarena-2025-09-03,default,TABFLEX_GPU,False,
Amazon_employee_access,0,REALTABPFN-V2.5 (default),0.16063001774931773,26.814018487930298,4.049386501312256,roc_auc,binary,0.16036906521671912,config,RealTabPFN-v2.5,tabarena-2025-11-12,default,REALTABPFN-V2.5,False,
Amazon_employee_access,0,REALTABPFN-V2.5 (tuned),0.15447695171767395,15730.28430223465,6.09505295753479,roc_auc,binary,0.15570710388894315,hpo,RealTabPFN-v2.5,tabarena-2025-11-12,tuned,REALTABPFN-V2.5,False,
Amazon_employee_access,0,REALTABPFN-V2.5 (tuned + ensemble),0.15383526099369116,15730.28430223465,63.469823598861694,roc_auc,binary,0.15439060509587776,hpo,RealTabPFN-v2.5,tabarena-2025-11-12,tuned_ensemble,REALTABPFN-V2.5,False,
Amazon_employee_access,0,SAP-RPT-OSS (default),0.14688413680873902,220.0546691417694,93.94259214401245,roc_auc,binary,0.14546800811908145,config,SAP-RPT-OSS,tabarena-2025-11-25,default,SAP-RPT-OSS,False,
Amazon_employee_access,0,TABICLV2 (default),0.1495392311581092,9.812087297439575,0.9589128494262695,roc_auc,binary,0.15228687651394957,config,TabICLv2,tabarena-2026-07-13,default,TABICLV2,False,
Amazon_employee_access,0,TABSTAR (default),0.3511189880797895,3434.6214566230774,15.760044813156128,roc_auc,binary,0.35261470487861224,config,TabSTAR,tabarena-2026-03-18,default,TABSTAR,False,
Amazon_employee_access,0,TABSTAR (tuned),0.28472702275184536,237601.5785086155,15.553672790527344,roc_auc,binary,0.28860532364840896,hpo,TabSTAR,tabarena-2026-03-18,tuned,TABSTAR,False,
Amazon_employee_access,0,TABSTAR (tuned + ensemble),0.28472702275184536,237601.5785086155,15.553672790527344,roc_auc,binary,0.28860532364840896,hpo,TabSTAR,tabarena-2026-03-18,tuned_ensemble,TABSTAR,False,
Amazon_employee_access,0,PB (default),0.1947938409990786,22.14551067352295,0.3647804260253906,roc_auc,binary,0.19117621245121696,config,PerpetualBooster,tabarena-2026-03-18,default,PB,False,
Amazon_employee_access,0,PB (tuned),0.194835200722273,218.8412425518036,0.3647804260253906,roc_auc,binary,0.19116755102225025,hpo,PerpetualBooster,tabarena-2026-03-18,tuned,PB,False,
Amazon_employee_access,0,PB (tuned + ensemble),0.19176397220626606,218.8412425518036,4.407005548477173,roc_auc,binary,0.1899809544587442,hpo,PerpetualBooster,tabarena-2026-03-18,tuned_ensemble,PB,False,
Amazon_employee_access,0,TABPFN-V2.6 (default),0.14804612977543363,25.08793568611145,2.622377872467041,roc_auc,binary,0.1566477811665965,config,TabPFN-v2.6,tabarena-2026-03-18,default,TABPFN-V2.6,False,
Amazon_employee_access,0,TA-LIMIX (default),0.14141496686917043,91.33078360557556,17.065601348876953,roc_auc,binary,0.14194658990323206,config,LimiX,tabarena-2026-05-13,default,TA-LIMIX,False,
Amazon_employee_access,0,TA-ORION-MSP (default),0.21946153330487872,158.52199459075928,28.694066762924194,roc_auc,binary,0.22827891260848632,config,OrionMSP,tabarena-2026-05-13,default,TA-ORION-MSP,False,
Amazon_employee_access,0,TA-TABPFN-3 (default),0.15544114065503956,22.114418268203735,1.775740623474121,roc_auc,binary,0.15392957125158413,config,TabPFN-3,tabarena-2026-07-13,default,TA-TABPFN-3,False,
Amazon_employee_access,0,TA-ILTM (default),0.21325580665913058,2703.3863372802734,87.34325385093689,roc_auc,binary,0.20745731749591367,config,iLTM,tabarena-2026-05-13,default,TA-ILTM,False,
Amazon_employee_access,0,TA-ILTM (tuned),0.12904441204001527,64520.0368347168,57.14666700363159,roc_auc,binary,0.14200885232609306,hpo,iLTM,tabarena-2026-05-13,tuned,TA-ILTM,False,
Amazon_employee_access,0,TA-ILTM (tuned + ensemble),0.1334622147409128,64520.0368347168,2852.02943110466,roc_auc,binary,0.12404431886119305,hpo,iLTM,tabarena-2026-05-13,tuned_ensemble,TA-ILTM,False,
Amazon_employee_access,0,TA-NORI (default),0.1584598623105602,1.9469411373138428,0.1266164779663086,roc_auc,binary,0.163255856115036,config,Nori,tabarena-2026-07-13,default,TA-NORI,True,
Amazon_employee_access,0,TA-NORI-30M (default),0.1584598623105602,1.9469411373138428,0.1266164779663086,roc_auc,binary,0.163255856115036,config,Nori-30M,tabarena-2026-07-13,default,TA-NORI-30M,True,
Amazon_employee_access,0,TABFM (default),0.1500543826546239,462.6726539134979,100.36922454833984,roc_auc,binary,0.14553180693732437,config,TabFM,tabarena-2026-07-13,default,TABFM,False,
Amazon_employee_access,0,TA-TABSWIFT (default),0.16144383564845288,8.399078369140625,1.0699493885040283,roc_auc,binary,0.1700458018668356,config,TabSwift,tabarena-2026-07-13,default,TA-TABSWIFT,False,
Amazon_employee_access,0,TA-EXAONE-TABULAR (default),0.1318817813033143,25.411169052124023,3.0403122901916504,roc_auc,binary,0.1322738670860515,config,EXAONE-Tabular,tabarena-2026-08-06,default,TA-EXAONE-TABULAR,False,
Amazon_employee_access,0,[Leakage] TabSTAR_base (default),0.3140679025177462,2322.1172182559967,27.737529516220093,roc_auc,binary,0.3223808635809574,config,[Leakage] TabSTAR_base,[Leakage] TabSTAR_base,default,[Leakage] TabSTAR_base,False,
Amazon_employee_access,0,[Leakage] TabSTAR_correct (default),0.3017595410270003,2361.981115579605,27.695637226104736,roc_auc,binary,0.31652654420699233,config,[Leakage] TabSTAR_correct,[Leakage] TabSTAR_correct,default,[Leakage] TabSTAR_correct,False,
Amazon_employee_access,0,[Leakage] TabSTAR_wrong (default),0.31419897747694003,2131.3423657417297,27.814661741256714,roc_auc,binary,0.3210446989270007,config,[Leakage] TabSTAR_wrong,[Leakage] TabSTAR_wrong,default,[Leakage] TabSTAR_wrong,False,
Another-Dataset-on-used-Fiat-500,0,"AutoGluon 1.4 (best, 4h)",685.6499990658234,6165.073967456818,2.587834358215332,rmse,regression,691.6547886147345,baseline,AutoGluon_v140_bq_4h8c,tabarena-2025-11-01,,,False,
Another-Dataset-on-used-Fiat-500,0,"AutoGluon 1.5 (extreme, 4h)",685.5096719921012,315.9510426521301,3.5951781272888184,rmse,regression,733.3378767439098,baseline,AutoGluon_v150_eq_4h8c,tabarena-2025-12-18,,,False,
Another-Dataset-on-used-Fiat-500,0,"AutoGluon 1.6 (extreme, 4h)",680.2037148108794,17.151036500930786,1.2267208099365234,rmse,regression,729.6801149483127,baseline,AutoGluon_16_extreme,tabarena-2026-08-05,,,False,
Another-Dataset-on-used-Fiat-500,0,"AutoGluon 1.6 (noncommercial, 4h)",677.7449483437897,23.22721838951111,0.2860860824584961,rmse,regression,726.7086546446989,baseline,AutoGluon_16_noncommercial,tabarena-2026-08-05,,,False,
Another-Dataset-on-used-Fiat-500,0,TabFM+,668.7470735342267,31.42345929145813,2.0956456661224365,rmse,regression,,baseline,TabFM+,tabarena-2026-07-07,,,False,
Another-Dataset-on-used-Fiat-500,0,CAT (default),699.3106359266869,10.839739799499512,0.025943756103515625,rmse,regression,741.1022740772147,config,CatBoost,tabarena-2026-07-13,default,CAT,False,
Another-Dataset-on-used-Fiat-500,0,CAT (tuned),702.6606400753269,3136.3650119304657,0.03353595733642578,rmse,regression,735.0414788996783,hpo,CatBoost,tabarena-2026-07-13,tuned,CAT,False,
Another-Dataset-on-used-Fiat-500,0,CAT (tuned + ensemble),699.1947795201756,3136.3650119304657,0.30404186248779297,rmse,regression,724.5037982141932,hpo,CatBoost,tabarena-2026-07-13,tuned_ensemble,CAT,False,
Another-Dataset-on-used-Fiat-500,0,CHIMERA (default),704.6707817192033,9.528881072998047,0.01611948013305664,rmse,regression,758.5211410818816,config,ChimeraBoost,tabarena-2026-08-10,default,CHIMERA,False,
Another-Dataset-on-used-Fiat-500,0,CHIMERA (tuned),709.0861607764657,2105.04825258255,0.014089584350585938,rmse,regression,737.8515416197272,hpo,ChimeraBoost,tabarena-2026-08-10,tuned,CHIMERA,False,
Another-Dataset-on-used-Fiat-500,0,CHIMERA (tuned + ensemble),704.6392474643742,2105.04825258255,0.1643831729888916,rmse,regression,720.5854144447165,hpo,ChimeraBoost,tabarena-2026-08-10,tuned_ensemble,CHIMERA,False,
Another-Dataset-on-used-Fiat-500,0,EBM (default),716.5004526026838,7.914643287658691,0.007042884826660156,rmse,regression,751.0163997223517,config,ExplainableBM,tabarena-2026-07-13,default,EBM,False,
Another-Dataset-on-used-Fiat-500,0,EBM (tuned),720.7888856414239,2057.386596918106,0.006395816802978516,rmse,regression,735.3127263212989,hpo,ExplainableBM,tabarena-2026-07-13,tuned,EBM,False,
Another-Dataset-on-used-Fiat-500,0,EBM (tuned + ensemble),711.9699474229434,2057.386596918106,0.059000492095947266,rmse,regression,720.2633768182367,hpo,ExplainableBM,tabarena-2026-07-13,tuned_ensemble,EBM,False,
Another-Dataset-on-used-Fiat-500,0,XT (default),699.7068726825967,6.246508359909058,0.5220308303833008,rmse,regression,759.7756760377297,config,ExtraTrees,tabarena-2026-07-13,default,XT,False,
Another-Dataset-on-used-Fiat-500,0,XT (tuned),700.5801128778858,1094.229338169098,0.17291665077209473,rmse,regression,746.9332607746971,hpo,ExtraTrees,tabarena-2026-07-13,tuned,XT,False,
Another-Dataset-on-used-Fiat-500,0,XT (tuned + ensemble),698.4580020458512,1094.229338169098,0.9872334003448486,rmse,regression,744.6409454848061,hpo,ExtraTrees,tabarena-2026-07-13,tuned_ensemble,XT,False,
Another-Dataset-on-used-Fiat-500,0,KNN (default),779.6254212236342,0.4096229076385498,0.018808841705322266,rmse,regression,848.6504647294489,config,KNeighbors,tabarena-2025-10-20,default,KNN,False,
Another-Dataset-on-used-Fiat-500,0,KNN (tuned),748.8332724043795,85.47852373123169,0.016537189483642578,rmse,regression,820.6593374034326,hpo,KNeighbors,tabarena-2025-10-20,tuned,KNN,False,
Another-Dataset-on-used-Fiat-500,0,KNN (tuned + ensemble),742.5808702589322,85.47852373123169,0.1946849822998047,rmse,regression,790.4081404461757,hpo,KNeighbors,tabarena-2025-10-20,tuned_ensemble,KNN,False,
Another-Dataset-on-used-Fiat-500,0,GBM (default),727.096139944832,3.9934639930725098,0.044051170349121094,rmse,regression,753.9522846183239,config,LightGBM,tabarena-2025-06-12,default,GBM,False,
Another-Dataset-on-used-Fiat-500,0,GBM (tuned),709.295159892907,976.5174241065979,0.11801981925964355,rmse,regression,732.9687240838588,hpo,LightGBM,tabarena-2025-06-12,tuned,GBM,False,
Another-Dataset-on-used-Fiat-500,0,GBM (tuned + ensemble),694.7767230208133,976.5174241065979,1.9388444423675537,rmse,regression,721.3827178309504,hpo,LightGBM,tabarena-2025-06-12,tuned_ensemble,GBM,False,
Another-Dataset-on-used-Fiat-500,0,LR (default),773.1329009383466,3.7122037410736084,0.07108283042907715,rmse,regression,811.5818703824589,config,LinearModel,tabarena-2025-10-20,default,LR,False,
Another-Dataset-on-used-Fiat-500,0,LR (tuned),728.5160420265911,751.5498361587524,0.030185461044311523,rmse,regression,780.6160670419453,hpo,LinearModel,tabarena-2025-10-20,tuned,LR,False,
Another-Dataset-on-used-Fiat-500,0,LR (tuned + ensemble),728.5160420265911,751.5498361587524,0.030185461044311523,rmse,regression,780.6160670419453,hpo,LinearModel,tabarena-2025-10-20,tuned_ensemble,LR,False,
Another-Dataset-on-used-Fiat-500,0,FASTAI (default),722.8558676971646,6.832155704498291,0.4053375720977783,rmse,regression,773.8414506895392,config,NeuralNetFastAI,tabarena-2025-06-12,default,FASTAI,False,
Another-Dataset-on-used-Fiat-500,0,FASTAI (tuned),723.5120868617647,2193.8776445388794,0.15947961807250977,rmse,regression,766.5992181736817,hpo,NeuralNetFastAI,tabarena-2025-06-12,tuned,FASTAI,False,
Another-Dataset-on-used-Fiat-500,0,FASTAI (tuned + ensemble),715.9773149444072,2193.8776445388794,6.275083303451538,rmse,regression,747.5028369893962,hpo,NeuralNetFastAI,tabarena-2025-06-12,tuned_ensemble,FASTAI,False,
Another-Dataset-on-used-Fiat-500,0,NN_TORCH (default),742.7674922065685,15.828034162521362,0.06643533706665039,rmse,regression,785.4551106296499,config,NeuralNetTorch,tabarena-2025-06-12,default,NN_TORCH,False,
Another-Dataset-on-used-Fiat-500,0,NN_TORCH (tuned),728.5593504604925,3717.6608102321625,0.06095480918884277,rmse,regression,763.1984012633088,hpo,NeuralNetTorch,tabarena-2025-06-12,tuned,NN_TORCH,False,
Another-Dataset-on-used-Fiat-500,0,NN_TORCH (tuned + ensemble),724.9737034682473,3717.6608102321625,1.3678297996520996,rmse,regression,742.6165044388807,hpo,NeuralNetTorch,tabarena-2025-06-12,tuned_ensemble,NN_TORCH,False,
Another-Dataset-on-used-Fiat-500,0,RF (default),727.2392705679738,0.49889492988586426,0.060329437255859375,rmse,regression,764.3137369787336,config,RandomForest,tabarena-2025-06-12,default,RF,False,
Another-Dataset-on-used-Fiat-500,0,RF (tuned),702.9432002467729,630.387446641922,0.11566352844238281,rmse,regression,743.0084955423446,hpo,RandomForest,tabarena-2025-06-12,tuned,RF,False,
Another-Dataset-on-used-Fiat-500,0,RF (tuned + ensemble),701.2809651242155,630.387446641922,0.7462565898895264,rmse,regression,739.2447609599865,hpo,RandomForest,tabarena-2025-06-12,tuned_ensemble,RF,False,
Another-Dataset-on-used-Fiat-500,0,XGB (default),728.5363008858637,3.6051337718963623,0.25308847427368164,rmse,regression,771.6193078345294,config,XGBoost,tabarena-2025-06-12,default,XGB,False,
Another-Dataset-on-used-Fiat-500,0,XGB (tuned),704.7691264657134,934.9103429317474,0.1600790023803711,rmse,regression,744.7493619799768,hpo,XGBoost,tabarena-2025-06-12,tuned,XGB,False,
Another-Dataset-on-used-Fiat-500,0,XGB (tuned + ensemble),703.2874734302538,934.9103429317474,1.2174780368804932,rmse,regression,731.5832919890441,hpo,XGBoost,tabarena-2025-06-12,tuned_ensemble,XGB,False,
Another-Dataset-on-used-Fiat-500,0,MITRA_GPU (default),702.6015919021072,72.8113124370575,0.8141472339630127,rmse,regression,746.6165511614943,config,Mitra_GPU,tabarena-2025-09-03,default,MITRA_GPU,False,
Another-Dataset-on-used-Fiat-500,0,MNCA_GPU (default),706.8392838285378,27.96918511390686,0.17882061004638672,rmse,regression,763.1179893571431,config,ModernNCA_GPU,tabarena-2025-06-12,default,MNCA_GPU,False,
Another-Dataset-on-used-Fiat-500,0,MNCA_GPU (tuned),709.5030433305722,9604.35722541809,0.35201525688171387,rmse,regression,737.2673443405816,hpo,ModernNCA_GPU,tabarena-2025-06-12,tuned,MNCA_GPU,False,
Another-Dataset-on-used-Fiat-500,0,MNCA_GPU (tuned + ensemble),688.4482178200285,9604.35722541809,4.4734203815460205,rmse,regression,673.2438151437227,hpo,ModernNCA_GPU,tabarena-2025-06-12,tuned_ensemble,MNCA_GPU,False,
Another-Dataset-on-used-Fiat-500,0,REALMLP_GPU (default),711.3060085065583,23.558849811553955,3.9089584350585938,rmse,regression,757.7862372987148,config,RealMLP_GPU,tabarena-2025-09-03,default,REALMLP_GPU,False,
Another-Dataset-on-used-Fiat-500,0,REALMLP_GPU (tuned),702.3571227465733,4352.616802930832,0.3613748550415039,rmse,regression,724.7096009891534,hpo,RealMLP_GPU,tabarena-2025-09-03,tuned,REALMLP_GPU,False,
Another-Dataset-on-used-Fiat-500,0,REALMLP_GPU (tuned + ensemble),690.2745994021611,4352.616802930832,13.098741054534912,rmse,regression,698.1350773879441,hpo,RealMLP_GPU,tabarena-2025-09-03,tuned_ensemble,REALMLP_GPU,False,
Another-Dataset-on-used-Fiat-500,0,TABDPT_GPU (default),681.9869122034441,38.319655895233154,16.266944408416748,rmse,regression,739.9627015571941,config,TabDPT_GPU,tabarena-2025-10-20,default,TABDPT_GPU,False,
Another-Dataset-on-used-Fiat-500,0,TABDPT_GPU (tuned),687.4641407738321,9675.2691655159,19.072909593582153,rmse,regression,732.5420877830666,hpo,TabDPT_GPU,tabarena-2025-10-20,tuned,TABDPT_GPU,False,
Another-Dataset-on-used-Fiat-500,0,TABDPT_GPU (tuned + ensemble),676.9810301882072,9675.2691655159,127.82195496559143,rmse,regression,727.983284236673,hpo,TabDPT_GPU,tabarena-2025-10-20,tuned_ensemble,TABDPT_GPU,False,
Another-Dataset-on-used-Fiat-500,0,TABDPT_TURBO (default),690.7881728234389,7.965429306030273,0.1349010467529297,rmse,regression,747.00240473163,config,TabDPT-Turbo,tabarena-2026-07-13,default,TABDPT_TURBO,False,
Another-Dataset-on-used-Fiat-500,0,TABICL_GPU (default),727.2392705679738,0.49889492988586426,0.060329437255859375,rmse,regression,764.3137369787336,config,TabICL_GPU,tabarena-2025-06-12,default,TABICL_GPU,True,RandomForest_c1_BAG_L1
Another-Dataset-on-used-Fiat-500,0,TA-TABM (default),724.0388038332625,11.551764249801636,0.19803524017333984,rmse,regression,749.9642229549595,config,TabM,tabarena-2026-06-26,default,TA-TABM,False,
Another-Dataset-on-used-Fiat-500,0,TA-TABM (tuned),721.3942154843824,3797.1887707710266,0.2329695224761963,rmse,regression,741.8947066962237,hpo,TabM,tabarena-2026-06-26,tuned,TA-TABM,False,
Another-Dataset-on-used-Fiat-500,0,TA-TABM (tuned + ensemble),718.3507983842436,3797.1887707710266,2.108135223388672,rmse,regression,727.4690027239327,hpo,TabM,tabarena-2026-06-26,tuned_ensemble,TA-TABM,False,
Another-Dataset-on-used-Fiat-500,0,TABPFNV2_GPU (default),689.2675634977064,8.611537218093872,0.45940256118774414,rmse,regression,745.7782723887001,config,TabPFNv2_GPU,tabarena-2025-06-12,default,TABPFNV2_GPU,False,
Another-Dataset-on-used-Fiat-500,0,TABPFNV2_GPU (tuned),691.3057504436622,7840.223110198975,0.3009166717529297,rmse,regression,737.7982408972323,hpo,TabPFNv2_GPU,tabarena-2025-06-12,tuned,TABPFNV2_GPU,False,
Another-Dataset-on-used-Fiat-500,0,TABPFNV2_GPU (tuned + ensemble),684.4739407491046,7840.223110198975,60.49520707130432,rmse,regression,729.0898976747752,hpo,TabPFNv2_GPU,tabarena-2025-06-12,tuned_ensemble,TABPFNV2_GPU,False,
Another-Dataset-on-used-Fiat-500,0,XRFM_GPU (default),721.7738049804848,7.301844358444214,0.9745583534240723,rmse,regression,791.1416167938663,config,xRFM_GPU,tabarena-2025-09-03,default,XRFM_GPU,False,
Another-Dataset-on-used-Fiat-500,0,XRFM_GPU (tuned),702.997921619988,1753.4696905612946,0.035199880599975586,rmse,regression,750.140444109459,hpo,xRFM_GPU,tabarena-2025-09-03,tuned,XRFM_GPU,False,
Another-Dataset-on-used-Fiat-500,0,XRFM_GPU (tuned + ensemble),694.4728193660251,1753.4696905612946,1.7488694190979004,rmse,regression,722.6143484881203,hpo,xRFM_GPU,tabarena-2025-09-03,tuned_ensemble,XRFM_GPU,False,
Another-Dataset-on-used-Fiat-500,0,BETA_GPU (default),727.2392705679738,0.49889492988586426,0.060329437255859375,rmse,regression,764.3137369787336,config,BetaTabPFN_GPU,tabarena-2025-09-03,default,BETA_GPU,True,
Another-Dataset-on-used-Fiat-500,0,TABFLEX_GPU (default),727.2392705679738,0.49889492988586426,0.060329437255859375,rmse,regression,764.3137369787336,config,TabFlex_GPU,tabarena-2025-09-03,default,TABFLEX_GPU,True,
Another-Dataset-on-used-Fiat-500,0,REALTABPFN-V2.5 (default),685.7440224082889,7.116997241973877,0.24507904052734375,rmse,regression,748.1475887300456,config,RealTabPFN-v2.5,tabarena-2025-11-12,default,REALTABPFN-V2.5,False,
Another-Dataset-on-used-Fiat-500,0,REALTABPFN-V2.5 (tuned),697.4176906057517,2338.874899148941,1.7518715858459473,rmse,regression,742.1940154863127,hpo,RealTabPFN-v2.5,tabarena-2025-11-12,tuned,REALTABPFN-V2.5,False,
Another-Dataset-on-used-Fiat-500,0,REALTABPFN-V2.5 (tuned + ensemble),687.6317123672046,2338.874899148941,11.773108959197998,rmse,regression,735.150883568035,hpo,RealTabPFN-v2.5,tabarena-2025-11-12,tuned_ensemble,REALTABPFN-V2.5,False,
Another-Dataset-on-used-Fiat-500,0,SAP-RPT-OSS (default),700.5114297125314,19.24477219581604,0.4696357250213623,rmse,regression,742.9853827797625,config,SAP-RPT-OSS,tabarena-2025-11-25,default,SAP-RPT-OSS,False,
Another-Dataset-on-used-Fiat-500,0,TABICLV2 (default),686.0646755975799,5.705108404159546,0.13944268226623535,rmse,regression,732.0024058383965,config,TabICLv2,tabarena-2026-07-13,default,TABICLV2,False,
Another-Dataset-on-used-Fiat-500,0,TABSTAR (default),792.7249403309239,458.29932832717896,2.64357328414917,rmse,regression,848.3334116813368,config,TabSTAR,tabarena-2026-03-18,default,TABSTAR,False,
Another-Dataset-on-used-Fiat-500,0,TABSTAR (tuned),746.2872607157068,155682.5142390728,2.5939042568206787,rmse,regression,804.9608391577967,hpo,TabSTAR,tabarena-2026-03-18,tuned,TABSTAR,False,
Another-Dataset-on-used-Fiat-500,0,TABSTAR (tuned + ensemble),747.762343873574,155682.5142390728,19.478310585021973,rmse,regression,802.8347139696718,hpo,TabSTAR,tabarena-2026-03-18,tuned_ensemble,TABSTAR,False,
Another-Dataset-on-used-Fiat-500,0,PB (default),732.4573358064699,23.380748510360718,0.011156320571899414,rmse,regression,769.2066052352782,config,PerpetualBooster,tabarena-2026-03-18,default,PB,False,
Another-Dataset-on-used-Fiat-500,0,PB (tuned),713.2262180790435,182.42687058448792,0.06298971176147461,rmse,regression,752.995064254002,hpo,PerpetualBooster,tabarena-2026-03-18,tuned,PB,False,
Another-Dataset-on-used-Fiat-500,0,PB (tuned + ensemble),710.940077466687,182.42687058448792,0.2221827507019043,rmse,regression,751.2720349470824,hpo,PerpetualBooster,tabarena-2026-03-18,tuned_ensemble,PB,False,
Another-Dataset-on-used-Fiat-500,0,TABPFN-V2.6 (default),688.1497199498128,8.650570392608643,0.2793846130371094,rmse,regression,742.7471354532321,config,TabPFN-v2.6,tabarena-2026-03-18,default,TABPFN-V2.6,False,
Another-Dataset-on-used-Fiat-500,0,TA-LIMIX (default),732.0075242745404,116.40360999107361,10.354819774627686,rmse,regression,786.2438776371815,config,LimiX,tabarena-2026-05-13,default,TA-LIMIX,False,
Another-Dataset-on-used-Fiat-500,0,TA-ORION-MSP (default),727.2392705679738,0.49889492988586426,0.060329437255859375,rmse,regression,764.3137369787336,config,OrionMSP,tabarena-2026-05-13,default,TA-ORION-MSP,True,
Another-Dataset-on-used-Fiat-500,0,TA-TABPFN-3 (default),679.5389309955864,12.975111961364746,0.26226806640625,rmse,regression,729.2630727224802,config,TabPFN-3,tabarena-2026-07-13,default,TA-TABPFN-3,False,
Another-Dataset-on-used-Fiat-500,0,TA-ILTM (default),728.279304546535,593.9804890155792,132.1659460067749,rmse,regression,773.42688774071,config,iLTM,tabarena-2026-05-13,default,TA-ILTM,False,
Another-Dataset-on-used-Fiat-500,0,TA-ILTM (tuned),717.9549632729774,38137.44625163078,62.561750173568726,rmse,regression,689.4734101247489,hpo,iLTM,tabarena-2026-05-13,tuned,TA-ILTM,False,
Another-Dataset-on-used-Fiat-500,0,TA-ILTM (tuned + ensemble),696.238890220521,38137.44625163078,1185.3163046836853,rmse,regression,676.2485643425443,hpo,iLTM,tabarena-2026-05-13,tuned_ensemble,TA-ILTM,False,
Another-Dataset-on-used-Fiat-500,0,TA-NORI (default),685.8366174846768,13.881797552108765,0.8153243064880371,rmse,regression,737.3134096734219,config,Nori,tabarena-2026-07-13,default,TA-NORI,False,
Another-Dataset-on-used-Fiat-500,0,TA-NORI-30M (default),685.374630400753,12.42441463470459,1.1083862781524658,rmse,regression,736.2261290049128,config,Nori-30M,tabarena-2026-07-13,default,TA-NORI-30M,False,
Another-Dataset-on-used-Fiat-500,0,TABFM (default),663.5618263095308,53.74447846412659,1.9029409885406494,rmse,regression,726.1290353440164,config,TabFM,tabarena-2026-07-13,default,TABFM,False,
Another-Dataset-on-used-Fiat-500,0,TA-TABSWIFT (default),695.4612804015377,3.622199535369873,0.028651714324951172,rmse,regression,760.9075727540244,config,TabSwift,tabarena-2026-07-13,default,TA-TABSWIFT,False,
Another-Dataset-on-used-Fiat-500,0,TA-EXAONE-TABULAR (default),687.81620198212,8.240686178207397,0.3355541229248047,rmse,regression,727.8864416188471,config,EXAONE-Tabular,tabarena-2026-08-06,default,TA-EXAONE-TABULAR,False,
Another-Dataset-on-used-Fiat-500,0,[Leakage] TabSTAR_base (default),727.6913423760195,182.3873860836029,1.5358850955963135,rmse,regression,798.056290298982,config,[Leakage] TabSTAR_base,[Leakage] TabSTAR_base,default,[Leakage] TabSTAR_base,False,
Another-Dataset-on-used-Fiat-500,0,[Leakage] TabSTAR_correct (default),717.0711977822892,156.7101230621338,1.5514590740203857,rmse,regression,786.2348303254632,config,[Leakage] TabSTAR_correct,[Leakage] TabSTAR_correct,default,[Leakage] TabSTAR_correct,False,
Another-Dataset-on-used-Fiat-500,0,[Leakage] TabSTAR_wrong (default),727.2392705679738,0.49889492988586426,0.060329437255859375,rmse,regression,764.3137369787336,config,[Leakage] TabSTAR_wrong,[Leakage] TabSTAR_wrong,default,[Leakage] TabSTAR_wrong,True,
Bank_Customer_Churn,0,"AutoGluon 1.4 (best, 4h)",0.12557405512149544,7775.949880599976,3.9580464363098145,roc_auc,binary,0.12555131166117106,baseline,AutoGluon_v140_bq_4h8c,tabarena-2025-11-01,,,False,
Bank_Customer_Churn,0,"AutoGluon 1.5 (extreme, 4h)",0.12102710033865027,2476.1347591876984,30.346806526184082,roc_auc,binary,0.1277586392507266,baseline,AutoGluon_v150_eq_4h8c,tabarena-2025-12-18,,,False,
Bank_Customer_Churn,0,"AutoGluon 1.6 (extreme, 4h)",0.12277887332928406,27.913732528686523,1.2727699279785156,roc_auc,binary,0.13075200908290818,baseline,AutoGluon_16_extreme,tabarena-2026-08-05,,,False,
Bank_Customer_Churn,0,"AutoGluon 1.6 (noncommercial, 4h)",0.11879328468529937,34.45013236999512,0.4746110439300537,roc_auc,binary,0.1273288547700251,baseline,AutoGluon_16_noncommercial,tabarena-2026-08-05,,,False,
Bank_Customer_Churn,0,TabFM+,0.11686511403443067,62.175541162490845,19.062061309814453,roc_auc,binary,,baseline,TabFM+,tabarena-2026-07-07,,,False,
Bank_Customer_Churn,0,CAT (default),0.12329197973091033,7.284215450286865,0.025052309036254883,roc_auc,binary,0.13138350648644392,config,CatBoost,tabarena-2026-07-13,default,CAT,False,
Bank_Customer_Churn,0,CAT (tuned),0.12323040696271514,1798.5308291912079,0.03105449676513672,roc_auc,binary,0.1300115395329583,hpo,CatBoost,tabarena-2026-07-13,tuned,CAT,False,
Bank_Customer_Churn,0,CAT (tuned + ensemble),0.12360871892586034,1798.5308291912079,0.338716983795166,roc_auc,binary,0.12809977547992135,hpo,CatBoost,tabarena-2026-07-13,tuned_ensemble,CAT,False,
Bank_Customer_Churn,0,CHIMERA (default),0.12515247580772648,11.438798427581787,0.08015656471252441,roc_auc,binary,0.13104250898690717,config,ChimeraBoost,tabarena-2026-08-10,default,CHIMERA,False,
Bank_Customer_Churn,0,CHIMERA (tuned),0.12062271702320626,2003.6591639518738,0.06845355033874512,roc_auc,binary,0.12861279775546508,hpo,ChimeraBoost,tabarena-2026-08-10,tuned,CHIMERA,False,
Bank_Customer_Churn,0,CHIMERA (tuned + ensemble),0.1215199598390233,2003.6591639518738,0.9793050289154053,roc_auc,binary,0.12375594179125515,hpo,ChimeraBoost,tabarena-2026-08-10,tuned_ensemble,CHIMERA,False,
Bank_Customer_Churn,0,EBM (default),0.1328019215141354,7.944916725158691,0.01871180534362793,roc_auc,binary,0.13924254161612293,config,ExplainableBM,tabarena-2026-07-13,default,EBM,False,
Bank_Customer_Churn,0,EBM (tuned),0.12657142302433233,1745.9100456237793,0.014316320419311523,roc_auc,binary,0.13271434009631167,hpo,ExplainableBM,tabarena-2026-07-13,tuned,EBM,False,
Bank_Customer_Churn,0,EBM (tuned + ensemble),0.12684544957828203,1745.9100456237793,0.047011375427246094,roc_auc,binary,0.1323134113844887,hpo,ExplainableBM,tabarena-2026-07-13,tuned_ensemble,EBM,False,
Bank_Customer_Churn,0,XT (default),0.14354803369306246,7.375749111175537,0.6371681690216064,roc_auc,binary,0.14934004914359422,config,ExtraTrees,tabarena-2026-07-13,default,XT,False,
Bank_Customer_Churn,0,XT (tuned),0.1377460483873204,1148.2238054275513,0.1347823143005371,roc_auc,binary,0.14126965937984515,hpo,ExtraTrees,tabarena-2026-07-13,tuned,XT,False,
Bank_Customer_Churn,0,XT (tuned + ensemble),0.1357008340059187,1148.2238054275513,2.198408365249634,roc_auc,binary,0.13914043658778308,hpo,ExtraTrees,tabarena-2026-07-13,tuned_ensemble,XT,False,
Bank_Customer_Churn,0,KNN (default),0.1814114031657278,0.8519926071166992,0.23879146575927734,roc_auc,binary,0.18920297591764113,config,KNeighbors,tabarena-2025-10-20,default,KNN,False,
Bank_Customer_Churn,0,KNN (tuned),0.174993690178034,217.77943062782288,0.7120602130889893,roc_auc,binary,0.17402629814890247,hpo,KNeighbors,tabarena-2025-10-20,tuned,KNN,False,
Bank_Customer_Churn,0,KNN (tuned + ensemble),0.15905882418201134,217.77943062782288,5.422150135040283,roc_auc,binary,0.16006107711926199,hpo,KNeighbors,tabarena-2025-10-20,tuned_ensemble,KNN,False,
Bank_Customer_Churn,0,GBM (default),0.13063799927333053,6.264599800109863,0.5816562175750732,roc_auc,binary,0.13850338999792455,config,LightGBM,tabarena-2025-06-12,default,GBM,False,
Bank_Customer_Churn,0,GBM (tuned),0.12556850802526143,1227.2721774578094,0.0887138843536377,roc_auc,binary,0.13307573085558466,hpo,LightGBM,tabarena-2025-06-12,tuned,GBM,False,
Bank_Customer_Churn,0,GBM (tuned + ensemble),0.12573519826708712,1227.2721774578094,2.1702003479003906,roc_auc,binary,0.1314351832840751,hpo,LightGBM,tabarena-2025-06-12,tuned_ensemble,GBM,False,
Bank_Customer_Churn,0,LR (default),0.2351846767013639,3.914576530456543,0.08664703369140625,roc_auc,binary,0.22635283613363766,config,LinearModel,tabarena-2025-10-20,default,LR,False,
Bank_Customer_Churn,0,LR (tuned),0.23362427853079604,801.0284779071808,0.08964824676513672,roc_auc,binary,0.22394095166325767,hpo,LinearModel,tabarena-2025-10-20,tuned,LR,False,
Bank_Customer_Churn,0,LR (tuned + ensemble),0.23362760678853634,801.0284779071808,0.23692655563354492,roc_auc,binary,0.22393443136932834,hpo,LinearModel,tabarena-2025-10-20,tuned_ensemble,LR,False,
Bank_Customer_Churn,0,FASTAI (default),0.1356220652393988,13.061157703399658,0.8539667129516602,roc_auc,binary,0.1474914070849792,config,NeuralNetFastAI,tabarena-2025-06-12,default,FASTAI,False,
Bank_Customer_Churn,0,FASTAI (tuned),0.13211297216189755,2947.826519012451,1.1817700862884521,roc_auc,binary,0.13738113642896543,hpo,NeuralNetFastAI,tabarena-2025-06-12,tuned,FASTAI,False,
Bank_Customer_Churn,0,FASTAI (tuned + ensemble),0.13106096536115752,2947.826519012451,12.036303043365479,roc_auc,binary,0.1322323238993467,hpo,NeuralNetFastAI,tabarena-2025-06-12,tuned_ensemble,FASTAI,False,
Bank_Customer_Churn,0,NN_TORCH (default),0.1344754804478725,22.315330505371094,0.1478438377380371,roc_auc,binary,0.14338972601447453,config,NeuralNetTorch,tabarena-2025-06-12,default,NN_TORCH,False,
Bank_Customer_Churn,0,NN_TORCH (tuned),0.12569470446458042,13604.264956712723,0.14966034889221191,roc_auc,binary,0.13380038522451454,hpo,NeuralNetTorch,tabarena-2025-06-12,tuned,NN_TORCH,False,
Bank_Customer_Churn,0,NN_TORCH (tuned + ensemble),0.12901630568937927,13604.264956712723,4.363151788711548,roc_auc,binary,0.12840657611874373,hpo,NeuralNetTorch,tabarena-2025-06-12,tuned_ensemble,NN_TORCH,False,
Bank_Customer_Churn,0,RF (default),0.14904298722226383,2.018803834915161,0.09967875480651855,roc_auc,binary,0.15034500678665486,config,RandomForest,tabarena-2025-06-12,default,RF,False,
Bank_Customer_Churn,0,RF (tuned),0.13952805305242832,795.8609709739685,0.12578296661376953,roc_auc,binary,0.14478645621192565,hpo,RandomForest,tabarena-2025-06-12,tuned,RF,False,
Bank_Customer_Churn,0,RF (tuned + ensemble),0.1401729029896075,795.8609709739685,1.6735749244689941,roc_auc,binary,0.14073666003353924,hpo,RandomForest,tabarena-2025-06-12,tuned_ensemble,RF,False,
Bank_Customer_Churn,0,XGB (default),0.12991687676293662,3.828786611557007,0.40278053283691406,roc_auc,binary,0.13730705479155592,config,XGBoost,tabarena-2025-06-12,default,XGB,False,
Bank_Customer_Churn,0,XGB (tuned),0.12591603360430903,1008.7727417945862,0.2456517219543457,roc_auc,binary,0.13476330778118006,hpo,XGBoost,tabarena-2025-06-12,tuned,XGB,False,
Bank_Customer_Churn,0,XGB (tuned + ensemble),0.1258713794796269,1008.7727417945862,1.0793254375457764,roc_auc,binary,0.1334859544544983,hpo,XGBoost,tabarena-2025-06-12,tuned_ensemble,XGB,False,
Bank_Customer_Churn,0,MITRA_GPU (default),0.12079606378051255,483.76205587387085,8.676586627960205,roc_auc,binary,0.12969995272093238,config,Mitra_GPU,tabarena-2025-09-03,default,MITRA_GPU,False,
Bank_Customer_Churn,0,MNCA_GPU (default),0.13274423171330385,27.108137845993042,0.6234023571014404,roc_auc,binary,0.1348123487153079,config,ModernNCA_GPU,tabarena-2025-06-12,default,MNCA_GPU,False,
Bank_Customer_Churn,0,MNCA_GPU (tuned),0.12476528849060742,14436.237961292267,0.5327053070068359,roc_auc,binary,0.12881721590663164,hpo,ModernNCA_GPU,tabarena-2025-06-12,tuned,MNCA_GPU,False,
Bank_Customer_Churn,0,MNCA_GPU (tuned + ensemble),0.1242557877015329,14436.237961292267,9.596796989440918,roc_auc,binary,0.12229088723720438,hpo,ModernNCA_GPU,tabarena-2025-06-12,tuned_ensemble,MNCA_GPU,False,
Bank_Customer_Churn,0,REALMLP_GPU (default),0.12769027233468955,53.489813804626465,3.158674478530884,roc_auc,binary,0.1354957310109618,config,RealMLP_GPU,tabarena-2025-09-03,default,REALMLP_GPU,False,
Bank_Customer_Churn,0,REALMLP_GPU (tuned),0.12224718415527436,11685.030793428421,0.6582760810852051,roc_auc,binary,0.12802666495011839,hpo,RealMLP_GPU,tabarena-2025-09-03,tuned,REALMLP_GPU,False,
Bank_Customer_Churn,0,REALMLP_GPU (tuned + ensemble),0.1219179639937984,11685.030793428421,11.884635210037231,roc_auc,binary,0.12514296091264143,hpo,RealMLP_GPU,tabarena-2025-09-03,tuned_ensemble,REALMLP_GPU,False,
Bank_Customer_Churn,0,TABDPT_GPU (default),0.12942013429519983,357.59294629096985,131.60411739349365,roc_auc,binary,0.13579642754482912,config,TabDPT_GPU,tabarena-2025-10-20,default,TABDPT_GPU,False,
Bank_Customer_Churn,0,TABDPT_GPU (tuned),0.12867460456137725,41033.58480191231,322.88088488578796,roc_auc,binary,0.13407666533856144,hpo,TabDPT_GPU,tabarena-2025-10-20,tuned,TABDPT_GPU,False,
Bank_Customer_Churn,0,TABDPT_GPU (tuned + ensemble),0.1289283842140735,41033.58480191231,891.4437630176544,roc_auc,binary,0.13299297861454573,hpo,TabDPT_GPU,tabarena-2025-10-20,tuned_ensemble,TABDPT_GPU,False,
Bank_Customer_Churn,0,TABDPT_TURBO (default),0.12474559629897741,8.540797233581543,0.3250918388366699,roc_auc,binary,0.13021720625104738,config,TabDPT-Turbo,tabarena-2026-07-13,default,TABDPT_TURBO,False,
Bank_Customer_Churn,0,TABICL_GPU (default),0.12750167106274046,29.25260305404663,4.452079772949219,roc_auc,binary,0.13534812265477514,config,TabICL_GPU,tabarena-2025-06-12,default,TABICL_GPU,False,
Bank_Customer_Churn,0,TA-TABM (default),0.12131887760054783,15.715877294540405,0.3524649143218994,roc_auc,binary,0.133060748052513,config,TabM,tabarena-2026-06-26,default,TA-TABM,False,
Bank_Customer_Churn,0,TA-TABM (tuned),0.12112528394198852,6753.3103930950165,0.3837161064147949,roc_auc,binary,0.1296253161648907,hpo,TabM,tabarena-2026-06-26,tuned,TA-TABM,False,
Bank_Customer_Churn,0,TA-TABM (tuned + ensemble),0.1213172134716779,6753.3103930950165,2.8028948307037354,roc_auc,binary,0.1287204519701276,hpo,TabM,tabarena-2026-06-26,tuned_ensemble,TA-TABM,False,
Bank_Customer_Churn,0,TABPFNV2_GPU (default),0.12169386130595283,13.529468536376953,1.8099465370178223,roc_auc,binary,0.13020187662383065,config,TabPFNv2_GPU,tabarena-2025-06-12,default,TABPFNV2_GPU,False,
Bank_Customer_Churn,0,TABPFNV2_GPU (tuned),0.12058527412362818,21185.587732315063,0.47025394439697266,roc_auc,binary,0.12802021402101815,hpo,TabPFNv2_GPU,tabarena-2025-06-12,tuned,TABPFNV2_GPU,False,
Bank_Customer_Churn,0,TABPFNV2_GPU (tuned + ensemble),0.1208853720298767,21185.587732315063,56.3117241859436,roc_auc,binary,0.1275271688162365,hpo,TabPFNv2_GPU,tabarena-2025-06-12,tuned_ensemble,TABPFNV2_GPU,False,
Bank_Customer_Churn,0,XRFM_GPU (default),0.16149871446044783,8.051428079605103,0.4860494136810303,roc_auc,binary,0.17709485945575798,config,xRFM_GPU,tabarena-2025-09-03,default,XRFM_GPU,False,
Bank_Customer_Churn,0,XRFM_GPU (tuned),0.13314112644883225,1858.2419493198395,0.05590248107910156,roc_auc,binary,0.13852149421830273,hpo,xRFM_GPU,tabarena-2025-09-03,tuned,XRFM_GPU,False,
Bank_Customer_Churn,0,XRFM_GPU (tuned + ensemble),0.13045882806497866,1858.2419493198395,0.8458900451660156,roc_auc,binary,0.13367108918319304,hpo,xRFM_GPU,tabarena-2025-09-03,tuned_ensemble,XRFM_GPU,False,
Bank_Customer_Churn,0,BETA_GPU (default),0.12158513821977046,1876.9167485237122,2.3453030586242676,roc_auc,binary,0.12767637256349096,config,BetaTabPFN_GPU,tabarena-2025-09-03,default,BETA_GPU,False,
Bank_Customer_Churn,0,TABFLEX_GPU (default),0.13986448443900834,3.967535972595215,0.36954808235168457,roc_auc,binary,0.1478170055924699,config,TabFlex_GPU,tabarena-2025-09-03,default,TABFLEX_GPU,False,
Bank_Customer_Churn,0,REALTABPFN-V2.5 (default),0.12095831634535115,10.312093734741211,0.8778438568115234,roc_auc,binary,0.13004629131230494,config,RealTabPFN-v2.5,tabarena-2025-11-12,default,REALTABPFN-V2.5,False,
Bank_Customer_Churn,0,REALTABPFN-V2.5 (tuned),0.11981173155382485,4950.21081328392,1.044429063796997,roc_auc,binary,0.1286177226583266,hpo,RealTabPFN-v2.5,tabarena-2025-11-12,tuned,REALTABPFN-V2.5,False,
Bank_Customer_Churn,0,REALTABPFN-V2.5 (tuned + ensemble),0.11995096366929325,4950.21081328392,7.257318496704102,roc_auc,binary,0.12832958115851467,hpo,RealTabPFN-v2.5,tabarena-2025-11-12,tuned_ensemble,REALTABPFN-V2.5,False,
Bank_Customer_Churn,0,SAP-RPT-OSS (default),0.12765088795142965,23.9429292678833,3.294964075088501,roc_auc,binary,0.1360481525093976,config,SAP-RPT-OSS,tabarena-2025-11-25,default,SAP-RPT-OSS,False,
Bank_Customer_Churn,0,TABICLV2 (default),0.12157515344654946,6.124004125595093,0.2317821979522705,roc_auc,binary,0.13188251706652254,config,TabICLv2,tabarena-2026-07-13,default,TABICLV2,False,
Bank_Customer_Churn,0,TABSTAR (default),0.12794987643843136,2218.275921344757,6.173367261886597,roc_auc,binary,0.13628683688610732,config,TabSTAR,tabarena-2026-03-18,default,TABSTAR,False,
Bank_Customer_Churn,0,TABSTAR (tuned),0.12675336778080093,164941.5125758648,5.327998638153076,roc_auc,binary,0.13416191471344552,hpo,TabSTAR,tabarena-2026-03-18,tuned,TABSTAR,False,
Bank_Customer_Churn,0,TABSTAR (tuned + ensemble),0.12673894533059304,164941.5125758648,17.30076503753662,roc_auc,binary,0.13407465375851935,hpo,TabSTAR,tabarena-2026-03-18,tuned_ensemble,TABSTAR,False,
Bank_Customer_Churn,0,PB (default),0.1371017531597647,22.968464374542236,0.017251253128051758,roc_auc,binary,0.14909304098740006,config,PerpetualBooster,tabarena-2026-03-18,default,PB,False,
Bank_Customer_Churn,0,PB (tuned),0.135577133759905,167.36211276054382,0.21952009201049805,roc_auc,binary,0.1428410502168067,hpo,PerpetualBooster,tabarena-2026-03-18,tuned,PB,False,
Bank_Customer_Churn,0,PB (tuned + ensemble),0.1316081864046218,167.36211276054382,0.889784574508667,roc_auc,binary,0.13977623461071909,hpo,PerpetualBooster,tabarena-2026-03-18,tuned_ensemble,PB,False,
Bank_Customer_Churn,0,TABPFN-V2.6 (default),0.12252426161215246,10.867579698562622,0.6440012454986572,roc_auc,binary,0.13043098865413372,config,TabPFN-v2.6,tabarena-2026-03-18,default,TABPFN-V2.6,False,
Bank_Customer_Churn,0,TA-LIMIX (default),0.12561621305287218,53.14444947242737,5.5953450202941895,roc_auc,binary,0.1325720034671315,config,LimiX,tabarena-2026-05-13,default,TA-LIMIX,False,
Bank_Customer_Churn,0,TA-ORION-MSP (default),0.13700218278236798,44.85720944404602,6.325619697570801,roc_auc,binary,0.1453681496682142,config,OrionMSP,tabarena-2026-05-13,default,TA-ORION-MSP,False,
Bank_Customer_Churn,0,TA-TABPFN-3 (default),0.11812375016987986,12.314469575881958,0.4712958335876465,roc_auc,binary,0.12791887200579777,config,TabPFN-3,tabarena-2026-07-13,default,TA-TABPFN-3,False,
Bank_Customer_Churn,0,TA-ILTM (default),0.1514185311843882,1325.0379486083984,140.53589177131653,roc_auc,binary,0.14378274713578754,config,iLTM,tabarena-2026-05-13,default,TA-ILTM,False,
Bank_Customer_Churn,0,TA-ILTM (tuned),0.13195709875772776,54253.49664258957,210.68592882156372,roc_auc,binary,0.13253877771402378,hpo,iLTM,tabarena-2026-05-13,tuned,TA-ILTM,False,
Bank_Customer_Churn,0,TA-ILTM (tuned + ensemble),0.13023084240976956,54253.49664258957,1237.5861024856567,roc_auc,binary,0.12668376185999852,hpo,iLTM,tabarena-2026-05-13,tuned_ensemble,TA-ILTM,False,
Bank_Customer_Churn,0,TA-NORI (default),0.14904298722226383,2.018803834915161,0.09967875480651855,roc_auc,binary,0.15034500678665486,config,Nori,tabarena-2026-07-13,default,TA-NORI,True,
Bank_Customer_Churn,0,TA-NORI-30M (default),0.14904298722226383,2.018803834915161,0.09967875480651855,roc_auc,binary,0.15034500678665486,config,Nori-30M,tabarena-2026-07-13,default,TA-NORI-30M,True,
Bank_Customer_Churn,0,TABFM (default),0.11760787022013652,104.38832664489746,16.806548833847046,roc_auc,binary,0.12536610756764732,config,TabFM,tabarena-2026-07-13,default,TABFM,False,
Bank_Customer_Churn,0,TA-TABSWIFT (default),0.12228878737702786,4.70669960975647,0.17104506492614746,roc_auc,binary,0.13205246089765854,config,TabSwift,tabarena-2026-07-13,default,TA-TABSWIFT,False,
Bank_Customer_Churn,0,TA-EXAONE-TABULAR (default),0.12012708397471639,15.547743797302246,0.7986183166503906,roc_auc,binary,0.12728661158914267,config,EXAONE-Tabular,tabarena-2026-08-06,default,TA-EXAONE-TABULAR,False,
Bank_Customer_Churn,0,[Leakage] TabSTAR_base (default),0.1262835287297983,736.4549324512482,9.263715267181396,roc_auc,binary,0.13838373566783901,config,[Leakage] TabSTAR_base,[Leakage] TabSTAR_base,default,[Leakage] TabSTAR_base,False,
Bank_Customer_Churn,0,[Leakage] TabSTAR_correct (default),0.12845410748608366,588.8006474971771,9.213709831237793,roc_auc,binary,0.1380106916172883,config,[Leakage] TabSTAR_correct,[Leakage] TabSTAR_correct,default,[Leakage] TabSTAR_correct,False,
Bank_Customer_Churn,0,[Leakage] TabSTAR_wrong (default),0.1280283678501397,687.2563807964325,9.174816846847534,roc_auc,binary,0.13744099827642287,config,[Leakage] TabSTAR_wrong,[Leakage] TabSTAR_wrong,default,[Leakage] TabSTAR_wrong,False,
Bioresponse,0,"AutoGluon 1.4 (best, 4h)",0.10989101504785148,8644.833062410355,8.644333839416504,roc_auc,binary,0.12290042184953687,baseline,AutoGluon_v140_bq_4h8c,tabarena-2025-11-01,,,False,
Bioresponse,0,"AutoGluon 1.5 (extreme, 4h)",0.10804027861434151,1597.7960221767426,11.162431716918945,roc_auc,binary,0.12304095241042134,baseline,AutoGluon_v150_eq_4h8c,tabarena-2025-12-18,,,False,
Bioresponse,0,"AutoGluon 1.6 (extreme, 4h)",0.11066580178844454,95.77671980857849,7.231230974197388,roc_auc,binary,0.13284070280751692,baseline,AutoGluon_16_extreme,tabarena-2026-08-05,,,False,
Bioresponse,0,"AutoGluon 1.6 (noncommercial, 4h)",0.10971083208492283,124.10038709640503,3.544189691543579,roc_auc,binary,0.12956982177114929,baseline,AutoGluon_16_noncommercial,tabarena-2026-08-05,,,False,
Bioresponse,0,TabFM+,0.10680731233944407,251.19687867164612,72.21275901794434,roc_auc,binary,,baseline,TabFM+,tabarena-2026-07-07,,,False,
Bioresponse,0,CAT (default),0.11191678635963487,41.88822293281555,0.3230576515197754,roc_auc,binary,0.14125642057057985,config,CatBoost,tabarena-2026-07-13,default,CAT,False,
Bioresponse,0,CAT (tuned),0.11039295330172405,28670.05402803421,0.4033241271972656,roc_auc,binary,0.13304118447923763,hpo,CatBoost,tabarena-2026-07-13,tuned,CAT,False,
Bioresponse,0,CAT (tuned + ensemble),0.11044958223293022,28670.05402803421,3.8118088245391846,roc_auc,binary,0.12724462116055035,hpo,CatBoost,tabarena-2026-07-13,tuned_ensemble,CAT,False,
Bioresponse,0,CHIMERA (default),0.11294254222716438,26.999091863632202,0.34412455558776855,roc_auc,binary,0.13675299626627058,config,ChimeraBoost,tabarena-2026-08-10,default,CHIMERA,False,
Bioresponse,0,CHIMERA (tuned),0.10965420315371666,5474.014019012451,0.3170483112335205,roc_auc,binary,0.13262410524578672,hpo,ChimeraBoost,tabarena-2026-08-10,tuned,CHIMERA,False,
Bioresponse,0,CHIMERA (tuned + ensemble),0.10936591041303079,5474.014019012451,5.501256942749023,roc_auc,binary,0.12405303030303028,hpo,ChimeraBoost,tabarena-2026-08-10,tuned_ensemble,CHIMERA,False,
Bioresponse,0,EBM (default),0.135469273656736,387.80141258239746,1.065866470336914,roc_auc,binary,0.14889922024877777,config,ExplainableBM,tabarena-2026-07-13,default,EBM,False,
Bioresponse,0,EBM (tuned),0.12153340849536931,106422.70598578453,0.9700429439544678,roc_auc,binary,0.13906530416486174,hpo,ExplainableBM,tabarena-2026-07-13,tuned,EBM,False,
Bioresponse,0,EBM (tuned + ensemble),0.12289250284431674,106422.70598578453,20.134861707687378,roc_auc,binary,0.1352703343853786,hpo,ExplainableBM,tabarena-2026-07-13,tuned_ensemble,EBM,False,
Bioresponse,0,XT (default),0.11929656571272662,9.98006272315979,0.6969516277313232,roc_auc,binary,0.14442158136848404,config,ExtraTrees,tabarena-2026-07-13,default,XT,False,
Bioresponse,0,XT (tuned),0.1196929682311696,2681.8992915153503,0.24286818504333496,roc_auc,binary,0.1430588217092642,hpo,ExtraTrees,tabarena-2026-07-13,tuned,XT,False,
Bioresponse,0,XT (tuned + ensemble),0.11561568518432719,2681.8992915153503,3.082077980041504,roc_auc,binary,0.13750302978732187,hpo,ExtraTrees,tabarena-2026-07-13,tuned_ensemble,XT,False,
Bioresponse,0,KNN (default),0.17708381596626988,9.237231969833374,0.39299488067626953,roc_auc,binary,0.18516158435959318,config,KNeighbors,tabarena-2025-10-20,default,KNN,False,
Bioresponse,0,KNN (tuned),0.15630099821361465,5141.407801389694,2.2639200687408447,roc_auc,binary,0.16940314479031293,hpo,KNeighbors,tabarena-2025-10-20,tuned,KNN,False,
Bioresponse,0,KNN (tuned + ensemble),0.1448465098560081,5141.407801389694,60.038856506347656,roc_auc,binary,0.1568275934979475,hpo,KNeighbors,tabarena-2025-10-20,tuned_ensemble,KNN,False,
Bioresponse,0,GBM (default),0.111203776634903,22.406994819641113,0.7281560897827148,roc_auc,binary,0.14093410277038598,config,LightGBM,tabarena-2025-06-12,default,GBM,False,
Bioresponse,0,GBM (tuned),0.11213429293631305,6266.970143079758,0.3651123046875,roc_auc,binary,0.13347953668750134,hpo,LightGBM,tabarena-2025-06-12,tuned,GBM,False,
Bioresponse,0,GBM (tuned + ensemble),0.10971083208492283,6266.970143079758,4.969954490661621,roc_auc,binary,0.12952534191472242,hpo,LightGBM,tabarena-2025-06-12,tuned_ensemble,GBM,False,
Bioresponse,0,LR (default),0.1972707429200965,31.780508041381836,2.8888275623321533,roc_auc,binary,0.23983151803948277,config,LinearModel,tabarena-2025-10-20,default,LR,False,
Bioresponse,0,LR (tuned),0.1799410029498525,6102.978480100632,0.4245014190673828,roc_auc,binary,0.2047594735647833,hpo,LinearModel,tabarena-2025-10-20,tuned,LR,False,
Bioresponse,0,LR (tuned + ensemble),0.1743913676916503,6102.978480100632,6.753230571746826,roc_auc,binary,0.1981845127586278,hpo,LinearModel,tabarena-2025-10-20,tuned_ensemble,LR,False,
Bioresponse,0,FASTAI (default),0.15058662424644909,21.76393151283264,1.4498095512390137,roc_auc,binary,0.17820499927800815,config,NeuralNetFastAI,tabarena-2025-06-12,default,FASTAI,False,
Bioresponse,0,FASTAI (tuned),0.13959803755012945,5197.1816420555115,0.612861156463623,roc_auc,binary,0.14916029766693484,hpo,NeuralNetFastAI,tabarena-2025-06-12,tuned,FASTAI,False,
Bioresponse,0,FASTAI (tuned + ensemble),0.13689271906387224,5197.1816420555115,18.849477529525757,roc_auc,binary,0.13664663139220656,hpo,NeuralNetFastAI,tabarena-2025-06-12,tuned_ensemble,FASTAI,False,
Bioresponse,0,NN_TORCH (default),0.15205125433082622,62.24780058860779,2.824972152709961,roc_auc,binary,0.1731668497431772,config,NeuralNetTorch,tabarena-2025-06-12,default,NN_TORCH,False,
Bioresponse,0,NN_TORCH (tuned),0.1423754292215581,11448.476550340652,2.7968850135803223,roc_auc,binary,0.14479869319471095,hpo,NeuralNetTorch,tabarena-2025-06-12,tuned,NN_TORCH,False,
Bioresponse,0,NN_TORCH (tuned + ensemble),0.13300334110694112,11448.476550340652,65.3770546913147,roc_auc,binary,0.12562078408317345,hpo,NeuralNetTorch,tabarena-2025-06-12,tuned_ensemble,NN_TORCH,False,
Bioresponse,0,RF (default),0.12166339763291067,10.563709020614624,0.15100336074829102,roc_auc,binary,0.13813831817150402,config,RandomForest,tabarena-2025-06-12,default,RF,False,
Bioresponse,0,RF (tuned),0.12166339763291067,6627.423905134201,0.15100336074829102,roc_auc,binary,0.13813831817150402,hpo,RandomForest,tabarena-2025-06-12,tuned,RF,False,
Bioresponse,0,RF (tuned + ensemble),0.11458864229563392,6627.423905134201,1.955153226852417,roc_auc,binary,0.13381571415310356,hpo,RandomForest,tabarena-2025-06-12,tuned_ensemble,RF,False,
Bioresponse,0,XGB (default),0.11011753077267605,34.48828077316284,0.49494409561157227,roc_auc,binary,0.13928770344699548,config,XGBoost,tabarena-2025-06-12,default,XGB,False,
Bioresponse,0,XGB (tuned),0.10943798359820234,17260.116446256638,1.041884422302246,roc_auc,binary,0.13163265569239024,hpo,XGBoost,tabarena-2025-06-12,tuned,XGB,False,
Bioresponse,0,XGB (tuned + ensemble),0.10833371943968251,17260.116446256638,5.5904576778411865,roc_auc,binary,0.1292462146997545,hpo,XGBoost,tabarena-2025-06-12,tuned_ensemble,XGB,False,
Bioresponse,0,MITRA_GPU (default),0.12166339763291067,10.563709020614624,0.15100336074829102,roc_auc,binary,0.13813831817150402,config,Mitra_GPU,tabarena-2025-09-03,default,MITRA_GPU,True,
Bioresponse,0,MNCA_GPU (default),0.13893650867194873,97.09779453277588,13.700124502182007,roc_auc,binary,0.16526877436722576,config,ModernNCA_GPU,tabarena-2025-06-12,default,MNCA_GPU,False,
Bioresponse,0,MNCA_GPU (tuned),0.12763903689632272,85020.89044499397,16.36607336997986,roc_auc,binary,0.14597644243661945,hpo,ModernNCA_GPU,tabarena-2025-06-12,tuned,MNCA_GPU,False,
Bioresponse,0,MNCA_GPU (tuned + ensemble),0.12212801227303383,85020.89044499397,516.8827819824219,roc_auc,binary,0.10118845019287492,hpo,ModernNCA_GPU,tabarena-2025-06-12,tuned_ensemble,MNCA_GPU,False,
Bioresponse,0,REALMLP_GPU (default),0.1277162581661493,57.1389057636261,7.0212485790252686,roc_auc,binary,0.16714079615075184,config,RealMLP_GPU,tabarena-2025-09-03,default,REALMLP_GPU,False,
Bioresponse,0,REALMLP_GPU (tuned),0.11814339474998325,87557.49690675735,7.0691187381744385,roc_auc,binary,0.1305393537141325,hpo,RealMLP_GPU,tabarena-2025-09-03,tuned,REALMLP_GPU,False,
Bioresponse,0,REALMLP_GPU (tuned + ensemble),0.11583962686682425,87557.49690675735,266.50943517684937,roc_auc,binary,0.11439574437362043,hpo,RealMLP_GPU,tabarena-2025-09-03,tuned_ensemble,REALMLP_GPU,False,
Bioresponse,0,TABDPT_GPU (default),0.12739192883287775,184.3424310684204,49.77533221244812,roc_auc,binary,0.14687828764156197,config,TabDPT_GPU,tabarena-2025-10-20,default,TABDPT_GPU,False,
Bioresponse,0,TABDPT_GPU (tuned),0.11923993678152045,28256.714119911194,49.84995627403259,roc_auc,binary,0.14047608917631038,hpo,TabDPT_GPU,tabarena-2025-10-20,tuned,TABDPT_GPU,False,
Bioresponse,0,TABDPT_GPU (tuned + ensemble),0.11605069833768344,28256.714119911194,511.10107040405273,roc_auc,binary,0.13103959094003337,hpo,TabDPT_GPU,tabarena-2025-10-20,tuned_ensemble,TABDPT_GPU,False,
Bioresponse,0,TABDPT_TURBO (default),0.13132506550937728,12.744726419448853,0.31279826164245605,roc_auc,binary,0.14557161127957596,config,TabDPT-Turbo,tabarena-2026-07-13,default,TABDPT_TURBO,False,
Bioresponse,0,TABICL_GPU (default),0.12166339763291067,10.563709020614624,0.15100336074829102,roc_auc,binary,0.13813831817150402,config,TabICL_GPU,tabarena-2025-06-12,default,TABICL_GPU,True,RandomForest_c1_BAG_L1
Bioresponse,0,TA-TABM (default),0.13451172991088656,222.29146647453308,5.685335159301758,roc_auc,binary,0.1493230681560328,config,TabM,tabarena-2026-06-26,default,TA-TABM,False,
Bioresponse,0,TA-TABM (tuned),0.12299546453741883,52955.08788251877,5.477212429046631,roc_auc,binary,0.13253869102873528,hpo,TabM,tabarena-2026-06-26,tuned,TA-TABM,False,
Bioresponse,0,TA-TABM (tuned + ensemble),0.1227972632781974,52955.08788251877,74.81362771987915,roc_auc,binary,0.1288703921447284,hpo,TabM,tabarena-2026-06-26,tuned_ensemble,TA-TABM,False,
Bioresponse,0,TABPFNV2_GPU (default),0.12166339763291067,10.563709020614624,0.15100336074829102,roc_auc,binary,0.13813831817150402,config,TabPFNv2_GPU,tabarena-2025-06-12,default,TABPFNV2_GPU,True,RandomForest_c1_BAG_L1
Bioresponse,0,TABPFNV2_GPU (tuned),0.12166339763291067,10.563709020614624,0.15100336074829102,roc_auc,binary,0.13813831817150402,hpo,TabPFNv2_GPU,tabarena-2025-06-12,tuned,TABPFNV2_GPU,True,RandomForest_c1_BAG_L1
Bioresponse,0,TABPFNV2_GPU (tuned + ensemble),0.12166339763291067,10.563709020614624,0.15100336074829102,roc_auc,binary,0.13813831817150402,hpo,TabPFNv2_GPU,tabarena-2025-06-12,tuned_ensemble,TABPFNV2_GPU,True,RandomForest_c1_BAG_L1
Bioresponse,0,XRFM_GPU (default),0.12745885393339407,17.883248567581177,1.0879931449890137,roc_auc,binary,0.14547362666831687,config,xRFM_GPU,tabarena-2025-09-03,default,XRFM_GPU,False,
Bioresponse,0,XRFM_GPU (tuned),0.1150262294913178,4585.058270215988,0.3620176315307617,roc_auc,binary,0.1374172932524702,hpo,xRFM_GPU,tabarena-2025-09-03,tuned,XRFM_GPU,False,
Bioresponse,0,XRFM_GPU (tuned + ensemble),0.11282284925893327,4585.058270215988,8.465536117553711,roc_auc,binary,0.12854742970893418,hpo,xRFM_GPU,tabarena-2025-09-03,tuned_ensemble,XRFM_GPU,False,
Bioresponse,0,BETA_GPU (default),0.14462514221583866,1123.1952350139618,15.720643520355225,roc_auc,binary,0.16052038853476913,config,BetaTabPFN_GPU,tabarena-2025-09-03,default,BETA_GPU,False,
Bioresponse,0,TABFLEX_GPU (default),0.1739898170885522,30.294929265975952,1.9918725490570068,roc_auc,binary,0.19081471625719415,config,TabFlex_GPU,tabarena-2025-09-03,default,TABFLEX_GPU,False,
Bioresponse,0,REALTABPFN-V2.5 (default),0.11105448217990499,98.60640501976013,8.635807991027832,roc_auc,binary,0.13650287765332014,config,RealTabPFN-v2.5,tabarena-2025-11-12,default,REALTABPFN-V2.5,False,
Bioresponse,0,REALTABPFN-V2.5 (tuned),0.11148820831209749,40277.425041913986,7.385265350341797,roc_auc,binary,0.13306568063205226,hpo,RealTabPFN-v2.5,tabarena-2025-11-12,tuned,REALTABPFN-V2.5,False,
Bioresponse,0,REALTABPFN-V2.5 (tuned + ensemble),0.10811749988416808,40277.425041913986,104.71013879776001,roc_auc,binary,0.12991856963095905,hpo,RealTabPFN-v2.5,tabarena-2025-11-12,tuned_ensemble,REALTABPFN-V2.5,False,
Bioresponse,0,SAP-RPT-OSS (default),0.11702111229517054,78.67359328269958,17.558122873306274,roc_auc,binary,0.14237292943045166,config,SAP-RPT-OSS,tabarena-2025-11-25,default,SAP-RPT-OSS,False,
Bioresponse,0,TABICLV2 (default),0.12840352746760564,70.20847582817078,5.759510040283203,roc_auc,binary,0.14951388029374746,config,TabICLv2,tabarena-2026-07-13,default,TABICLV2,False,
Bioresponse,0,TABSTAR (default),0.5119487044844966,3541.5714378356934,637.9505743980408,roc_auc,binary,0.5141072054788869,config,TabSTAR,tabarena-2026-03-18,default,TABSTAR,False,
Bioresponse,0,TABSTAR (tuned),0.20176630784516625,175643.73369908333,290.6429817676544,roc_auc,binary,0.23540512768941968,hpo,TabSTAR,tabarena-2026-03-18,tuned,TABSTAR,False,
Bioresponse,0,TABSTAR (tuned + ensemble),0.2018872878345611,175643.73369908333,586.1679592132568,roc_auc,binary,0.2352791014295439,hpo,TabSTAR,tabarena-2026-03-18,tuned_ensemble,TABSTAR,False,
Bioresponse,0,PB (default),0.151201820362734,989.1207783222198,0.3820667266845703,roc_auc,binary,0.16581832621655634,config,PerpetualBooster,tabarena-2026-03-18,default,PB,False,
Bioresponse,0,PB (tuned),0.11686924379784502,23194.482864379883,0.6905200481414795,roc_auc,binary,0.13491900798316725,hpo,PerpetualBooster,tabarena-2026-03-18,tuned,PB,False,
Bioresponse,0,PB (tuned + ensemble),0.11296570860811239,23194.482864379883,2.620227336883545,roc_auc,binary,0.13220122429193226,hpo,PerpetualBooster,tabarena-2026-03-18,tuned_ensemble,PB,False,
Bioresponse,0,TABPFN-V2.6 (default),0.11132218258197046,97.43627667427063,4.316518783569336,roc_auc,binary,0.13386728500113454,config,TabPFN-v2.6,tabarena-2026-03-18,default,TABPFN-V2.6,False,
Bioresponse,0,TA-LIMIX (default),0.11270959139652081,795.2217419147491,122.49809718132019,roc_auc,binary,0.13246165707448898,config,LimiX,tabarena-2026-05-13,default,TA-LIMIX,False,
Bioresponse,0,TA-ORION-MSP (default),0.15232925090220184,1267.8145654201508,201.41725611686707,roc_auc,binary,0.16120595849578145,config,OrionMSP,tabarena-2026-05-13,default,TA-ORION-MSP,False,
Bioresponse,0,TA-TABPFN-3 (default),0.11187045359773906,39.687389850616455,2.0538926124572754,roc_auc,binary,0.13357945520556147,config,TabPFN-3,tabarena-2026-07-13,default,TA-TABPFN-3,False,
Bioresponse,0,TA-ILTM (default),0.12563385792315962,1412.4532811641693,226.9870526790619,roc_auc,binary,0.14362352249520383,config,iLTM,tabarena-2026-05-13,default,TA-ILTM,False,
Bioresponse,0,TA-ILTM (tuned),0.11341487899427016,51130.34688735008,107.7092809677124,roc_auc,binary,0.12597791220578836,hpo,iLTM,tabarena-2026-05-13,tuned,TA-ILTM,False,
Bioresponse,0,TA-ILTM (tuned + ensemble),0.10891802704803677,51130.34688735008,1435.214024066925,roc_auc,binary,0.11394578872454975,hpo,iLTM,tabarena-2026-05-13,tuned_ensemble,TA-ILTM,False,
Bioresponse,0,TA-NORI (default),0.12166339763291067,10.563709020614624,0.15100336074829102,roc_auc,binary,0.13813831817150402,config,Nori,tabarena-2026-07-13,default,TA-NORI,True,
Bioresponse,0,TA-NORI-30M (default),0.12166339763291067,10.563709020614624,0.15100336074829102,roc_auc,binary,0.13813831817150402,config,Nori-30M,tabarena-2026-07-13,default,TA-NORI-30M,True,
Bioresponse,0,TABFM (default),0.10652674172574095,421.2438931465149,66.09380412101746,roc_auc,binary,0.12233765497039828,config,TabFM,tabarena-2026-07-13,default,TABFM,False,
Bioresponse,0,TA-TABSWIFT (default),0.12155914891864494,140.9626350402832,0.37760400772094727,roc_auc,binary,0.14835353621304948,config,TabSwift,tabarena-2026-07-13,default,TA-TABSWIFT,False,
Bioresponse,0,TA-EXAONE-TABULAR (default),0.10599391496393773,52.1486177444458,2.012272596359253,roc_auc,binary,0.130859415289725,config,EXAONE-Tabular,tabarena-2026-08-06,default,TA-EXAONE-TABULAR,False,
Bioresponse,0,[Leakage] TabSTAR_base (default),0.1784635026538377,3496.6816115379333,345.2827134132385,roc_auc,binary,0.2048390860614312,config,[Leakage] TabSTAR_base,[Leakage] TabSTAR_base,default,[Leakage] TabSTAR_base,False,
Bioresponse,0,[Leakage] TabSTAR_correct (default),0.18062827225130884,3496.3070533275604,343.10249519348145,roc_auc,binary,0.2506398008333848,config,[Leakage] TabSTAR_correct,[Leakage] TabSTAR_correct,default,[Leakage] TabSTAR_correct,False,
Bioresponse,0,[Leakage] TabSTAR_wrong (default),0.2283227025385206,3461.807089805603,340.90670704841614,roc_auc,binary,0.2350866777028281,config,[Leakage] TabSTAR_wrong,[Leakage] TabSTAR_wrong,default,[Leakage] TabSTAR_wrong,False,
Diabetes130US,0,"AutoGluon 1.4 (best, 4h)",0.3145255579361713,14500.121894836426,100.45424485206604,roc_auc,binary,0.3230765015862377,baseline,AutoGluon_v140_bq_4h8c,tabarena-2025-11-01,,,False,
Diabetes130US,0,"AutoGluon 1.5 (extreme, 4h)",0.31530407862234644,5696.262028217316,21.37107825279236,roc_auc,binary,0.3303710323465088,baseline,AutoGluon_v150_eq_4h8c,tabarena-2025-12-18,,,False,
Diabetes130US,0,"AutoGluon 1.6 (extreme, 4h)",0.3168002405188711,122.5635724067688,25.037134170532227,roc_auc,binary,0.3344053189501509,baseline,AutoGluon_16_extreme,tabarena-2026-08-05,,,False,
Diabetes130US,0,"AutoGluon 1.6 (noncommercial, 4h)",0.3139829918046624,176.1236355304718,21.204362869262695,roc_auc,binary,0.3323051736109275,baseline,AutoGluon_16_noncommercial,tabarena-2026-08-05,,,False,
Diabetes130US,0,TabFM+,0.31700140366981566,288.04210138320923,510.57019996643066,roc_auc,binary,,baseline,TabFM+,tabarena-2026-07-07,,,False,
Diabetes130US,0,CAT (default),0.3199531813373562,276.78515005111694,0.8513774871826172,roc_auc,binary,0.3349131578746116,config,CatBoost,tabarena-2026-07-13,default,CAT,False,
Diabetes130US,0,CAT (tuned),0.3199375613782184,20514.978603839874,0.5699596405029297,roc_auc,binary,0.33330122272929696,hpo,CatBoost,tabarena-2026-07-13,tuned,CAT,False,
Diabetes130US,0,CAT (tuned + ensemble),0.3193188904212404,20514.978603839874,9.029531002044678,roc_auc,binary,0.3301395251612449,hpo,CatBoost,tabarena-2026-07-13,tuned_ensemble,CAT,False,
Diabetes130US,0,CHIMERA (default),0.3226120601079705,17.062392950057983,1.6145503520965576,roc_auc,binary,0.3415678923416894,config,ChimeraBoost,tabarena-2026-08-10,default,CHIMERA,False,
Diabetes130US,0,CHIMERA (tuned),0.32107168002536723,3453.577217102051,1.6595938205718994,roc_auc,binary,0.3385898841674648,hpo,ChimeraBoost,tabarena-2026-08-10,tuned,CHIMERA,False,
Diabetes130US,0,CHIMERA (tuned + ensemble),0.32109579505000096,3453.577217102051,33.64529371261597,roc_auc,binary,0.3310073118597415,hpo,ChimeraBoost,tabarena-2026-08-10,tuned_ensemble,CHIMERA,False,
Diabetes130US,0,EBM (default),0.3329900376887144,109.6395320892334,0.19201970100402832,roc_auc,binary,0.3455908199927542,config,ExplainableBM,tabarena-2026-07-13,default,EBM,False,
Diabetes130US,0,EBM (tuned),0.3334633169699007,45451.5753865242,0.1461472511291504,roc_auc,binary,0.3428005278294749,hpo,ExplainableBM,tabarena-2026-07-13,tuned,EBM,False,
Diabetes130US,0,EBM (tuned + ensemble),0.3276736393579651,45451.5753865242,2.5978541374206543,roc_auc,binary,0.3365820495053524,hpo,ExplainableBM,tabarena-2026-07-13,tuned_ensemble,EBM,False,
Diabetes130US,0,XT (default),0.3676600880294859,15.752253532409668,1.3552510738372803,roc_auc,binary,0.38861232111397115,config,ExtraTrees,tabarena-2026-07-13,default,XT,False,
Diabetes130US,0,XT (tuned),0.3463935520282534,1757.5928239822388,0.24589276313781738,roc_auc,binary,0.35995100026349813,hpo,ExtraTrees,tabarena-2026-07-13,tuned,XT,False,
Diabetes130US,0,XT (tuned + ensemble),0.3425360907650943,1757.5928239822388,4.370927333831787,roc_auc,binary,0.35497746478649317,hpo,ExtraTrees,tabarena-2026-07-13,tuned_ensemble,XT,False,
Diabetes130US,0,KNN (default),0.46419936057477595,5.411126613616943,2.1205034255981445,roc_auc,binary,0.457874162157326,config,KNeighbors,tabarena-2025-10-20,default,KNN,False,
Diabetes130US,0,KNN (tuned),0.3604550228921737,46013.13304543495,478.60410737991333,roc_auc,binary,0.3738905292457806,hpo,KNeighbors,tabarena-2025-10-20,tuned,KNN,False,
Diabetes130US,0,KNN (tuned + ensemble),0.34255378242407564,46013.13304543495,3236.102580308914,roc_auc,binary,0.3505299990239086,hpo,KNeighbors,tabarena-2025-10-20,tuned_ensemble,KNN,False,
Diabetes130US,0,GBM (default),0.342632035679012,8.963607788085938,0.8931827545166016,roc_auc,binary,0.36588227306346377,config,LightGBM,tabarena-2025-06-12,default,GBM,False,
Diabetes130US,0,GBM (tuned),0.32210518421291934,1964.1285285949707,0.8009810447692871,roc_auc,binary,0.340405107285499,hpo,LightGBM,tabarena-2025-06-12,tuned,GBM,False,
Diabetes130US,0,GBM (tuned + ensemble),0.3180730753645381,1964.1285285949707,12.617667198181152,roc_auc,binary,0.33169632662602355,hpo,LightGBM,tabarena-2025-06-12,tuned_ensemble,GBM,False,
Diabetes130US,0,LR (default),0.3472693329933261,9.697660446166992,0.8751175403594971,roc_auc,binary,0.3585541972110975,config,LinearModel,tabarena-2025-10-20,default,LR,False,
Diabetes130US,0,LR (tuned),0.33255564936543724,2288.0505080223083,0.6646506786346436,roc_auc,binary,0.34811772918420547,hpo,LinearModel,tabarena-2025-10-20,tuned,LR,False,
Diabetes130US,0,LR (tuned + ensemble),0.3329000667240809,2288.0505080223083,1.9404501914978027,roc_auc,binary,0.3475841325190667,hpo,LinearModel,tabarena-2025-10-20,tuned_ensemble,LR,False,
Diabetes130US,0,FASTAI (default),0.3423150436802018,78.45731043815613,2.6901700496673584,roc_auc,binary,0.39107820608697874,config,NeuralNetFastAI,tabarena-2025-06-12,default,FASTAI,False,
Diabetes130US,0,FASTAI (tuned),0.3368875737382646,20260.7967069149,3.540609359741211,roc_auc,binary,0.3537925895278845,hpo,NeuralNetFastAI,tabarena-2025-06-12,tuned,FASTAI,False,
Diabetes130US,0,FASTAI (tuned + ensemble),0.32947594149221493,20260.7967069149,72.24082136154175,roc_auc,binary,0.33758117683408506,hpo,NeuralNetFastAI,tabarena-2025-06-12,tuned_ensemble,FASTAI,False,
Diabetes130US,0,NN_TORCH (default),0.335360522687459,89.56782746315002,1.8121509552001953,roc_auc,binary,0.35964698381845384,config,NeuralNetTorch,tabarena-2025-06-12,default,NN_TORCH,False,
Diabetes130US,0,NN_TORCH (tuned),0.32507874213225396,44116.6845498085,1.5595250129699707,roc_auc,binary,0.3422762617325248,hpo,NeuralNetTorch,tabarena-2025-06-12,tuned,NN_TORCH,False,
Diabetes130US,0,NN_TORCH (tuned + ensemble),0.31882731660545693,44116.6845498085,77.43880462646484,roc_auc,binary,0.3307283267744793,hpo,NeuralNetTorch,tabarena-2025-06-12,tuned_ensemble,NN_TORCH,False,
Diabetes130US,0,RF (default),0.3628273274791407,5.370874404907227,0.34038496017456055,roc_auc,binary,0.38731530086820054,config,RandomForest,tabarena-2025-06-12,default,RF,False,
Diabetes130US,0,RF (tuned),0.33426983300740054,1997.1575212478638,0.48145508766174316,roc_auc,binary,0.3517127993001087,hpo,RandomForest,tabarena-2025-06-12,tuned,RF,False,
Diabetes130US,0,RF (tuned + ensemble),0.3346783634474454,1997.1575212478638,5.108259677886963,roc_auc,binary,0.34680335254661054,hpo,RandomForest,tabarena-2025-06-12,tuned_ensemble,RF,False,
Diabetes130US,0,XGB (default),0.3237403144195834,28.45647168159485,1.130601167678833,roc_auc,binary,0.3461778125063988,config,XGBoost,tabarena-2025-06-12,default,XGB,False,
Diabetes130US,0,XGB (tuned),0.3187086487615093,5458.171616315842,1.393892765045166,roc_auc,binary,0.3381054018151354,hpo,XGBoost,tabarena-2025-06-12,tuned,XGB,False,
Diabetes130US,0,XGB (tuned + ensemble),0.31787093665123334,5458.171616315842,9.622682094573975,roc_auc,binary,0.3342290468646426,hpo,XGBoost,tabarena-2025-06-12,tuned_ensemble,XGB,False,
Diabetes130US,0,MITRA_GPU (default),0.3628273274791407,5.370874404907227,0.34038496017456055,roc_auc,binary,0.38731530086820054,config,Mitra_GPU,tabarena-2025-09-03,default,MITRA_GPU,True,
Diabetes130US,0,MNCA_GPU (default),0.33326455436004465,258.9002752304077,17.98748517036438,roc_auc,binary,0.3512015532380869,config,ModernNCA_GPU,tabarena-2025-06-12,default,MNCA_GPU,False,
Diabetes130US,0,MNCA_GPU (tuned),0.329646062029631,78697.53434681892,16.3704354763031,roc_auc,binary,0.3475826605698549,hpo,ModernNCA_GPU,tabarena-2025-06-12,tuned,MNCA_GPU,False,
Diabetes130US,0,MNCA_GPU (tuned + ensemble),0.32391635409940944,78697.53434681892,522.4846982955933,roc_auc,binary,0.33079772493117676,hpo,ModernNCA_GPU,tabarena-2025-06-12,tuned_ensemble,MNCA_GPU,False,
Diabetes130US,0,REALMLP_GPU (default),0.33001333385480247,406.7157688140869,4.750479459762573,roc_auc,binary,0.3654193820406353,config,RealMLP_GPU,tabarena-2025-09-03,default,REALMLP_GPU,False,
Diabetes130US,0,REALMLP_GPU (tuned),0.3164402032010898,74525.08148908615,1.7280642986297607,roc_auc,binary,0.3396246946150807,hpo,RealMLP_GPU,tabarena-2025-09-03,tuned,REALMLP_GPU,False,
Diabetes130US,0,REALMLP_GPU (tuned + ensemble),0.31734277376625564,74525.08148908615,34.4759464263916,roc_auc,binary,0.3282004801405133,hpo,RealMLP_GPU,tabarena-2025-09-03,tuned_ensemble,REALMLP_GPU,False,
Diabetes130US,0,TABDPT_GPU (default),0.3717422355539822,1976.8217418193817,939.4283254146576,roc_auc,binary,0.38492589146877154,config,TabDPT_GPU,tabarena-2025-10-20,default,TABDPT_GPU,False,
Diabetes130US,0,TABDPT_GPU (tuned),0.34467890800854706,205303.81816506386,934.3603785037994,roc_auc,binary,0.36841317323825296,hpo,TabDPT_GPU,tabarena-2025-10-20,tuned,TABDPT_GPU,False,
Diabetes130US,0,TABDPT_GPU (tuned + ensemble),0.3459162170383786,205303.81816506386,7657.656301736832,roc_auc,binary,0.3590193139746337,hpo,TabDPT_GPU,tabarena-2025-10-20,tuned_ensemble,TABDPT_GPU,False,
Diabetes130US,0,TABDPT_TURBO (default),0.35068427259308166,36.02720332145691,6.201170206069946,roc_auc,binary,0.35486795121691694,config,TabDPT-Turbo,tabarena-2026-07-13,default,TABDPT_TURBO,False,
Diabetes130US,0,TABICL_GPU (default),0.34434181284829224,858.4639592170715,171.74231386184692,roc_auc,binary,0.35693096889864506,config,TabICL_GPU,tabarena-2025-06-12,default,TABICL_GPU,False,
Diabetes130US,0,TA-TABM (default),0.33282395093723693,79.41249370574951,1.0901210308074951,roc_auc,binary,0.35050633271199905,config,TabM,tabarena-2026-06-26,default,TA-TABM,False,
Diabetes130US,0,TA-TABM (tuned),0.3272078795799145,23577.13924241066,0.9310388565063477,roc_auc,binary,0.3434637026232794,hpo,TabM,tabarena-2026-06-26,tuned,TA-TABM,False,
Diabetes130US,0,TA-TABM (tuned + ensemble),0.3264787289259896,23577.13924241066,6.767163515090942,roc_auc,binary,0.341670660162643,hpo,TabM,tabarena-2026-06-26,tuned_ensemble,TA-TABM,False,
Diabetes130US,0,TABPFNV2_GPU (default),0.3628273274791407,5.370874404907227,0.34038496017456055,roc_auc,binary,0.38731530086820054,config,TabPFNv2_GPU,tabarena-2025-06-12,default,TABPFNV2_GPU,True,RandomForest_c1_BAG_L1
Diabetes130US,0,TABPFNV2_GPU (tuned),0.3628273274791407,5.370874404907227,0.34038496017456055,roc_auc,binary,0.38731530086820065,hpo,TabPFNv2_GPU,tabarena-2025-06-12,tuned,TABPFNV2_GPU,True,RandomForest_c1_BAG_L1
Diabetes130US,0,TABPFNV2_GPU (tuned + ensemble),0.3628273274791407,5.370874404907227,0.34038496017456055,roc_auc,binary,0.38731530086820065,hpo,TabPFNv2_GPU,tabarena-2025-06-12,tuned_ensemble,TABPFNV2_GPU,True,RandomForest_c1_BAG_L1
Diabetes130US,0,XRFM_GPU (default),0.3667713726421097,175.4085078239441,9.37047028541565,roc_auc,binary,0.38065322858354333,config,xRFM_GPU,tabarena-2025-09-03,default,XRFM_GPU,False,
Diabetes130US,0,XRFM_GPU (tuned),0.32383773911910363,61066.58197283745,10.517709016799927,roc_auc,binary,0.341724176617788,hpo,xRFM_GPU,tabarena-2025-09-03,tuned,XRFM_GPU,False,
Diabetes130US,0,XRFM_GPU (tuned + ensemble),0.32577717901389547,61066.58197283745,196.23556470870972,roc_auc,binary,0.33511082941542214,hpo,xRFM_GPU,tabarena-2025-09-03,tuned_ensemble,XRFM_GPU,False,
Diabetes130US,0,BETA_GPU (default),0.33471690364136,3439.329686641693,27.53492045402527,roc_auc,binary,0.35787875343280073,config,BetaTabPFN_GPU,tabarena-2025-09-03,default,BETA_GPU,False,
Diabetes130US,0,TABFLEX_GPU (default),0.3993535989569681,5.401978254318237,0.5629246234893799,roc_auc,binary,0.3976698440942643,config,TabFlex_GPU,tabarena-2025-09-03,default,TABFLEX_GPU,False,
Diabetes130US,0,REALTABPFN-V2.5 (default),0.33172921650986487,281.7108254432678,54.69789004325867,roc_auc,binary,0.348779804812956,config,RealTabPFN-v2.5,tabarena-2025-11-12,default,REALTABPFN-V2.5,False,
Diabetes130US,0,REALTABPFN-V2.5 (tuned),0.3339890245069157,108595.15169668198,48.34679412841797,roc_auc,binary,0.34819578360833525,hpo,RealTabPFN-v2.5,tabarena-2025-11-12,tuned,REALTABPFN-V2.5,False,
Diabetes130US,0,REALTABPFN-V2.5 (tuned + ensemble),0.33390845840188943,108595.15169668198,1026.770117521286,roc_auc,binary,0.3455766843464122,hpo,RealTabPFN-v2.5,tabarena-2025-11-12,tuned_ensemble,REALTABPFN-V2.5,False,
Diabetes130US,0,SAP-RPT-OSS (default),0.3415571303787137,1382.7238190174103,681.1211271286011,roc_auc,binary,0.3535743655193073,config,SAP-RPT-OSS,tabarena-2025-11-25,default,SAP-RPT-OSS,False,
Diabetes130US,0,TABICLV2 (default),0.32914713313133426,36.61523675918579,4.781071901321411,roc_auc,binary,0.3435849808223108,config,TabICLv2,tabarena-2026-07-13,default,TABICLV2,False,
Diabetes130US,0,TABSTAR (default),0.3631380714942959,3390.0538845062256,79.14414191246033,roc_auc,binary,0.3785532997880585,config,TabSTAR,tabarena-2026-03-18,default,TABSTAR,False,
Diabetes130US,0,TABSTAR (tuned),0.34391941626908296,172739.89591169357,79.35828471183777,roc_auc,binary,0.3623268660855419,hpo,TabSTAR,tabarena-2026-03-18,tuned,TABSTAR,False,
Diabetes130US,0,TABSTAR (tuned + ensemble),0.3444161309696634,172739.89591169357,234.64123010635376,roc_auc,binary,0.36152109586920345,hpo,TabSTAR,tabarena-2026-03-18,tuned_ensemble,TABSTAR,False,
Diabetes130US,0,PB (default),0.4232666821821274,62.84120202064514,5.861252784729004,roc_auc,binary,0.42956340917362057,config,PerpetualBooster,tabarena-2026-03-18,default,PB,False,
Diabetes130US,0,PB (tuned),0.4156631601082422,1153.6898753643036,5.367193698883057,roc_auc,binary,0.4151985087975828,hpo,PerpetualBooster,tabarena-2026-03-18,tuned,PB,False,
Diabetes130US,0,PB (tuned + ensemble),0.41415909506046256,1153.6898753643036,75.36785578727722,roc_auc,binary,0.4136397118411351,hpo,PerpetualBooster,tabarena-2026-03-18,tuned_ensemble,PB,False,
Diabetes130US,0,TABPFN-V2.6 (default),0.31901228980577234,195.47554755210876,32.53695464134216,roc_auc,binary,0.3409284331988742,config,TabPFN-v2.6,tabarena-2026-03-18,default,TABPFN-V2.6,False,
Diabetes130US,0,TA-LIMIX (default),0.529767071223243,310.37144470214844,127.80998969078064,roc_auc,binary,0.5165483081533624,config,LimiX,tabarena-2026-05-13,default,TA-LIMIX,False,
Diabetes130US,0,TA-ORION-MSP (default),0.3769818604153975,845.3258211612701,167.40196800231934,roc_auc,binary,0.38555481397700475,config,OrionMSP,tabarena-2026-05-13,default,TA-ORION-MSP,False,
Diabetes130US,0,TA-TABPFN-3 (default),0.3202598586824481,48.61452531814575,7.373413801193237,roc_auc,binary,0.3373289581995753,config,TabPFN-3,tabarena-2026-07-13,default,TA-TABPFN-3,False,
Diabetes130US,0,TA-ILTM (default),0.32616917970069137,2609.324975013733,141.47196793556213,roc_auc,binary,0.34043717768732207,config,iLTM,tabarena-2026-05-13,default,TA-ILTM,False,
Diabetes130US,0,TA-ILTM (tuned),0.32616926739168994,62821.847514390945,141.47196793556213,roc_auc,binary,0.3404371913926221,hpo,iLTM,tabarena-2026-05-13,tuned,TA-ILTM,False,
Diabetes130US,0,TA-ILTM (tuned + ensemble),0.31866159157934904,62821.847514390945,1686.4261302947998,roc_auc,binary,0.32955874663058626,hpo,iLTM,tabarena-2026-05-13,tuned_ensemble,TA-ILTM,False,
Diabetes130US,0,TA-NORI (default),0.3628273274791407,5.370874404907227,0.34038496017456055,roc_auc,binary,0.38731530086820054,config,Nori,tabarena-2026-07-13,default,TA-NORI,True,
Diabetes130US,0,TA-NORI-30M (default),0.3628273274791407,5.370874404907227,0.34038496017456055,roc_auc,binary,0.38731530086820054,config,Nori-30M,tabarena-2026-07-13,default,TA-NORI-30M,True,
Diabetes130US,0,TABFM (default),0.31882055343718463,2013.0595574378967,472.5027687549591,roc_auc,binary,0.3338833306740483,config,TabFM,tabarena-2026-07-13,default,TABFM,False,
Diabetes130US,0,TA-TABSWIFT (default),0.3594962095127371,32.62079668045044,4.471003770828247,roc_auc,binary,0.3713020640702487,config,TabSwift,tabarena-2026-07-13,default,TA-TABSWIFT,False,
Diabetes130US,0,TA-EXAONE-TABULAR (default),0.3066422358082861,223.04950714111328,42.81519436836243,roc_auc,binary,0.3261609917176955,config,EXAONE-Tabular,tabarena-2026-08-06,default,TA-EXAONE-TABULAR,False,
Diabetes130US,0,[Leakage] TabSTAR_base (default),0.34049525815309245,3375.863434791565,122.63720321655273,roc_auc,binary,0.3602468593140272,config,[Leakage] TabSTAR_base,[Leakage] TabSTAR_base,default,[Leakage] TabSTAR_base,False,
Diabetes130US,0,[Leakage] TabSTAR_correct (default),0.3659000529565941,3441.9301199913025,122.46032667160034,roc_auc,binary,0.37899729668441107,config,[Leakage] TabSTAR_correct,[Leakage] TabSTAR_correct,default,[Leakage] TabSTAR_correct,False,
Diabetes130US,0,[Leakage] TabSTAR_wrong (default),0.352491342925384,3359.7391979694366,122.20788478851318,roc_auc,binary,0.36733760596972154,config,[Leakage] TabSTAR_wrong,[Leakage] TabSTAR_wrong,default,[Leakage] TabSTAR_wrong,False,
E-CommereShippingData,0,"AutoGluon 1.4 (best, 4h)",0.2613111594004053,6031.7311589717865,1.0881035327911377,roc_auc,binary,0.2412541282187547,baseline,AutoGluon_v140_bq_4h8c,tabarena-2025-11-01,,,False,
E-CommereShippingData,0,"AutoGluon 1.5 (extreme, 4h)",0.2631943182618821,2579.4113879203796,36.78711724281311,roc_auc,binary,0.243059162278371,baseline,AutoGluon_v150_eq_4h8c,tabarena-2025-12-18,,,False,
E-CommereShippingData,0,"AutoGluon 1.6 (extreme, 4h)",0.25562290099170215,26.243163108825684,0.9666953086853027,roc_auc,binary,0.25369824629209137,baseline,AutoGluon_16_extreme,tabarena-2026-08-05,,,False,
E-CommereShippingData,0,"AutoGluon 1.6 (noncommercial, 4h)",0.2556298539084044,35.61029839515686,1.2138869762420654,roc_auc,binary,0.25138667568481576,baseline,AutoGluon_16_noncommercial,tabarena-2026-08-05,,,False,
E-CommereShippingData,0,TabFM+,0.2606623750174596,68.70767951011658,21.510934829711914,roc_auc,binary,,baseline,TabFM+,tabarena-2026-07-07,,,False,
E-CommereShippingData,0,CAT (default),0.2590593414444514,8.896025657653809,0.04721379280090332,roc_auc,binary,0.25320307261220354,config,CatBoost,tabarena-2026-07-13,default,CAT,False,
E-CommereShippingData,0,CAT (tuned),0.26172261755991555,1691.644613981247,0.046212196350097656,roc_auc,binary,0.24749531861442586,hpo,CatBoost,tabarena-2026-07-13,tuned,CAT,False,
E-CommereShippingData,0,CAT (tuned + ensemble),0.2636712883476533,1691.644613981247,0.329937219619751,roc_auc,binary,0.24237310014976565,hpo,CatBoost,tabarena-2026-07-13,tuned_ensemble,CAT,False,
E-CommereShippingData,0,CHIMERA (default),0.25577153889986926,10.085465669631958,0.09659409523010254,roc_auc,binary,0.249015005555824,config,ChimeraBoost,tabarena-2026-08-10,default,CHIMERA,False,
E-CommereShippingData,0,CHIMERA (tuned),0.2529395386724317,2106.631603002548,0.0631704330444336,roc_auc,binary,0.24281424223392434,hpo,ChimeraBoost,tabarena-2026-08-10,tuned,CHIMERA,False,
E-CommereShippingData,0,CHIMERA (tuned + ensemble),0.2593237067883952,2106.631603002548,1.085916519165039,roc_auc,binary,0.2344471133871201,hpo,ChimeraBoost,tabarena-2026-08-10,tuned_ensemble,CHIMERA,False,
E-CommereShippingData,0,EBM (default),0.25858144430312,7.380628824234009,0.01859569549560547,roc_auc,binary,0.25403727716314806,config,ExplainableBM,tabarena-2026-07-13,default,EBM,False,
E-CommereShippingData,0,EBM (tuned),0.2594796066317847,1626.0015411376953,0.014601945877075195,roc_auc,binary,0.24939411565776126,hpo,ExplainableBM,tabarena-2026-07-13,tuned,EBM,False,
E-CommereShippingData,0,EBM (tuned + ensemble),0.2586594714794447,1626.0015411376953,0.08126211166381836,roc_auc,binary,0.2486118169959901,hpo,ExplainableBM,tabarena-2026-07-13,tuned_ensemble,EBM,False,
E-CommereShippingData,0,XT (default),0.25732003070408016,7.814357757568359,0.64430832862854,roc_auc,binary,0.26741867723078405,config,ExtraTrees,tabarena-2026-07-13,default,XT,False,
E-CommereShippingData,0,XT (tuned),0.257742150002534,1240.883493900299,0.13810133934020996,roc_auc,binary,0.25169231363834,hpo,ExtraTrees,tabarena-2026-07-13,tuned,XT,False,
E-CommereShippingData,0,XT (tuned + ensemble),0.2593682054552894,1240.883493900299,1.2439169883728027,roc_auc,binary,0.2500708633267308,hpo,ExtraTrees,tabarena-2026-07-13,tuned_ensemble,XT,False,
E-CommereShippingData,0,KNN (default),0.2971077102592913,0.4793965816497803,0.05376863479614258,roc_auc,binary,0.2956076332189961,config,KNeighbors,tabarena-2025-10-20,default,KNN,False,
E-CommereShippingData,0,KNN (tuned),0.2632689462344857,299.25779485702515,0.7317471504211426,roc_auc,binary,0.26047414850958983,hpo,KNeighbors,tabarena-2025-10-20,tuned,KNN,False,
E-CommereShippingData,0,KNN (tuned + ensemble),0.26041763234954196,299.25779485702515,2.4242396354675293,roc_auc,binary,0.25708028407169425,hpo,KNeighbors,tabarena-2025-10-20,tuned_ensemble,KNN,False,
E-CommereShippingData,0,GBM (default),0.2590721657130355,6.213339567184448,0.6167707443237305,roc_auc,binary,0.2597550413063433,config,LightGBM,tabarena-2025-06-12,default,GBM,False,
E-CommereShippingData,0,GBM (tuned),0.259995049523308,1156.1988699436188,0.05723428726196289,roc_auc,binary,0.25281859027006137,hpo,LightGBM,tabarena-2025-06-12,tuned,GBM,False,
E-CommereShippingData,0,GBM (tuned + ensemble),0.2582229828198064,1156.1988699436188,1.502277135848999,roc_auc,binary,0.2510203584714238,hpo,LightGBM,tabarena-2025-06-12,tuned_ensemble,GBM,False,
E-CommereShippingData,0,LR (default),0.3004778662394795,4.0401811599731445,0.11581850051879883,roc_auc,binary,0.29409525097830813,config,LinearModel,tabarena-2025-10-20,default,LR,False,
E-CommereShippingData,0,LR (tuned),0.2792958827608456,778.4348268508911,0.05770611763000488,roc_auc,binary,0.27772738779651196,hpo,LinearModel,tabarena-2025-10-20,tuned,LR,False,
E-CommereShippingData,0,LR (tuned + ensemble),0.2786364372389566,778.4348268508911,0.30161428451538086,roc_auc,binary,0.27616626890187934,hpo,LinearModel,tabarena-2025-10-20,tuned_ensemble,LR,False,
E-CommereShippingData,0,FASTAI (default),0.2631357592523236,13.605023384094238,0.6888890266418457,roc_auc,binary,0.25797686844775114,config,NeuralNetFastAI,tabarena-2025-06-12,default,FASTAI,False,
E-CommereShippingData,0,FASTAI (tuned),0.25679454471065355,3476.1911215782166,0.7763912677764893,roc_auc,binary,0.24711014058650171,hpo,NeuralNetFastAI,tabarena-2025-06-12,tuned,FASTAI,False,
E-CommereShippingData,0,FASTAI (tuned + ensemble),0.2587450696095118,3476.1911215782166,9.767122745513916,roc_auc,binary,0.24074654814242236,hpo,NeuralNetFastAI,tabarena-2025-06-12,tuned_ensemble,FASTAI,False,
E-CommereShippingData,0,NN_TORCH (default),0.2643333605269632,25.32500958442688,0.19310474395751953,roc_auc,binary,0.26048504758684,config,NeuralNetTorch,tabarena-2025-06-12,default,NN_TORCH,False,
E-CommereShippingData,0,NN_TORCH (tuned),0.26135488552099906,11980.172354459763,0.11448168754577637,roc_auc,binary,0.24775909947340446,hpo,NeuralNetTorch,tabarena-2025-06-12,tuned,NN_TORCH,False,
E-CommereShippingData,0,NN_TORCH (tuned + ensemble),0.26096768531531633,11980.172354459763,5.0534303188323975,roc_auc,binary,0.23463734479926568,hpo,NeuralNetTorch,tabarena-2025-06-12,tuned_ensemble,NN_TORCH,False,
E-CommereShippingData,0,RF (default),0.2552919421566773,2.08131742477417,0.12600064277648926,roc_auc,binary,0.26388872892410276,config,RandomForest,tabarena-2025-06-12,default,RF,False,
E-CommereShippingData,0,RF (tuned),0.25734490669494803,787.3376877307892,0.1174471378326416,roc_auc,binary,0.24956193052804487,hpo,RandomForest,tabarena-2025-06-12,tuned,RF,False,
E-CommereShippingData,0,RF (tuned + ensemble),0.257821258743679,787.3376877307892,1.531874418258667,roc_auc,binary,0.2477165080438668,hpo,RandomForest,tabarena-2025-06-12,tuned_ensemble,RF,False,
E-CommereShippingData,0,XGB (default),0.2610489571861021,3.6384027004241943,0.16035962104797363,roc_auc,binary,0.2610062708343398,config,XGBoost,tabarena-2025-06-12,default,XGB,False,
E-CommereShippingData,0,XGB (tuned),0.2567338225714544,880.615763425827,0.08060526847839355,roc_auc,binary,0.25336068409101886,hpo,XGBoost,tabarena-2025-06-12,tuned,XGB,False,
E-CommereShippingData,0,XGB (tuned + ensemble),0.2572194451757883,880.615763425827,0.49344420433044434,roc_auc,binary,0.25301929561814585,hpo,XGBoost,tabarena-2025-06-12,tuned_ensemble,XGB,False,
E-CommereShippingData,0,MITRA_GPU (default),0.26122942400183935,540.3475375175476,10.013233184814453,roc_auc,binary,0.2452385525870816,config,Mitra_GPU,tabarena-2025-09-03,default,MITRA_GPU,False,
E-CommereShippingData,0,MNCA_GPU (default),0.2518786780929354,20.470438957214355,0.3402881622314453,roc_auc,binary,0.2489239480168124,config,ModernNCA_GPU,tabarena-2025-06-12,default,MNCA_GPU,False,
E-CommereShippingData,0,MNCA_GPU (tuned),0.26013410785735214,7821.078097581863,0.661099910736084,roc_auc,binary,0.2377950239141987,hpo,ModernNCA_GPU,tabarena-2025-06-12,tuned,MNCA_GPU,False,
E-CommereShippingData,0,MNCA_GPU (tuned + ensemble),0.258783542415264,7821.078097581863,12.794028997421265,roc_auc,binary,0.21401822310256535,hpo,ModernNCA_GPU,tabarena-2025-06-12,tuned_ensemble,MNCA_GPU,False,
E-CommereShippingData,0,REALMLP_GPU (default),0.25978877966114267,59.526649475097656,3.559006452560425,roc_auc,binary,0.2501601816512875,config,RealMLP_GPU,tabarena-2025-09-03,default,REALMLP_GPU,False,
E-CommereShippingData,0,REALMLP_GPU (tuned),0.2541887460399277,14751.086069583893,0.5763194561004639,roc_auc,binary,0.2361059374849026,hpo,RealMLP_GPU,tabarena-2025-09-03,tuned,REALMLP_GPU,False,
E-CommereShippingData,0,REALMLP_GPU (tuned + ensemble),0.25805194106893214,14751.086069583893,36.882843255996704,roc_auc,binary,0.22256043287115324,hpo,RealMLP_GPU,tabarena-2025-09-03,tuned_ensemble,REALMLP_GPU,False,
E-CommereShippingData,0,TABDPT_GPU (default),0.26320358881748496,377.0883421897888,159.58387994766235,roc_auc,binary,0.26094590076815316,config,TabDPT_GPU,tabarena-2025-10-20,default,TABDPT_GPU,False,
E-CommereShippingData,0,TABDPT_GPU (tuned),0.26107877747329156,42677.87438082695,32.94793462753296,roc_auc,binary,0.25190159911106813,hpo,TabDPT_GPU,tabarena-2025-10-20,tuned,TABDPT_GPU,False,
E-CommereShippingData,0,TABDPT_GPU (tuned + ensemble),0.2610386050656788,42677.87438082695,527.9587035179138,roc_auc,binary,0.24799613507898932,hpo,TabDPT_GPU,tabarena-2025-10-20,tuned_ensemble,TABDPT_GPU,False,
E-CommereShippingData,0,TABDPT_TURBO (default),0.2560459473457162,8.772316455841064,0.3568868637084961,roc_auc,binary,0.2568716169863279,config,TabDPT-Turbo,tabarena-2026-07-13,default,TABDPT_TURBO,False,
E-CommereShippingData,0,TABICL_GPU (default),0.26157954198511013,21.43428325653076,2.620540142059326,roc_auc,binary,0.24834981400067635,config,TabICL_GPU,tabarena-2025-06-12,default,TABICL_GPU,False,
E-CommereShippingData,0,TA-TABM (default),0.2613001892429416,13.228710412979126,0.34909749031066895,roc_auc,binary,0.2447384318082999,config,TabM,tabarena-2026-06-26,default,TA-TABM,False,
E-CommereShippingData,0,TA-TABM (tuned),0.2617556825415661,4314.249656677246,0.29748082160949707,roc_auc,binary,0.24331115512826706,hpo,TabM,tabarena-2026-06-26,tuned,TA-TABM,False,
E-CommereShippingData,0,TA-TABM (tuned + ensemble),0.26211738871934076,4314.249656677246,3.776773691177368,roc_auc,binary,0.2409600463790521,hpo,TabM,tabarena-2026-06-26,tuned_ensemble,TA-TABM,False,
E-CommereShippingData,0,TABPFNV2_GPU (default),0.2600800296163349,15.123955726623535,0.5330719947814941,roc_auc,binary,0.25030662350838206,config,TabPFNv2_GPU,tabarena-2025-06-12,default,TABPFNV2_GPU,False,
E-CommereShippingData,0,TABPFNV2_GPU (tuned),0.2539364324182677,23154.242782831192,0.5240821838378906,roc_auc,binary,0.24818219237644334,hpo,TabPFNv2_GPU,tabarena-2025-06-12,tuned,TABPFNV2_GPU,False,
E-CommereShippingData,0,TABPFNV2_GPU (tuned + ensemble),0.25534880156437534,23154.242782831192,173.82208108901978,roc_auc,binary,0.24507267017730328,hpo,TabPFNv2_GPU,tabarena-2025-06-12,tuned_ensemble,TABPFNV2_GPU,False,
E-CommereShippingData,0,XRFM_GPU (default),0.2612624889834897,8.572338819503784,0.5243449211120605,roc_auc,binary,0.26475454852891445,config,xRFM_GPU,tabarena-2025-09-03,default,XRFM_GPU,False,
E-CommereShippingData,0,XRFM_GPU (tuned),0.25933668556623934,2211.918614625931,0.7359621524810791,roc_auc,binary,0.24837961254166863,hpo,xRFM_GPU,tabarena-2025-09-03,tuned,XRFM_GPU,False,
E-CommereShippingData,0,XRFM_GPU (tuned + ensemble),0.2600191529678757,2211.918614625931,3.481743574142456,roc_auc,binary,0.24471609256485816,hpo,xRFM_GPU,tabarena-2025-09-03,tuned_ensemble,XRFM_GPU,False,
E-CommereShippingData,0,BETA_GPU (default),0.25767663807627317,2097.0412175655365,2.222417116165161,roc_auc,binary,0.2502181941156577,config,BetaTabPFN_GPU,tabarena-2025-09-03,default,BETA_GPU,False,
E-CommereShippingData,0,TABFLEX_GPU (default),0.2656902608487133,3.374692440032959,0.3269021511077881,roc_auc,binary,0.26562342142132467,config,TabFlex_GPU,tabarena-2025-09-03,default,TABFLEX_GPU,False,
E-CommereShippingData,0,REALTABPFN-V2.5 (default),0.25649896849618004,10.268783330917358,0.9822220802307129,roc_auc,binary,0.25280204840813547,config,RealTabPFN-v2.5,tabarena-2025-11-12,default,REALTABPFN-V2.5,False,
E-CommereShippingData,0,REALTABPFN-V2.5 (tuned),0.25842199074674943,5014.432779788971,0.9055979251861572,roc_auc,binary,0.251389690323204,hpo,RealTabPFN-v2.5,tabarena-2025-11-12,tuned,REALTABPFN-V2.5,False,
E-CommereShippingData,0,REALTABPFN-V2.5 (tuned + ensemble),0.2562950162729153,5014.432779788971,6.737550973892212,roc_auc,binary,0.25102685153872173,hpo,RealTabPFN-v2.5,tabarena-2025-11-12,tuned_ensemble,REALTABPFN-V2.5,False,
E-CommereShippingData,0,SAP-RPT-OSS (default),0.25421887534563725,27.353230714797974,3.7504336833953857,roc_auc,binary,0.2506048794627759,config,SAP-RPT-OSS,tabarena-2025-11-25,default,SAP-RPT-OSS,False,
E-CommereShippingData,0,TABICLV2 (default),0.2574635698066656,6.942831516265869,0.26421475410461426,roc_auc,binary,0.2556614715686748,config,TabICLv2,tabarena-2026-07-13,default,TABICLV2,False,
E-CommereShippingData,0,TABSTAR (default),0.25390692114959834,1356.10418009758,5.779755115509033,roc_auc,binary,0.25650908739552636,config,TabSTAR,tabarena-2026-03-18,default,TABSTAR,False,
E-CommereShippingData,0,TABSTAR (tuned),0.25212991014977515,121828.69400048256,5.725749492645264,roc_auc,binary,0.2529708295086719,hpo,TabSTAR,tabarena-2026-03-18,tuned,TABSTAR,False,
E-CommereShippingData,0,TABSTAR (tuned + ensemble),0.25354506046256364,121828.69400048256,34.22230911254883,roc_auc,binary,0.251965988695106,hpo,TabSTAR,tabarena-2026-03-18,tuned_ensemble,TABSTAR,False,
E-CommereShippingData,0,PB (default),0.2678932538784915,33.879172801971436,0.036325693130493164,roc_auc,binary,0.2612017585390598,config,PerpetualBooster,tabarena-2026-03-18,default,PB,False,
E-CommereShippingData,0,PB (tuned),0.26397428100660925,205.72780799865723,0.03261280059814453,roc_auc,binary,0.25835466447654476,hpo,PerpetualBooster,tabarena-2026-03-18,tuned,PB,False,
E-CommereShippingData,0,PB (tuned + ensemble),0.26440783399030676,205.72780799865723,0.1802818775177002,roc_auc,binary,0.25787340451229523,hpo,PerpetualBooster,tabarena-2026-03-18,tuned_ensemble,PB,False,
E-CommereShippingData,0,TABPFN-V2.6 (default),0.25748767325123323,11.353323936462402,0.706594705581665,roc_auc,binary,0.2531372143581816,config,TabPFN-v2.6,tabarena-2026-03-18,default,TABPFN-V2.6,False,
E-CommereShippingData,0,TA-LIMIX (default),0.26483721522398274,53.7316575050354,5.754979610443115,roc_auc,binary,0.2807665297840476,config,LimiX,tabarena-2026-05-13,default,TA-LIMIX,False,
E-CommereShippingData,0,TA-ORION-MSP (default),0.2639461603212804,48.3936710357666,7.541608095169067,roc_auc,binary,0.2675727329822697,config,OrionMSP,tabarena-2026-05-13,default,TA-ORION-MSP,False,
E-CommereShippingData,0,TA-TABPFN-3 (default),0.2566486879691674,13.489435911178589,0.504204273223877,roc_auc,binary,0.25139908208125994,config,TabPFN-3,tabarena-2026-07-13,default,TA-TABPFN-3,False,
E-CommereShippingData,0,TA-ILTM (default),0.25740717392674783,1376.5228607654572,137.81530570983887,roc_auc,binary,0.2249121986569399,config,iLTM,tabarena-2026-05-13,default,TA-ILTM,False,
E-CommereShippingData,0,TA-ILTM (tuned),0.25740748294526783,54726.428419589996,137.81530570983887,roc_auc,binary,0.22491216000772984,hpo,iLTM,tabarena-2026-05-13,tuned,TA-ILTM,False,
E-CommereShippingData,0,TA-ILTM (tuned + ensemble),0.2580967487543463,54726.428419589996,1603.0723702907562,roc_auc,binary,0.2223739117831779,hpo,iLTM,tabarena-2026-05-13,tuned_ensemble,TA-ILTM,False,
E-CommereShippingData,0,TA-NORI (default),0.2552919421566773,2.08131742477417,0.12600064277648926,roc_auc,binary,0.26388872892410276,config,Nori,tabarena-2026-07-13,default,TA-NORI,True,
E-CommereShippingData,0,TA-NORI-30M (default),0.2552919421566773,2.08131742477417,0.12600064277648926,roc_auc,binary,0.26388872892410276,config,Nori-30M,tabarena-2026-07-13,default,TA-NORI-30M,True,
E-CommereShippingData,0,TABFM (default),0.2608729711389063,126.96725511550903,19.009257793426514,roc_auc,binary,0.25512722353736905,config,TabFM,tabarena-2026-07-13,default,TABFM,False,
E-CommereShippingData,0,TA-TABSWIFT (default),0.2568328630071457,4.902737855911255,0.18883657455444336,roc_auc,binary,0.2557387313396783,config,TabSwift,tabarena-2026-07-13,default,TA-TABSWIFT,False,
E-CommereShippingData,0,TA-EXAONE-TABULAR (default),0.2571477528791257,12.492347717285156,0.8829116821289062,roc_auc,binary,0.25148438088796554,config,EXAONE-Tabular,tabarena-2026-08-06,default,TA-EXAONE-TABULAR,False,
E-CommereShippingData,0,[Leakage] TabSTAR_base (default),0.2557665946035479,618.1573665142059,9.583888292312622,roc_auc,binary,0.25712484661094737,config,[Leakage] TabSTAR_base,[Leakage] TabSTAR_base,default,[Leakage] TabSTAR_base,False,
E-CommereShippingData,0,[Leakage] TabSTAR_correct (default),0.25692757718355574,750.8628129959106,9.542673826217651,roc_auc,binary,0.25684340306294984,config,[Leakage] TabSTAR_correct,[Leakage] TabSTAR_correct,default,[Leakage] TabSTAR_correct,False,
E-CommereShippingData,0,[Leakage] TabSTAR_wrong (default),0.2552919421566773,2.08131742477417,0.12600064277648926,roc_auc,binary,0.26388872892410276,config,[Leakage] TabSTAR_wrong,[Leakage] TabSTAR_wrong,default,[Leakage] TabSTAR_wrong,True,
Fitness_Club,0,"AutoGluon 1.4 (best, 4h)",0.1966878402903811,3410.4983718395233,0.8579723834991455,roc_auc,binary,0.15792994174462516,baseline,AutoGluon_v140_bq_4h8c,tabarena-2025-11-01,,,False,
Fitness_Club,0,"AutoGluon 1.5 (extreme, 4h)",0.19203720508166966,155.66302466392517,0.818697452545166,roc_auc,binary,0.17608493519801116,baseline,AutoGluon_v150_eq_4h8c,tabarena-2025-12-18,,,False,
Fitness_Club,0,"AutoGluon 1.6 (extreme, 4h)",0.19027903811252256,12.353877782821655,0.2528657913208008,roc_auc,binary,0.17636482665705233,baseline,AutoGluon_16_extreme,tabarena-2026-08-05,,,False,
Fitness_Club,0,"AutoGluon 1.6 (noncommercial, 4h)",0.1901845130066544,15.790578842163086,0.44400930404663086,roc_auc,binary,0.17638854627222522,baseline,AutoGluon_16_noncommercial,tabarena-2026-08-05,,,False,
Fitness_Club,0,TabFM+,0.19046808832425877,15.471206188201904,1.9345190525054932,roc_auc,binary,,baseline,TabFM+,tabarena-2026-07-07,,,False,
Fitness_Club,0,CAT (default),0.19492967332123412,6.402491569519043,0.029238224029541016,roc_auc,binary,0.1780655230649537,config,CatBoost,tabarena-2026-07-13,default,CAT,False,
Fitness_Club,0,CAT (tuned),0.19492967332123412,1358.6412580013275,0.029238224029541016,roc_auc,binary,0.17806552306495382,hpo,CatBoost,tabarena-2026-07-13,tuned,CAT,False,
Fitness_Club,0,CAT (tuned + ensemble),0.19642316999395038,1358.6412580013275,0.31435585021972656,roc_auc,binary,0.17252699292206686,hpo,CatBoost,tabarena-2026-07-13,tuned_ensemble,CAT,False,
Fitness_Club,0,CHIMERA (default),0.19781268905021165,12.560655117034912,0.0485844612121582,roc_auc,binary,0.1764810527713998,config,ChimeraBoost,tabarena-2026-08-10,default,CHIMERA,False,
Fitness_Club,0,CHIMERA (tuned),0.19341727162734423,2066.621066570282,0.01854848861694336,roc_auc,binary,0.1687698058786694,hpo,ChimeraBoost,tabarena-2026-08-10,tuned,CHIMERA,False,
Fitness_Club,0,CHIMERA (tuned + ensemble),0.1922451603145795,2066.621066570282,0.18652963638305664,roc_auc,binary,0.1616135979809864,hpo,ChimeraBoost,tabarena-2026-08-10,tuned_ensemble,CHIMERA,False,
Fitness_Club,0,EBM (default),0.196385359951603,7.599852800369263,0.007425069808959961,roc_auc,binary,0.1766020228087819,config,ExplainableBM,tabarena-2026-07-13,default,EBM,False,
Fitness_Club,0,EBM (tuned),0.20018526920750146,1427.756315946579,0.0069811344146728516,roc_auc,binary,0.17488235070874214,hpo,ExplainableBM,tabarena-2026-07-13,tuned,EBM,False,
Fitness_Club,0,EBM (tuned + ensemble),0.19506200846944943,1427.756315946579,0.07366752624511719,roc_auc,binary,0.1714406345471451,hpo,ExplainableBM,tabarena-2026-07-13,tuned_ensemble,EBM,False,
Fitness_Club,0,XT (default),0.22878856624319432,11.827943086624146,0.4822580814361572,roc_auc,binary,0.22368783088863153,config,ExtraTrees,tabarena-2026-07-13,default,XT,False,
Fitness_Club,0,XT (tuned),0.19483514821536596,1328.8497834205627,0.1546182632446289,roc_auc,binary,0.182757262946166,hpo,ExtraTrees,tabarena-2026-07-13,tuned,XT,False,
Fitness_Club,0,XT (tuned + ensemble),0.19797338173018753,1328.8497834205627,1.9885473251342773,roc_auc,binary,0.17820072487143968,hpo,ExtraTrees,tabarena-2026-07-13,tuned_ensemble,XT,False,
Fitness_Club,0,KNN (default),0.27557849364791287,0.3862941265106201,0.010089874267578125,roc_auc,binary,0.2653940302472533,config,KNeighbors,tabarena-2025-10-20,default,KNN,False,
Fitness_Club,0,KNN (tuned),0.22651996370235938,83.99056816101074,0.03086090087890625,roc_auc,binary,0.2015621738552914,hpo,KNeighbors,tabarena-2025-10-20,tuned,KNN,False,
Fitness_Club,0,KNN (tuned + ensemble),0.20521400483968544,83.99056816101074,0.41304516792297363,roc_auc,binary,0.18405946981916166,hpo,KNeighbors,tabarena-2025-10-20,tuned_ensemble,KNN,False,
Fitness_Club,0,GBM (default),0.2068965517241379,3.8850526809692383,0.021280527114868164,roc_auc,binary,0.19490882179927516,config,LightGBM,tabarena-2025-06-12,default,GBM,False,
Fitness_Club,0,GBM (tuned),0.1978410465819722,878.5714249610901,0.5353591442108154,roc_auc,binary,0.17294445814911097,hpo,LightGBM,tabarena-2025-06-12,tuned,GBM,False,
Fitness_Club,0,GBM (tuned + ensemble),0.19621521476104054,878.5714249610901,0.6986377239227295,roc_auc,binary,0.17152128123873323,hpo,LightGBM,tabarena-2025-06-12,tuned_ensemble,GBM,False,
Fitness_Club,0,LR (default),0.19683908045977017,4.144563913345337,0.09278273582458496,roc_auc,binary,0.17843317710013462,config,LinearModel,tabarena-2025-10-20,default,LR,False,
Fitness_Club,0,LR (tuned),0.19916439806412578,811.7975466251373,0.05587029457092285,roc_auc,binary,0.17738951403252434,hpo,LinearModel,tabarena-2025-10-20,tuned,LR,False,
Fitness_Club,0,LR (tuned + ensemble),0.19846491228070173,811.7975466251373,1.8182153701782227,roc_auc,binary,0.17632213134974095,hpo,LinearModel,tabarena-2025-10-20,tuned_ensemble,LR,False,
Fitness_Club,0,FASTAI (default),0.2003932244404114,7.229151725769043,0.3812294006347656,roc_auc,binary,0.18268847606216432,config,NeuralNetFastAI,tabarena-2025-06-12,default,FASTAI,False,
Fitness_Club,0,FASTAI (tuned),0.19712265577737442,2282.935670375824,0.31844520568847656,roc_auc,binary,0.16395472399855782,hpo,NeuralNetFastAI,tabarena-2025-06-12,tuned,FASTAI,False,
Fitness_Club,0,FASTAI (tuned + ensemble),0.19623411978221417,2282.935670375824,6.708188772201538,roc_auc,binary,0.1504677508112109,hpo,NeuralNetFastAI,tabarena-2025-06-12,tuned_ensemble,FASTAI,False,
Fitness_Club,0,NN_TORCH (default),0.20370160314579555,9.083160400390625,0.42923641204833984,roc_auc,binary,0.18500351050304564,config,NeuralNetTorch,tabarena-2025-06-12,default,NN_TORCH,False,
Fitness_Club,0,NN_TORCH (tuned),0.2026996370235935,2957.0852234363556,0.053937673568725586,roc_auc,binary,0.16637886866923468,hpo,NeuralNetTorch,tabarena-2025-06-12,tuned,NN_TORCH,False,
Fitness_Club,0,NN_TORCH (tuned + ensemble),0.19829476709013916,2957.0852234363556,1.2982757091522217,roc_auc,binary,0.1526641871762272,hpo,NeuralNetTorch,tabarena-2025-06-12,tuned_ensemble,NN_TORCH,False,
Fitness_Club,0,RF (default),0.22029075922565022,0.5286672115325928,0.046585798263549805,roc_auc,binary,0.21737129736807148,config,RandomForest,tabarena-2025-06-12,default,RF,False,
Fitness_Club,0,RF (tuned),0.19942906836055652,637.1434528827667,0.11735749244689941,roc_auc,binary,0.2024848668855197,hpo,RandomForest,tabarena-2025-06-12,tuned,RF,False,
Fitness_Club,0,RF (tuned + ensemble),0.2023404416212946,637.1434528827667,0.6570322513580322,roc_auc,binary,0.1983956052297008,hpo,RandomForest,tabarena-2025-06-12,tuned_ensemble,RF,False,
Fitness_Club,0,XGB (default),0.21037507562008473,3.25852632522583,0.15461444854736328,roc_auc,binary,0.19651226778496733,config,XGBoost,tabarena-2025-06-12,default,XGB,False,
Fitness_Club,0,XGB (tuned),0.19604506957047796,861.8068218231201,0.13465547561645508,roc_auc,binary,0.18192233249207768,hpo,XGBoost,tabarena-2025-06-12,tuned,XGB,False,
Fitness_Club,0,XGB (tuned + ensemble),0.19549682395644286,861.8068218231201,0.561572790145874,roc_auc,binary,0.18026670335300476,hpo,XGBoost,tabarena-2025-06-12,tuned_ensemble,XGB,False,
Fitness_Club,0,MITRA_GPU (default),0.19020341802782825,74.17085671424866,0.9704930782318115,roc_auc,binary,0.17460008728818388,config,Mitra_GPU,tabarena-2025-09-03,default,MITRA_GPU,False,
Fitness_Club,0,MNCA_GPU (default),0.19670674531155474,13.942859172821045,0.18356728553771973,roc_auc,binary,0.18020266039203792,config,ModernNCA_GPU,tabarena-2025-06-12,default,MNCA_GPU,False,
Fitness_Club,0,MNCA_GPU (tuned),0.20381503327283723,7045.248502969742,0.1693580150604248,roc_auc,binary,0.16302017116074308,hpo,ModernNCA_GPU,tabarena-2025-06-12,tuned,MNCA_GPU,False,
Fitness_Club,0,MNCA_GPU (tuned + ensemble),0.20107380520266183,7045.248502969742,4.609090566635132,roc_auc,binary,0.1433898176435986,hpo,ModernNCA_GPU,tabarena-2025-06-12,tuned_ensemble,MNCA_GPU,False,
Fitness_Club,0,REALMLP_GPU (default),0.19721718088324258,24.582462787628174,3.1977460384368896,roc_auc,binary,0.1926791779730166,config,RealMLP_GPU,tabarena-2025-09-03,default,REALMLP_GPU,False,
Fitness_Club,0,REALMLP_GPU (tuned),0.19808681185722932,4147.527881860733,4.1646568775177,roc_auc,binary,0.16532097383252053,hpo,RealMLP_GPU,tabarena-2025-09-03,tuned,REALMLP_GPU,False,
Fitness_Club,0,REALMLP_GPU (tuned + ensemble),0.1950431034482759,4147.527881860733,34.56689953804016,roc_auc,binary,0.1511271561130192,hpo,RealMLP_GPU,tabarena-2025-09-03,tuned_ensemble,REALMLP_GPU,False,
Fitness_Club,0,TABDPT_GPU (default),0.19155512704174227,27.210904598236084,15.878607988357544,roc_auc,binary,0.18073872369494692,config,TabDPT_GPU,tabarena-2025-10-20,default,TABDPT_GPU,False,
Fitness_Club,0,TABDPT_GPU (tuned),0.1924153055051422,5878.485741376877,30.10994291305542,roc_auc,binary,0.18024298373783187,hpo,TabDPT_GPU,tabarena-2025-10-20,tuned,TABDPT_GPU,False,
Fitness_Club,0,TABDPT_GPU (tuned + ensemble),0.19173472474289166,5878.485741376877,271.6353905200958,roc_auc,binary,0.17871306855917568,hpo,TabDPT_GPU,tabarena-2025-10-20,tuned_ensemble,TABDPT_GPU,False,
Fitness_Club,0,TABDPT_TURBO (default),0.19119593163944348,10.343178033828735,0.13579201698303223,roc_auc,binary,0.17688665819085747,config,TabDPT-Turbo,tabarena-2026-07-13,default,TABDPT_TURBO,False,
Fitness_Club,0,TABICL_GPU (default),0.1939466122202056,11.433743000030518,0.807518720626831,roc_auc,binary,0.18091899277026124,config,TabICL_GPU,tabarena-2025-06-12,default,TABICL_GPU,False,
Fitness_Club,0,TA-TABM (default),0.1941356624319419,8.69968581199646,0.28240227699279785,roc_auc,binary,0.17488472267025945,config,TabM,tabarena-2026-06-26,default,TA-TABM,False,
Fitness_Club,0,TA-TABM (tuned),0.19111085904416214,2462.0152230262756,0.3540382385253906,roc_auc,binary,0.16974705402379553,hpo,TabM,tabarena-2026-06-26,tuned,TA-TABM,False,
Fitness_Club,0,TA-TABM (tuned + ensemble),0.1912053841500303,2462.0152230262756,1.8782422542572021,roc_auc,binary,0.1670619935862161,hpo,TabM,tabarena-2026-06-26,tuned_ensemble,TA-TABM,False,
Fitness_Club,0,TABPFNV2_GPU (default),0.18991984271022377,5.618251800537109,0.27264881134033203,roc_auc,binary,0.17636957058008673,config,TabPFNv2_GPU,tabarena-2025-06-12,default,TABPFNV2_GPU,False,
Fitness_Club,0,TABPFNV2_GPU (tuned),0.19124319419237745,1244.408259153366,0.11860394477844238,roc_auc,binary,0.1742917322909353,hpo,TabPFNv2_GPU,tabarena-2025-06-12,tuned,TABPFNV2_GPU,False,
Fitness_Club,0,TABPFNV2_GPU (tuned + ensemble),0.1916969147005445,1244.408259153366,7.814479351043701,roc_auc,binary,0.1710753524734815,hpo,TabPFNv2_GPU,tabarena-2025-06-12,tuned_ensemble,TABPFNV2_GPU,False,
Fitness_Club,0,XRFM_GPU (default),0.2195912734422264,8.23795747756958,1.5230991840362549,roc_auc,binary,0.22487618360879713,config,xRFM_GPU,tabarena-2025-09-03,default,XRFM_GPU,False,
Fitness_Club,0,XRFM_GPU (tuned),0.198200241984271,2031.8237025737762,0.06066298484802246,roc_auc,binary,0.17010759217442462,hpo,xRFM_GPU,tabarena-2025-09-03,tuned,XRFM_GPU,False,
Fitness_Club,0,XRFM_GPU (tuned + ensemble),0.1935874168179068,2031.8237025737762,1.3204388618469238,roc_auc,binary,0.1603208789540599,hpo,xRFM_GPU,tabarena-2025-09-03,tuned_ensemble,XRFM_GPU,False,
Fitness_Club,0,BETA_GPU (default),0.19094071385359945,339.989000082016,1.8730380535125732,roc_auc,binary,0.1729017628417997,config,BetaTabPFN_GPU,tabarena-2025-09-03,default,BETA_GPU,False,
Fitness_Club,0,TABFLEX_GPU (default),0.19368194192377508,4.136662721633911,0.3881387710571289,roc_auc,binary,0.17861581813696648,config,TabFlex_GPU,tabarena-2025-09-03,default,TABFLEX_GPU,False,
Fitness_Club,0,REALTABPFN-V2.5 (default),0.190770568663037,7.486160039901733,0.2749824523925781,roc_auc,binary,0.1768392189605117,config,RealTabPFN-v2.5,tabarena-2025-11-12,default,REALTABPFN-V2.5,False,
Fitness_Club,0,REALTABPFN-V2.5 (tuned),0.1902317755595886,3342.7721025943756,0.7127201557159424,roc_auc,binary,0.1747993320556367,hpo,RealTabPFN-v2.5,tabarena-2025-11-12,tuned,REALTABPFN-V2.5,False,
Fitness_Club,0,REALTABPFN-V2.5 (tuned + ensemble),0.19027903811252267,3342.7721025943756,1.59354829788208,roc_auc,binary,0.17440558644376558,hpo,RealTabPFN-v2.5,tabarena-2025-11-12,tuned_ensemble,REALTABPFN-V2.5,False,
Fitness_Club,0,SAP-RPT-OSS (default),0.19197103750756206,20.07757878303528,0.4731478691101074,roc_auc,binary,0.18303003852065503,config,SAP-RPT-OSS,tabarena-2025-11-25,default,SAP-RPT-OSS,False,
Fitness_Club,0,TABICLV2 (default),0.1906571385359952,4.032029628753662,0.10016822814941406,roc_auc,binary,0.17750811210838913,config,TabICLv2,tabarena-2026-07-13,default,TABICLV2,False,
Fitness_Club,0,TABSTAR (default),0.20504385964912286,420.54161310195923,2.185451030731201,roc_auc,binary,0.19241826220611402,config,TabSTAR,tabarena-2026-03-18,default,TABSTAR,False,
Fitness_Club,0,TABSTAR (tuned),0.199107683000605,47835.907094955444,1.7022154331207275,roc_auc,binary,0.1850462058103569,hpo,TabSTAR,tabarena-2026-03-18,tuned,TABSTAR,False,
Fitness_Club,0,TABSTAR (tuned + ensemble),0.1991833030852994,47835.907094955444,5.222485065460205,roc_auc,binary,0.18492760773449213,hpo,TabSTAR,tabarena-2026-03-18,tuned_ensemble,TABSTAR,False,
Fitness_Club,0,PB (default),0.1901183454325469,15.23891830444336,0.011116981506347656,roc_auc,binary,0.19812045769369435,config,PerpetualBooster,tabarena-2026-03-18,default,PB,False,
Fitness_Club,0,PB (tuned),0.1936346793708409,176.26175713539124,0.07061100006103516,roc_auc,binary,0.19330300385206556,hpo,PerpetualBooster,tabarena-2026-03-18,tuned,PB,False,
Fitness_Club,0,PB (tuned + ensemble),0.19115812159709622,176.26175713539124,0.36010074615478516,roc_auc,binary,0.191346135600296,hpo,PerpetualBooster,tabarena-2026-03-18,tuned_ensemble,PB,False,
Fitness_Club,0,TABPFN-V2.6 (default),0.19057206594071396,7.963573455810547,0.2427363395690918,roc_auc,binary,0.177939809104537,config,TabPFN-v2.6,tabarena-2026-03-18,default,TABPFN-V2.6,False,
Fitness_Club,0,TA-LIMIX (default),0.19574258923169985,45.09858012199402,3.5985143184661865,roc_auc,binary,0.18223780337387807,config,LimiX,tabarena-2026-05-13,default,TA-LIMIX,False,
Fitness_Club,0,TA-ORION-MSP (default),0.19525105868118575,13.424285411834717,0.5801405906677246,roc_auc,binary,0.18379381012922447,config,OrionMSP,tabarena-2026-05-13,default,TA-ORION-MSP,False,
Fitness_Club,0,TA-TABPFN-3 (default),0.19026013309134904,18.35631489753723,0.20107769966125488,roc_auc,binary,0.17729463557183245,config,TabPFN-3,tabarena-2026-07-13,default,TA-TABPFN-3,False,
Fitness_Club,0,TA-ILTM (default),0.1997882637628553,544.391092300415,126.99569416046143,roc_auc,binary,0.1804967836201825,config,iLTM,tabarena-2026-05-13,default,TA-ILTM,False,
Fitness_Club,0,TA-ILTM (tuned),0.19610178463399874,31580.261040449142,301.714670419693,roc_auc,binary,0.15705231598322544,hpo,iLTM,tabarena-2026-05-13,tuned,TA-ILTM,False,
Fitness_Club,0,TA-ILTM (tuned + ensemble),0.20230263157894735,31580.261040449142,389.387229681015,roc_auc,binary,0.1443196265583787,hpo,iLTM,tabarena-2026-05-13,tuned_ensemble,TA-ILTM,False,
Fitness_Club,0,TA-NORI (default),0.22029075922565022,0.5286672115325928,0.046585798263549805,roc_auc,binary,0.21737129736807148,config,Nori,tabarena-2026-07-13,default,TA-NORI,True,
Fitness_Club,0,TA-NORI-30M (default),0.22029075922565022,0.5286672115325928,0.046585798263549805,roc_auc,binary,0.21737129736807148,config,Nori-30M,tabarena-2026-07-13,default,TA-NORI-30M,True,
Fitness_Club,0,TABFM (default),0.18928652450090744,53.35434651374817,1.7619938850402832,roc_auc,binary,0.17810110248771327,config,TabFM,tabarena-2026-07-13,default,TABFM,False,
Fitness_Club,0,TA-TABSWIFT (default),0.19180089231699937,2.680659532546997,0.03320622444152832,roc_auc,binary,0.17867748913641635,config,TabSwift,tabarena-2026-07-13,default,TA-TABSWIFT,False,
Fitness_Club,0,TA-EXAONE-TABULAR (default),0.19020341802782814,8.925113677978516,0.09758782386779785,roc_auc,binary,0.17772158864494592,config,EXAONE-Tabular,tabarena-2026-08-06,default,TA-EXAONE-TABULAR,False,
Fitness_Club,0,[Leakage] TabSTAR_base (default),0.196442075015124,180.076966047287,1.332721471786499,roc_auc,binary,0.19079346856676593,config,[Leakage] TabSTAR_base,[Leakage] TabSTAR_base,default,[Leakage] TabSTAR_base,False,
Fitness_Club,0,[Leakage] TabSTAR_correct (default),0.19290683605565628,159.60036253929138,1.3169610500335693,roc_auc,binary,0.18715487959923338,config,[Leakage] TabSTAR_correct,[Leakage] TabSTAR_correct,default,[Leakage] TabSTAR_correct,False,
Fitness_Club,0,[Leakage] TabSTAR_wrong (default),0.22029075922565022,0.5286672115325928,0.046585798263549805,roc_auc,binary,0.21737129736807148,config,[Leakage] TabSTAR_wrong,[Leakage] TabSTAR_wrong,default,[Leakage] TabSTAR_wrong,True,
Food_Delivery_Time,0,"AutoGluon 1.4 (best, 4h)",7.384491920471191,14391.308441877365,231.5522964000702,rmse,regression,7.248470783233643,baseline,AutoGluon_v140_bq_4h8c,tabarena-2025-11-01,,,False,
Food_Delivery_Time,0,"AutoGluon 1.5 (extreme, 4h)",7.232479095458984,2895.5104615688324,7.616602420806885,rmse,regression,7.217347621917725,baseline,AutoGluon_v150_eq_4h8c,tabarena-2025-12-18,,,False,
Food_Delivery_Time,0,"AutoGluon 1.6 (extreme, 4h)",7.255120277404785,58.48158502578735,5.210843086242676,rmse,regression,7.24249792098999,baseline,AutoGluon_16_extreme,tabarena-2026-08-05,,,False,
Food_Delivery_Time,0,"AutoGluon 1.6 (noncommercial, 4h)",7.255120277404785,88.8086621761322,5.225377321243286,rmse,regression,7.24249792098999,baseline,AutoGluon_16_noncommercial,tabarena-2026-08-05,,,False,
Food_Delivery_Time,0,TabFM+,7.337409659215033,121.27740478515625,187.32501769065857,rmse,regression,,baseline,TabFM+,tabarena-2026-07-07,,,False,
Food_Delivery_Time,0,CAT (default),7.418669700622559,40.92188024520874,0.2768266201019287,rmse,regression,7.394225120544434,config,CatBoost,tabarena-2026-07-13,default,CAT,False,
Food_Delivery_Time,0,CAT (tuned),7.402230107946875,14471.41525387764,1.3074860572814941,rmse,regression,7.374461016328231,hpo,CatBoost,tabarena-2026-07-13,tuned,CAT,False,
Food_Delivery_Time,0,CAT (tuned + ensemble),7.4049114384702275,14471.41525387764,4.987164258956909,rmse,regression,7.365591965310753,hpo,CatBoost,tabarena-2026-07-13,tuned_ensemble,CAT,False,
Food_Delivery_Time,0,CHIMERA (default),7.213588237762451,10.401949405670166,0.3407301902770996,rmse,regression,7.212116718292236,config,ChimeraBoost,tabarena-2026-08-10,default,CHIMERA,False,
Food_Delivery_Time,0,CHIMERA (tuned),7.203727887842805,2350.4682574272156,0.4126160144805908,rmse,regression,7.201091748043472,hpo,ChimeraBoost,tabarena-2026-08-10,tuned,CHIMERA,False,
Food_Delivery_Time,0,CHIMERA (tuned + ensemble),7.2041652153008835,2350.4682574272156,7.649488925933838,rmse,regression,7.194347311969246,hpo,ChimeraBoost,tabarena-2026-08-10,tuned_ensemble,CHIMERA,False,
Food_Delivery_Time,0,EBM (default),7.458093643188477,45.695653676986694,0.07210421562194824,rmse,regression,7.49098539352417,config,ExplainableBM,tabarena-2026-07-13,default,EBM,False,
Food_Delivery_Time,0,EBM (tuned),7.4768749522904585,17566.868060588837,0.06812191009521484,rmse,regression,7.441435393072629,hpo,ExplainableBM,tabarena-2026-07-13,tuned,EBM,False,
Food_Delivery_Time,0,EBM (tuned + ensemble),7.4358446513347705,17566.868060588837,0.5247395038604736,rmse,regression,7.409175208841654,hpo,ExplainableBM,tabarena-2026-07-13,tuned_ensemble,EBM,False,
Food_Delivery_Time,0,XT (default),8.1764497756958,27.0962176322937,1.504079818725586,rmse,regression,8.18801498413086,config,ExtraTrees,tabarena-2026-07-13,default,XT,False,
Food_Delivery_Time,0,XT (tuned),7.8273944241455995,1525.9977266788483,0.22900080680847168,rmse,regression,7.773596823406082,hpo,ExtraTrees,tabarena-2026-07-13,tuned,XT,False,
Food_Delivery_Time,0,XT (tuned + ensemble),7.827141812250264,1525.9977266788483,2.248591899871826,rmse,regression,7.75213864445498,hpo,ExtraTrees,tabarena-2026-07-13,tuned_ensemble,XT,False,
Food_Delivery_Time,0,KNN (default),8.620370864868164,7.69065523147583,3.508660316467285,rmse,regression,8.547025680541992,config,KNeighbors,tabarena-2025-10-20,default,KNN,False,
Food_Delivery_Time,0,KNN (tuned),8.0772006903641,23718.957467079163,0.285475492477417,rmse,regression,8.021861834686261,hpo,KNeighbors,tabarena-2025-10-20,tuned,KNN,False,
Food_Delivery_Time,0,KNN (tuned + ensemble),7.955543628685054,23718.957467079163,15.553754329681396,rmse,regression,7.878256954852024,hpo,KNeighbors,tabarena-2025-10-20,tuned_ensemble,KNN,False,
Food_Delivery_Time,0,GBM (default),7.661070346832275,7.728894472122192,1.0601136684417725,rmse,regression,7.6554670333862305,config,LightGBM,tabarena-2025-06-12,default,GBM,False,
Food_Delivery_Time,0,GBM (tuned),7.420115548437735,3916.259596347809,9.27739143371582,rmse,regression,7.373808892549263,hpo,LightGBM,tabarena-2025-06-12,tuned,GBM,False,
Food_Delivery_Time,0,GBM (tuned + ensemble),7.4146595973004255,3916.259596347809,39.70560622215271,rmse,regression,7.368974448144428,hpo,LightGBM,tabarena-2025-06-12,tuned_ensemble,GBM,False,
Food_Delivery_Time,0,LR (default),8.605879783630371,3.991537570953369,0.3045361042022705,rmse,regression,8.56860637664795,config,LinearModel,tabarena-2025-10-20,default,LR,False,
Food_Delivery_Time,0,LR (tuned),8.40535140026559,1001.5721158981323,0.09980130195617676,rmse,regression,8.324345783223812,hpo,LinearModel,tabarena-2025-10-20,tuned,LR,False,
Food_Delivery_Time,0,LR (tuned + ensemble),8.323596949743653,1001.5721158981323,0.8136096000671387,rmse,regression,8.267535872534214,hpo,LinearModel,tabarena-2025-10-20,tuned_ensemble,LR,False,
Food_Delivery_Time,0,FASTAI (default),8.21788215637207,39.08892035484314,1.516883134841919,rmse,regression,8.211424827575684,config,NeuralNetFastAI,tabarena-2025-06-12,default,FASTAI,False,
Food_Delivery_Time,0,FASTAI (tuned),8.147722694945694,8347.816600084305,0.6852700710296631,rmse,regression,8.080105250297143,hpo,NeuralNetFastAI,tabarena-2025-06-12,tuned,FASTAI,False,
Food_Delivery_Time,0,FASTAI (tuned + ensemble),8.110809817792946,8347.816600084305,21.716318368911743,rmse,regression,8.037804862695475,hpo,NeuralNetFastAI,tabarena-2025-06-12,tuned_ensemble,FASTAI,False,
Food_Delivery_Time,0,NN_TORCH (default),7.7913737297058105,164.73539805412292,0.4438490867614746,rmse,regression,7.795469284057617,config,NeuralNetTorch,tabarena-2025-06-12,default,NN_TORCH,False,
Food_Delivery_Time,0,NN_TORCH (tuned),7.6020044233246855,90670.71645188332,0.5531191825866699,rmse,regression,7.602730713223048,hpo,NeuralNetTorch,tabarena-2025-06-12,tuned,NN_TORCH,False,
Food_Delivery_Time,0,NN_TORCH (tuned + ensemble),7.586613669080885,90670.71645188332,6.8033411502838135,rmse,regression,7.544686974485448,hpo,NeuralNetTorch,tabarena-2025-06-12,tuned_ensemble,NN_TORCH,False,
Food_Delivery_Time,0,RF (default),7.8911333084106445,11.779543161392212,0.7491025924682617,rmse,regression,7.849062919616699,config,RandomForest,tabarena-2025-06-12,default,RF,False,
Food_Delivery_Time,0,RF (tuned),7.6271780945532095,2405.8908638954163,0.7690763473510742,rmse,regression,7.66393505135754,hpo,RandomForest,tabarena-2025-06-12,tuned,RF,False,
Food_Delivery_Time,0,RF (tuned + ensemble),7.632970451214463,2405.8908638954163,5.63952112197876,rmse,regression,7.628334099615248,hpo,RandomForest,tabarena-2025-06-12,tuned_ensemble,RF,False,
Food_Delivery_Time,0,XGB (default),7.442620754241943,8.971651077270508,0.5723168849945068,rmse,regression,7.414990425109863,config,XGBoost,tabarena-2025-06-12,default,XGB,False,
Food_Delivery_Time,0,XGB (tuned),7.442621189999267,2063.2708826065063,0.5723168849945068,rmse,regression,7.414990809955905,hpo,XGBoost,tabarena-2025-06-12,tuned,XGB,False,
Food_Delivery_Time,0,XGB (tuned + ensemble),7.443632154984794,2063.2708826065063,1.5976760387420654,rmse,regression,7.413960286201866,hpo,XGBoost,tabarena-2025-06-12,tuned_ensemble,XGB,False,
Food_Delivery_Time,0,MITRA_GPU (default),7.8911333084106445,11.779543161392212,0.7491025924682617,rmse,regression,7.849062919616699,config,Mitra_GPU,tabarena-2025-09-03,default,MITRA_GPU,True,
Food_Delivery_Time,0,MNCA_GPU (default),7.520296096801758,161.80404567718506,6.799891233444214,rmse,regression,7.521852016448975,config,ModernNCA_GPU,tabarena-2025-06-12,default,MNCA_GPU,False,
Food_Delivery_Time,0,MNCA_GPU (tuned),7.436201141221986,77336.66803884506,5.70068097114563,rmse,regression,7.431635696451813,hpo,ModernNCA_GPU,tabarena-2025-06-12,tuned,MNCA_GPU,False,
Food_Delivery_Time,0,MNCA_GPU (tuned + ensemble),7.408254006925468,77336.66803884506,94.44509243965149,rmse,regression,7.363880836553266,hpo,ModernNCA_GPU,tabarena-2025-06-12,tuned_ensemble,MNCA_GPU,False,
Food_Delivery_Time,0,REALMLP_GPU (default),7.990596294403076,206.11848378181458,3.998347282409668,rmse,regression,7.957243919372559,config,RealMLP_GPU,tabarena-2025-09-03,default,REALMLP_GPU,False,
Food_Delivery_Time,0,REALMLP_GPU (tuned),7.436261154444174,38552.79767656326,0.737490177154541,rmse,regression,7.423967029140472,hpo,RealMLP_GPU,tabarena-2025-09-03,tuned,REALMLP_GPU,False,
Food_Delivery_Time,0,REALMLP_GPU (tuned + ensemble),7.436671594764621,38552.79767656326,6.006340503692627,rmse,regression,7.397372707697646,hpo,RealMLP_GPU,tabarena-2025-09-03,tuned_ensemble,REALMLP_GPU,False,
Food_Delivery_Time,0,TABDPT_GPU (default),7.506728649139404,1257.640377521515,579.5821385383606,rmse,regression,7.450657844543457,config,TabDPT_GPU,tabarena-2025-10-20,default,TABDPT_GPU,False,
Food_Delivery_Time,0,TABDPT_GPU (tuned),7.449694199183481,137259.91690897942,601.1044251918793,rmse,regression,7.403008645735601,hpo,TabDPT_GPU,tabarena-2025-10-20,tuned,TABDPT_GPU,False,
Food_Delivery_Time,0,TABDPT_GPU (tuned + ensemble),7.444310259988436,137259.91690897942,5411.712339639664,rmse,regression,7.396869269381983,hpo,TabDPT_GPU,tabarena-2025-10-20,tuned_ensemble,TABDPT_GPU,False,
Food_Delivery_Time,0,TABDPT_TURBO (default),7.494782447814941,18.31133008003235,2.6776514053344727,rmse,regression,7.454768180847168,config,TabDPT-Turbo,tabarena-2026-07-13,default,TABDPT_TURBO,False,
Food_Delivery_Time,0,TABICL_GPU (default),7.8911333084106445,11.779543161392212,0.7491025924682617,rmse,regression,7.849062919616699,config,TabICL_GPU,tabarena-2025-06-12,default,TABICL_GPU,True,RandomForest_c1_BAG_L1
Food_Delivery_Time,0,TA-TABM (default),7.8406267166137695,42.4167754650116,0.586806058883667,rmse,regression,7.842302322387695,config,TabM,tabarena-2026-06-26,default,TA-TABM,False,
Food_Delivery_Time,0,TA-TABM (tuned),7.702998468256476,14410.581816196442,0.5217161178588867,rmse,regression,7.650444504062312,hpo,TabM,tabarena-2026-06-26,tuned,TA-TABM,False,
Food_Delivery_Time,0,TA-TABM (tuned + ensemble),7.690920838315845,14410.581816196442,2.9739022254943848,rmse,regression,7.642359417822357,hpo,TabM,tabarena-2026-06-26,tuned_ensemble,TA-TABM,False,
Food_Delivery_Time,0,TABPFNV2_GPU (default),7.8911333084106445,11.779543161392212,0.7491025924682617,rmse,regression,7.849062919616699,config,TabPFNv2_GPU,tabarena-2025-06-12,default,TABPFNV2_GPU,True,RandomForest_c1_BAG_L1
Food_Delivery_Time,0,TABPFNV2_GPU (tuned),7.891133138728832,11.779543161392212,0.7491025924682617,rmse,regression,7.849063068448456,hpo,TabPFNv2_GPU,tabarena-2025-06-12,tuned,TABPFNV2_GPU,True,RandomForest_c1_BAG_L1
Food_Delivery_Time,0,TABPFNV2_GPU (tuned + ensemble),7.891133138728832,11.779543161392212,0.7491025924682617,rmse,regression,7.849063068448456,hpo,TabPFNv2_GPU,tabarena-2025-06-12,tuned_ensemble,TABPFNV2_GPU,True,RandomForest_c1_BAG_L1
Food_Delivery_Time,0,XRFM_GPU (default),7.637074947357178,70.31270837783813,3.735471487045288,rmse,regression,7.759664535522461,config,xRFM_GPU,tabarena-2025-09-03,default,XRFM_GPU,False,
Food_Delivery_Time,0,XRFM_GPU (tuned),7.503490688062124,22627.452268600464,3.6055357456207275,rmse,regression,7.486478939173004,hpo,xRFM_GPU,tabarena-2025-09-03,tuned,XRFM_GPU,False,
Food_Delivery_Time,0,XRFM_GPU (tuned + ensemble),7.4702809108742585,22627.452268600464,53.635886907577515,rmse,regression,7.443440579532876,hpo,xRFM_GPU,tabarena-2025-09-03,tuned_ensemble,XRFM_GPU,False,
Food_Delivery_Time,0,BETA_GPU (default),7.8911333084106445,11.779543161392212,0.7491025924682617,rmse,regression,7.849062919616699,config,BetaTabPFN_GPU,tabarena-2025-09-03,default,BETA_GPU,True,
Food_Delivery_Time,0,TABFLEX_GPU (default),7.8911333084106445,11.779543161392212,0.7491025924682617,rmse,regression,7.849062919616699,config,TabFlex_GPU,tabarena-2025-09-03,default,TABFLEX_GPU,True,
Food_Delivery_Time,0,REALTABPFN-V2.5 (default),7.594245910644531,48.093565464019775,7.66545557975769,rmse,regression,7.534852504730225,config,RealTabPFN-v2.5,tabarena-2025-11-12,default,REALTABPFN-V2.5,False,
Food_Delivery_Time,0,REALTABPFN-V2.5 (tuned),7.424938957905199,22395.365592718124,9.169467210769653,rmse,regression,7.388583034841906,hpo,RealTabPFN-v2.5,tabarena-2025-11-12,tuned,REALTABPFN-V2.5,False,
Food_Delivery_Time,0,REALTABPFN-V2.5 (tuned + ensemble),7.411604306311821,22395.365592718124,119.67049765586853,rmse,regression,7.38072295323251,hpo,RealTabPFN-v2.5,tabarena-2025-11-12,tuned_ensemble,REALTABPFN-V2.5,False,
Food_Delivery_Time,0,SAP-RPT-OSS (default),7.9804792404174805,255.33064723014832,119.37087297439575,rmse,regression,7.8935546875,config,SAP-RPT-OSS,tabarena-2025-11-25,default,SAP-RPT-OSS,False,
Food_Delivery_Time,0,TABICLV2 (default),7.669153690338135,12.936414241790771,1.558213233947754,rmse,regression,7.6071906089782715,config,TabICLv2,tabarena-2026-07-13,default,TABICLV2,False,
Food_Delivery_Time,0,TABSTAR (default),8.01207447052002,3436.1342408657074,32.665369510650635,rmse,regression,7.918829441070557,config,TabSTAR,tabarena-2026-03-18,default,TABSTAR,False,
Food_Delivery_Time,0,TABSTAR (tuned),7.966889992109037,175202.07566189766,32.41170287132263,rmse,regression,7.880720815323481,hpo,TabSTAR,tabarena-2026-03-18,tuned,TABSTAR,False,
Food_Delivery_Time,0,TABSTAR (tuned + ensemble),7.967106219152266,175202.07566189766,129.79643392562866,rmse,regression,7.876284088033795,hpo,TabSTAR,tabarena-2026-03-18,tuned_ensemble,TABSTAR,False,
Food_Delivery_Time,0,PB (default),7.559503555297852,46.39627504348755,0.1117548942565918,rmse,regression,7.534671783447266,config,PerpetualBooster,tabarena-2026-03-18,default,PB,False,
Food_Delivery_Time,0,PB (tuned),7.529220106689921,283.76671504974365,0.4022660255432129,rmse,regression,7.4741303045189875,hpo,PerpetualBooster,tabarena-2026-03-18,tuned,PB,False,
Food_Delivery_Time,0,PB (tuned + ensemble),7.477138585148611,283.76671504974365,1.9986817836761475,rmse,regression,7.431890952354493,hpo,PerpetualBooster,tabarena-2026-03-18,tuned_ensemble,PB,False,
Food_Delivery_Time,0,TABPFN-V2.6 (default),7.406391620635986,79.95339560508728,10.599820852279663,rmse,regression,7.370922088623047,config,TabPFN-v2.6,tabarena-2026-03-18,default,TABPFN-V2.6,False,
Food_Delivery_Time,0,TA-LIMIX (default),7.872598171234131,746.07435297966,133.8532257080078,rmse,regression,7.876402854919434,config,LimiX,tabarena-2026-05-13,default,TA-LIMIX,False,
Food_Delivery_Time,0,TA-ORION-MSP (default),7.8911333084106445,11.779543161392212,0.7491025924682617,rmse,regression,7.849062919616699,config,OrionMSP,tabarena-2026-05-13,default,TA-ORION-MSP,True,
Food_Delivery_Time,0,TA-TABPFN-3 (default),7.4994635581970215,23.661383152008057,3.055788993835449,rmse,regression,7.455662250518799,config,TabPFN-3,tabarena-2026-07-13,default,TA-TABPFN-3,False,
Food_Delivery_Time,0,TA-ILTM (default),7.746201038360596,2833.3590626716614,414.37363290786743,rmse,regression,7.672025203704834,config,iLTM,tabarena-2026-05-13,default,TA-ILTM,False,
Food_Delivery_Time,0,TA-ILTM (tuned),7.5842804340070575,65152.05801677704,285.77946877479553,rmse,regression,7.555068708488972,hpo,iLTM,tabarena-2026-05-13,tuned,TA-ILTM,False,
Food_Delivery_Time,0,TA-ILTM (tuned + ensemble),7.531120098112752,65152.05801677704,998.9193778038025,rmse,regression,7.477990242163863,hpo,iLTM,tabarena-2026-05-13,tuned_ensemble,TA-ILTM,False,
Food_Delivery_Time,0,TA-NORI (default),7.528954982757568,54.80397653579712,9.529632568359375,rmse,regression,7.480066299438477,config,Nori,tabarena-2026-07-13,default,TA-NORI,False,
Food_Delivery_Time,0,TA-NORI-30M (default),7.440767288208008,145.18178629875183,27.839023113250732,rmse,regression,7.395706653594971,config,Nori-30M,tabarena-2026-07-13,default,TA-NORI-30M,False,
Food_Delivery_Time,0,TABFM (default),7.3479695320129395,761.1423006057739,176.07166171073914,rmse,regression,7.325561046600342,config,TabFM,tabarena-2026-07-13,default,TABFM,False,
Food_Delivery_Time,0,TA-TABSWIFT (default),7.923854351043701,12.692116498947144,1.9066224098205566,rmse,regression,7.842345714569092,config,TabSwift,tabarena-2026-07-13,default,TA-TABSWIFT,False,
Food_Delivery_Time,0,TA-EXAONE-TABULAR (default),7.364105224609375,179.00025010108948,18.328964471817017,rmse,regression,7.338854789733887,config,EXAONE-Tabular,tabarena-2026-08-06,default,TA-EXAONE-TABULAR,False,
Food_Delivery_Time,0,[Leakage] TabSTAR_base (default),7.956500053405762,2623.8523235321045,38.55252003669739,rmse,regression,7.8753662109375,config,[Leakage] TabSTAR_base,[Leakage] TabSTAR_base,default,[Leakage] TabSTAR_base,False,
Food_Delivery_Time,0,[Leakage] TabSTAR_correct (default),7.969035625457764,2835.376776456833,38.19408941268921,rmse,regression,7.891317367553711,config,[Leakage] TabSTAR_correct,[Leakage] TabSTAR_correct,default,[Leakage] TabSTAR_correct,False,
Food_Delivery_Time,0,[Leakage] TabSTAR_wrong (default),7.8911333084106445,11.779543161392212,0.7491025924682617,rmse,regression,7.849062919616699,config,[Leakage] TabSTAR_wrong,[Leakage] TabSTAR_wrong,default,[Leakage] TabSTAR_wrong,True,
GiveMeSomeCredit,0,"AutoGluon 1.4 (best, 4h)",0.1295832986064429,14417.51036643982,51.70053553581238,roc_auc,binary,0.13423286529052492,baseline,AutoGluon_v140_bq_4h8c,tabarena-2025-11-01,,,False,
GiveMeSomeCredit,0,"AutoGluon 1.5 (extreme, 4h)",0.1289500763658108,11586.143848657608,254.03539204597473,roc_auc,binary,0.13436322901106112,baseline,AutoGluon_v150_eq_4h8c,tabarena-2025-12-18,,,False,
GiveMeSomeCredit,0,"AutoGluon 1.6 (extreme, 4h)",0.12879461982154738,1166.8423566818237,45.59252715110779,roc_auc,binary,0.13468017281049816,baseline,AutoGluon_16_extreme,tabarena-2026-08-05,,,False,
GiveMeSomeCredit,0,"AutoGluon 1.6 (noncommercial, 4h)",0.12781916616009648,1286.5957844257355,58.15533924102783,roc_auc,binary,0.1337173986325595,baseline,AutoGluon_16_noncommercial,tabarena-2026-08-05,,,False,
GiveMeSomeCredit,0,TabFM+,0.12807137380912403,768.0536811351776,1658.8487803936005,roc_auc,binary,,baseline,TabFM+,tabarena-2026-07-07,,,False,
GiveMeSomeCredit,0,CAT (default),0.13012533630572432,14.151105880737305,0.04275941848754883,roc_auc,binary,0.13616167229851528,config,CatBoost,tabarena-2026-07-13,default,CAT,False,
GiveMeSomeCredit,0,CAT (tuned),0.12985925713980373,5950.820390462875,0.13350892066955566,roc_auc,binary,0.1356321505489132,hpo,CatBoost,tabarena-2026-07-13,tuned,CAT,False,
GiveMeSomeCredit,0,CAT (tuned + ensemble),0.12992345859871024,5950.820390462875,1.4855725765228271,roc_auc,binary,0.13538360237021707,hpo,CatBoost,tabarena-2026-07-13,tuned_ensemble,CAT,False,
GiveMeSomeCredit,0,CHIMERA (default),0.1303478417215158,15.730173587799072,0.5001735687255859,roc_auc,binary,0.1361795856663197,config,ChimeraBoost,tabarena-2026-08-10,default,CHIMERA,False,
GiveMeSomeCredit,0,CHIMERA (tuned),0.12919268682342366,3406.7417998313904,0.5480613708496094,roc_auc,binary,0.13506790190889262,hpo,ChimeraBoost,tabarena-2026-08-10,tuned,CHIMERA,False,
GiveMeSomeCredit,0,CHIMERA (tuned + ensemble),0.12919321590347155,3406.7417998313904,6.08992338180542,roc_auc,binary,0.13415579836845304,hpo,ChimeraBoost,tabarena-2026-08-10,tuned_ensemble,CHIMERA,False,
GiveMeSomeCredit,0,EBM (default),0.12994866525481175,19.363965034484863,0.21217846870422363,roc_auc,binary,0.13648481835905968,config,ExplainableBM,tabarena-2026-07-13,default,EBM,False,
GiveMeSomeCredit,0,EBM (tuned),0.12970951145351206,3882.65318107605,0.2647252082824707,roc_auc,binary,0.13615223383111497,hpo,ExplainableBM,tabarena-2026-07-13,tuned,EBM,False,
GiveMeSomeCredit,0,EBM (tuned + ensemble),0.12990180800184004,3882.65318107605,2.770376682281494,roc_auc,binary,0.13581702875366009,hpo,ExplainableBM,tabarena-2026-07-13,tuned_ensemble,EBM,False,
GiveMeSomeCredit,0,XT (default),0.1493150471981729,25.122226238250732,2.3243048191070557,roc_auc,binary,0.16509370927927391,config,ExtraTrees,tabarena-2026-07-13,default,XT,False,
GiveMeSomeCredit,0,XT (tuned),0.13821233125136168,1901.6701128482819,0.5282106399536133,roc_auc,binary,0.14978781629463422,hpo,ExtraTrees,tabarena-2026-07-13,tuned,XT,False,
GiveMeSomeCredit,0,XT (tuned + ensemble),0.13882276777792968,1901.6701128482819,5.06916356086731,roc_auc,binary,0.14789793675198826,hpo,ExtraTrees,tabarena-2026-07-13,tuned_ensemble,XT,False,
GiveMeSomeCredit,0,KNN (default),0.24723096497608088,15.470654726028442,9.112481117248535,roc_auc,binary,0.25818734219145445,config,KNeighbors,tabarena-2025-10-20,default,KNN,False,
GiveMeSomeCredit,0,KNN (tuned),0.1386279797435579,5865.279423236847,27.324105739593506,roc_auc,binary,0.1446087366789508,hpo,KNeighbors,tabarena-2025-10-20,tuned,KNN,False,
GiveMeSomeCredit,0,KNN (tuned + ensemble),0.13728590246780636,5865.279423236847,247.57607054710388,roc_auc,binary,0.14326865627956198,hpo,KNeighbors,tabarena-2025-10-20,tuned_ensemble,KNN,False,
GiveMeSomeCredit,0,GBM (default),0.13076662942199646,9.364811182022095,0.9744722843170166,roc_auc,binary,0.13712535954035476,config,LightGBM,tabarena-2025-06-12,default,GBM,False,
GiveMeSomeCredit,0,GBM (tuned),0.1296096051077349,5949.2044496536255,2.292743682861328,roc_auc,binary,0.13538517758581425,hpo,LightGBM,tabarena-2025-06-12,tuned,GBM,False,
GiveMeSomeCredit,0,GBM (tuned + ensemble),0.1294249337251886,5949.2044496536255,30.144105434417725,roc_auc,binary,0.1349193450494358,hpo,LightGBM,tabarena-2025-06-12,tuned_ensemble,GBM,False,
GiveMeSomeCredit,0,LR (default),0.15561349826470716,4.584091663360596,0.8364076614379883,roc_auc,binary,0.1609713107402172,config,LinearModel,tabarena-2025-10-20,default,LR,False,
GiveMeSomeCredit,0,LR (tuned),0.15539145459150283,895.5850100517273,0.682894229888916,roc_auc,binary,0.16073789505252822,hpo,LinearModel,tabarena-2025-10-20,tuned,LR,False,
GiveMeSomeCredit,0,LR (tuned + ensemble),0.15470374031248024,895.5850100517273,0.968148946762085,roc_auc,binary,0.16034367750881873,hpo,LinearModel,tabarena-2025-10-20,tuned_ensemble,LR,False,
GiveMeSomeCredit,0,FASTAI (default),0.1674177775616138,96.20125555992126,3.1882553100585938,roc_auc,binary,0.1998062111252823,config,NeuralNetFastAI,tabarena-2025-06-12,default,FASTAI,False,
GiveMeSomeCredit,0,FASTAI (tuned),0.1606484933506117,24597.120729207993,2.0247597694396973,roc_auc,binary,0.16402449141042075,hpo,NeuralNetFastAI,tabarena-2025-06-12,tuned,FASTAI,False,
GiveMeSomeCredit,0,FASTAI (tuned + ensemble),0.15409281639095884,24597.120729207993,27.374829053878784,roc_auc,binary,0.1582503009535574,hpo,NeuralNetFastAI,tabarena-2025-06-12,tuned_ensemble,FASTAI,False,
GiveMeSomeCredit,0,NN_TORCH (default),0.1340273080722686,180.87875723838806,1.0041539669036865,roc_auc,binary,0.13965729215061462,config,NeuralNetTorch,tabarena-2025-06-12,default,NN_TORCH,False,
GiveMeSomeCredit,0,NN_TORCH (tuned),0.13310262685614427,113637.68196463585,0.9941976070404053,roc_auc,binary,0.13749929728550003,hpo,NeuralNetTorch,tabarena-2025-06-12,tuned,NN_TORCH,False,
GiveMeSomeCredit,0,NN_TORCH (tuned + ensemble),0.13210226795389213,113637.68196463585,59.97148108482361,roc_auc,binary,0.135264418271421,hpo,NeuralNetTorch,tabarena-2025-06-12,tuned_ensemble,NN_TORCH,False,
GiveMeSomeCredit,0,RF (default),0.1467882474660145,11.474486351013184,0.6239259243011475,roc_auc,binary,0.1633001984608119,config,RandomForest,tabarena-2025-06-12,default,RF,False,
GiveMeSomeCredit,0,RF (tuned),0.13284716456318546,2592.5140221118927,0.7131457328796387,roc_auc,binary,0.1406901501956288,hpo,RandomForest,tabarena-2025-06-12,tuned,RF,False,
GiveMeSomeCredit,0,RF (tuned + ensemble),0.13305582732099597,2592.5140221118927,4.325621128082275,roc_auc,binary,0.13931341176364664,hpo,RandomForest,tabarena-2025-06-12,tuned_ensemble,RF,False,
GiveMeSomeCredit,0,XGB (default),0.1316872447381161,4.847428321838379,0.691234827041626,roc_auc,binary,0.13751168898153165,config,XGBoost,tabarena-2025-06-12,default,XGB,False,
GiveMeSomeCredit,0,XGB (tuned),0.1299561589522178,3054.456239461899,1.6921179294586182,roc_auc,binary,0.13563734835956587,hpo,XGBoost,tabarena-2025-06-12,tuned,XGB,False,
GiveMeSomeCredit,0,XGB (tuned + ensemble),0.12988162600292097,3054.456239461899,10.203120470046997,roc_auc,binary,0.13532749583604387,hpo,XGBoost,tabarena-2025-06-12,tuned_ensemble,XGB,False,
GiveMeSomeCredit,0,MITRA_GPU (default),0.1467882474660145,11.474486351013184,0.6239259243011475,roc_auc,binary,0.1633001984608119,config,Mitra_GPU,tabarena-2025-09-03,default,MITRA_GPU,True,
GiveMeSomeCredit,0,MNCA_GPU (default),0.1307164950792734,1267.339741230011,11.183679819107056,roc_auc,binary,0.1361095306581558,config,ModernNCA_GPU,tabarena-2025-06-12,default,MNCA_GPU,False,
GiveMeSomeCredit,0,MNCA_GPU (tuned),0.12974710820237223,214906.12249684334,15.913294076919556,roc_auc,binary,0.1349668363968286,hpo,ModernNCA_GPU,tabarena-2025-06-12,tuned,MNCA_GPU,False,
GiveMeSomeCredit,0,MNCA_GPU (tuned + ensemble),0.129300776273942,214906.12249684334,318.6571705341339,roc_auc,binary,0.1330783428835809,hpo,ModernNCA_GPU,tabarena-2025-06-12,tuned_ensemble,MNCA_GPU,False,
GiveMeSomeCredit,0,REALMLP_GPU (default),0.1307752903020537,558.8427486419678,4.123352289199829,roc_auc,binary,0.13668187261963682,config,RealMLP_GPU,tabarena-2025-09-03,default,REALMLP_GPU,False,
GiveMeSomeCredit,0,REALMLP_GPU (tuned),0.1302974284093129,171428.9305317402,1.5444438457489014,roc_auc,binary,0.13505107475845923,hpo,RealMLP_GPU,tabarena-2025-09-03,tuned,REALMLP_GPU,False,
GiveMeSomeCredit,0,REALMLP_GPU (tuned + ensemble),0.13025094952873906,171428.9305317402,43.7157518863678,roc_auc,binary,0.13359058535979973,hpo,RealMLP_GPU,tabarena-2025-09-03,tuned_ensemble,REALMLP_GPU,False,
GiveMeSomeCredit,0,TABDPT_GPU (default),0.15021473659676066,3947.1727402210236,1925.6624491214752,roc_auc,binary,0.15747296211768902,config,TabDPT_GPU,tabarena-2025-10-20,default,TABDPT_GPU,False,
GiveMeSomeCredit,0,TABDPT_GPU (tuned),0.13273361757180913,434127.92466521263,1924.1274573802948,roc_auc,binary,0.14002534187613558,hpo,TabDPT_GPU,tabarena-2025-10-20,tuned,TABDPT_GPU,False,
GiveMeSomeCredit,0,TABDPT_GPU (tuned + ensemble),0.13056644797768158,434127.92466521263,40477.44513750076,roc_auc,binary,0.1359267984341488,hpo,TabDPT_GPU,tabarena-2025-10-20,tuned_ensemble,TABDPT_GPU,False,
GiveMeSomeCredit,0,TABDPT_TURBO (default),0.1311169509577299,125.76149272918701,24.24744701385498,roc_auc,binary,0.13634907325312717,config,TabDPT-Turbo,tabarena-2026-07-13,default,TABDPT_TURBO,False,
GiveMeSomeCredit,0,TABICL_GPU (default),0.13016865673873934,397.5938012599945,79.659188747406,roc_auc,binary,0.13583971506480585,config,TabICL_GPU,tabarena-2025-06-12,default,TABICL_GPU,False,
GiveMeSomeCredit,0,TA-TABM (default),0.13001266470133632,95.07579278945923,0.8984348773956299,roc_auc,binary,0.13540259794721043,config,TabM,tabarena-2026-06-26,default,TA-TABM,False,
GiveMeSomeCredit,0,TA-TABM (tuned),0.12902754971755592,46923.71786046028,1.3524701595306396,roc_auc,binary,0.13455360724339704,hpo,TabM,tabarena-2026-06-26,tuned,TA-TABM,False,
GiveMeSomeCredit,0,TA-TABM (tuned + ensemble),0.1291533617464069,46923.71786046028,16.861977577209473,roc_auc,binary,0.13389134411958892,hpo,TabM,tabarena-2026-06-26,tuned_ensemble,TA-TABM,False,
GiveMeSomeCredit,0,TABPFNV2_GPU (default),0.1467882474660145,11.474486351013184,0.6239259243011475,roc_auc,binary,0.1633001984608119,config,TabPFNv2_GPU,tabarena-2025-06-12,default,TABPFNV2_GPU,True,RandomForest_c1_BAG_L1
GiveMeSomeCredit,0,TABPFNV2_GPU (tuned),0.14678824746601438,11.474486351013184,0.6239259243011475,roc_auc,binary,0.1633001984608119,hpo,TabPFNv2_GPU,tabarena-2025-06-12,tuned,TABPFNV2_GPU,True,RandomForest_c1_BAG_L1
GiveMeSomeCredit,0,TABPFNV2_GPU (tuned + ensemble),0.14678824746601438,11.474486351013184,0.6239259243011475,roc_auc,binary,0.1633001984608119,hpo,TabPFNv2_GPU,tabarena-2025-06-12,tuned_ensemble,TABPFNV2_GPU,True,RandomForest_c1_BAG_L1
GiveMeSomeCredit,0,XRFM_GPU (default),0.24767693456484186,265.5283875465393,2.6991472244262695,roc_auc,binary,0.21504371410063605,config,xRFM_GPU,tabarena-2025-09-03,default,XRFM_GPU,False,
GiveMeSomeCredit,0,XRFM_GPU (tuned),0.13382239055988832,55989.43943667412,2.114380359649658,roc_auc,binary,0.1385243946881748,hpo,xRFM_GPU,tabarena-2025-09-03,tuned,XRFM_GPU,False,
GiveMeSomeCredit,0,XRFM_GPU (tuned + ensemble),0.136422700353251,55989.43943667412,44.00007629394531,roc_auc,binary,0.13545026244807357,hpo,xRFM_GPU,tabarena-2025-09-03,tuned_ensemble,XRFM_GPU,False,
GiveMeSomeCredit,0,BETA_GPU (default),0.13092079052177907,3418.7664074897766,27.55925440788269,roc_auc,binary,0.13694365741916836,config,BetaTabPFN_GPU,tabarena-2025-09-03,default,BETA_GPU,False,
GiveMeSomeCredit,0,TABFLEX_GPU (default),0.17044595919955285,7.484697103500366,0.883833646774292,roc_auc,binary,0.17315024284197023,config,TabFlex_GPU,tabarena-2025-09-03,default,TABFLEX_GPU,False,
GiveMeSomeCredit,0,REALTABPFN-V2.5 (default),0.13052674132172115,227.40443181991577,44.45611572265625,roc_auc,binary,0.1364062363441232,config,RealTabPFN-v2.5,tabarena-2025-11-12,default,REALTABPFN-V2.5,False,
GiveMeSomeCredit,0,REALTABPFN-V2.5 (tuned),0.12959261682837786,20548.152386188507,52.03721308708191,roc_auc,binary,0.13546101800413868,hpo,RealTabPFN-v2.5,tabarena-2025-11-12,tuned,REALTABPFN-V2.5,False,
GiveMeSomeCredit,0,REALTABPFN-V2.5 (tuned + ensemble),0.12958871125566052,20548.152386188507,1976.6685869693756,roc_auc,binary,0.13511617485181082,hpo,RealTabPFN-v2.5,tabarena-2025-11-12,tuned_ensemble,REALTABPFN-V2.5,False,
GiveMeSomeCredit,0,SAP-RPT-OSS (default),0.13487389707331898,844.9746768474579,398.2672395706177,roc_auc,binary,0.13940531857942629,config,SAP-RPT-OSS,tabarena-2025-11-25,default,SAP-RPT-OSS,False,
GiveMeSomeCredit,0,TABICLV2 (default),0.12923471822504928,63.8083758354187,11.007467031478882,roc_auc,binary,0.1352641986230374,config,TabICLv2,tabarena-2026-07-13,default,TABICLV2,False,
GiveMeSomeCredit,0,TABSTAR (default),0.13528679755581186,3368.19504404068,64.5925657749176,roc_auc,binary,0.14138354086225657,config,TabSTAR,tabarena-2026-03-18,default,TABSTAR,False,
GiveMeSomeCredit,0,TABSTAR (tuned),0.13335120790193433,171693.1358113289,63.869749784469604,roc_auc,binary,0.13904415571252926,hpo,TabSTAR,tabarena-2026-03-18,tuned,TABSTAR,False,
GiveMeSomeCredit,0,TABSTAR (tuned + ensemble),0.13342334876810535,171693.1358113289,322.67766642570496,roc_auc,binary,0.13858504810421446,hpo,TabSTAR,tabarena-2026-03-18,tuned_ensemble,TABSTAR,False,
GiveMeSomeCredit,0,PB (default),0.15436614235026302,35.94987106323242,0.10055661201477051,roc_auc,binary,0.16234860951606833,config,PerpetualBooster,tabarena-2026-03-18,default,PB,False,
GiveMeSomeCredit,0,PB (tuned),0.13881827220079523,464.4206163883209,0.8432149887084961,roc_auc,binary,0.14472774201282157,hpo,PerpetualBooster,tabarena-2026-03-18,tuned,PB,False,
GiveMeSomeCredit,0,PB (tuned + ensemble),0.1364743545986573,464.4206163883209,2.6749494075775146,roc_auc,binary,0.1437659426247896,hpo,PerpetualBooster,tabarena-2026-03-18,tuned_ensemble,PB,False,
GiveMeSomeCredit,0,TABPFN-V2.6 (default),0.1287954567299867,262.15608167648315,44.11087083816528,roc_auc,binary,0.13555348275887813,config,TabPFN-v2.6,tabarena-2026-03-18,default,TABPFN-V2.6,False,
GiveMeSomeCredit,0,TA-LIMIX (default),0.14257720316820055,393.57227659225464,135.2312638759613,roc_auc,binary,0.16379299804690584,config,LimiX,tabarena-2026-05-13,default,TA-LIMIX,False,
GiveMeSomeCredit,0,TA-ORION-MSP (default),0.14752305307584823,2639.289148569107,554.1325795650482,roc_auc,binary,0.15581982264903305,config,OrionMSP,tabarena-2026-05-13,default,TA-ORION-MSP,False,
GiveMeSomeCredit,0,TA-TABPFN-3 (default),0.12776334661176747,120.51635217666626,21.85898232460022,roc_auc,binary,0.13400321088099476,config,TabPFN-3,tabarena-2026-07-13,default,TA-TABPFN-3,False,
GiveMeSomeCredit,0,TA-ILTM (default),0.13314012740863213,2393.2829933166504,140.9466094970703,roc_auc,binary,0.13842533727538386,config,iLTM,tabarena-2026-05-13,default,TA-ILTM,False,
GiveMeSomeCredit,0,TA-ILTM (tuned),0.1319312243907621,67240.04194045067,32.636165380477905,roc_auc,binary,0.13820468123485052,hpo,iLTM,tabarena-2026-05-13,tuned,TA-ILTM,False,
GiveMeSomeCredit,0,TA-ILTM (tuned + ensemble),0.12980485488469407,67240.04194045067,1823.6400463581085,roc_auc,binary,0.13461219243743117,hpo,iLTM,tabarena-2026-05-13,tuned_ensemble,TA-ILTM,False,
GiveMeSomeCredit,0,TA-NORI (default),0.1467882474660145,11.474486351013184,0.6239259243011475,roc_auc,binary,0.1633001984608119,config,Nori,tabarena-2026-07-13,default,TA-NORI,True,
GiveMeSomeCredit,0,TA-NORI-30M (default),0.1467882474660145,11.474486351013184,0.6239259243011475,roc_auc,binary,0.1633001984608119,config,Nori-30M,tabarena-2026-07-13,default,TA-NORI-30M,True,
GiveMeSomeCredit,0,TABFM (default),0.12801186993973412,5882.714757204056,1622.4033074378967,roc_auc,binary,0.13338490468953224,config,TabFM,tabarena-2026-07-13,default,TABFM,False,
GiveMeSomeCredit,0,TA-TABSWIFT (default),0.1359773047361783,91.69260025024414,18.004045486450195,roc_auc,binary,0.14052553335180817,config,TabSwift,tabarena-2026-07-13,default,TA-TABSWIFT,False,
GiveMeSomeCredit,0,TA-EXAONE-TABULAR (default),0.12729263210949238,224.3702356815338,44.619484663009644,roc_auc,binary,0.13411391045974963,config,EXAONE-Tabular,tabarena-2026-08-06,default,TA-EXAONE-TABULAR,False,
GiveMeSomeCredit,0,[Leakage] TabSTAR_base (default),0.13418828949485084,3360.888887166977,130.31210684776306,roc_auc,binary,0.13991589365185786,config,[Leakage] TabSTAR_base,[Leakage] TabSTAR_base,default,[Leakage] TabSTAR_base,False,
GiveMeSomeCredit,0,[Leakage] TabSTAR_correct (default),0.1350550701144576,3349.8472015857697,130.73795223236084,roc_auc,binary,0.14028207877102805,config,[Leakage] TabSTAR_correct,[Leakage] TabSTAR_correct,default,[Leakage] TabSTAR_correct,False,
GiveMeSomeCredit,0,[Leakage] TabSTAR_wrong (default),0.1342013273098499,3376.160647392273,129.53718900680542,roc_auc,binary,0.13975147801878252,config,[Leakage] TabSTAR_wrong,[Leakage] TabSTAR_wrong,default,[Leakage] TabSTAR_wrong,False,
HR_Analytics_Job_Change_of_Data_Scientists,0,"AutoGluon 1.4 (best, 4h)",0.18458970645886918,9073.14679145813,11.649722337722778,roc_auc,binary,0.1823930037388739,baseline,AutoGluon_v140_bq_4h8c,tabarena-2025-11-01,,,False,
HR_Analytics_Job_Change_of_Data_Scientists,0,"AutoGluon 1.5 (extreme, 4h)",0.1860632296861865,1092.75852227211,8.966864585876465,roc_auc,binary,0.19516900420654015,baseline,AutoGluon_v150_eq_4h8c,tabarena-2025-12-18,,,False,
HR_Analytics_Job_Change_of_Data_Scientists,0,"AutoGluon 1.6 (extreme, 4h)",0.18718422630465648,23.782796144485474,2.748553991317749,roc_auc,binary,0.19716133454529206,baseline,AutoGluon_16_extreme,tabarena-2026-08-05,,,False,
HR_Analytics_Job_Change_of_Data_Scientists,0,"AutoGluon 1.6 (noncommercial, 4h)",0.18683897166265195,34.83594298362732,2.4797861576080322,roc_auc,binary,0.19595504705400546,baseline,AutoGluon_16_noncommercial,tabarena-2026-08-05,,,False,
HR_Analytics_Job_Change_of_Data_Scientists,0,TabFM+,0.1863594149303045,137.973637342453,48.70725631713867,roc_auc,binary,,baseline,TabFM+,tabarena-2026-07-07,,,False,
HR_Analytics_Job_Change_of_Data_Scientists,0,CAT (default),0.18755404840221135,20.03311061859131,0.12141537666320801,roc_auc,binary,0.197939320957098,config,CatBoost,tabarena-2026-07-13,default,CAT,False,
HR_Analytics_Job_Change_of_Data_Scientists,0,CAT (tuned),0.1875538518625669,2920.483873605728,0.12141537666320801,roc_auc,binary,0.19793927183249038,hpo,CatBoost,tabarena-2026-07-13,tuned,CAT,False,
HR_Analytics_Job_Change_of_Data_Scientists,0,CAT (tuned + ensemble),0.1872496084930283,2920.483873605728,0.9835152626037598,roc_auc,binary,0.19624231138484072,hpo,CatBoost,tabarena-2026-07-13,tuned_ensemble,CAT,False,
HR_Analytics_Job_Change_of_Data_Scientists,0,CHIMERA (default),0.1877442332647803,10.665011644363403,0.14836716651916504,roc_auc,binary,0.19980869240283028,config,ChimeraBoost,tabarena-2026-08-10,default,CHIMERA,False,
HR_Analytics_Job_Change_of_Data_Scientists,0,CHIMERA (tuned),0.1865574613786496,2226.74906873703,0.1592702865600586,roc_auc,binary,0.196604212369609,hpo,ChimeraBoost,tabarena-2026-08-10,tuned,CHIMERA,False,
HR_Analytics_Job_Change_of_Data_Scientists,0,CHIMERA (tuned + ensemble),0.18670486611195314,2226.74906873703,2.4809322357177734,roc_auc,binary,0.19114316073293258,hpo,ChimeraBoost,tabarena-2026-08-10,tuned_ensemble,CHIMERA,False,
HR_Analytics_Job_Change_of_Data_Scientists,0,EBM (default),0.18880908505816518,8.535075902938843,0.027111053466796875,roc_auc,binary,0.20356387566299794,config,ExplainableBM,tabarena-2026-07-13,default,EBM,False,
HR_Analytics_Job_Change_of_Data_Scientists,0,EBM (tuned),0.18957663788278056,1635.4991612434387,0.03162503242492676,roc_auc,binary,0.2006080643938457,hpo,ExplainableBM,tabarena-2026-07-13,tuned,EBM,False,
HR_Analytics_Job_Change_of_Data_Scientists,0,EBM (tuned + ensemble),0.18830371611918584,1635.4991612434387,0.15755748748779297,roc_auc,binary,0.1995986355803966,hpo,ExplainableBM,tabarena-2026-07-13,tuned_ensemble,EBM,False,
HR_Analytics_Job_Change_of_Data_Scientists,0,XT (default),0.203504157730664,6.298115015029907,0.5956721305847168,roc_auc,binary,0.22147305376082427,config,ExtraTrees,tabarena-2026-07-13,default,XT,False,
HR_Analytics_Job_Change_of_Data_Scientists,0,XT (tuned),0.18694300664775698,1094.3221275806427,0.21114301681518555,roc_auc,binary,0.2053538944924601,hpo,ExtraTrees,tabarena-2026-07-13,tuned,XT,False,
HR_Analytics_Job_Change_of_Data_Scientists,0,XT (tuned + ensemble),0.18739327897308822,1094.3221275806427,0.7878050804138184,roc_auc,binary,0.20445990850705564,hpo,ExtraTrees,tabarena-2026-07-13,tuned_ensemble,XT,False,
HR_Analytics_Job_Change_of_Data_Scientists,0,KNN (default),0.2473528075295124,0.744457483291626,0.1347944736480713,roc_auc,binary,0.2599136651394919,config,KNeighbors,tabarena-2025-10-20,default,KNN,False,
HR_Analytics_Job_Change_of_Data_Scientists,0,KNN (tuned),0.20067876931591622,1872.6747224330902,4.9269421100616455,roc_auc,binary,0.2132115064896063,hpo,KNeighbors,tabarena-2025-10-20,tuned,KNN,False,
HR_Analytics_Job_Change_of_Data_Scientists,0,KNN (tuned + ensemble),0.19102801764349486,1872.6747224330902,93.36822319030762,roc_auc,binary,0.20401562555521036,hpo,KNeighbors,tabarena-2025-10-20,tuned_ensemble,KNN,False,
HR_Analytics_Job_Change_of_Data_Scientists,0,GBM (default),0.18797922916627352,7.793605089187622,0.6159088611602783,roc_auc,binary,0.20315849940043418,config,LightGBM,tabarena-2025-06-12,default,GBM,False,
HR_Analytics_Job_Change_of_Data_Scientists,0,GBM (tuned),0.1860822285184789,1300.1217753887177,0.7499551773071289,roc_auc,binary,0.19876081539643808,hpo,LightGBM,tabarena-2025-06-12,tuned,GBM,False,
HR_Analytics_Job_Change_of_Data_Scientists,0,GBM (tuned + ensemble),0.1860990654146829,1300.1217753887177,3.933397054672241,roc_auc,binary,0.19693526310075504,hpo,LightGBM,tabarena-2025-06-12,tuned_ensemble,GBM,False,
HR_Analytics_Job_Change_of_Data_Scientists,0,LR (default),0.19447637121779116,3.8204853534698486,0.13774466514587402,roc_auc,binary,0.2096337285626353,config,LinearModel,tabarena-2025-10-20,default,LR,False,
HR_Analytics_Job_Change_of_Data_Scientists,0,LR (tuned),0.19522577688190645,796.0254554748535,0.11032319068908691,roc_auc,binary,0.2064531885882226,hpo,LinearModel,tabarena-2025-10-20,tuned,LR,False,
HR_Analytics_Job_Change_of_Data_Scientists,0,LR (tuned + ensemble),0.19522577688190645,796.0254554748535,0.11032319068908691,roc_auc,binary,0.2064531885882226,hpo,LinearModel,tabarena-2025-10-20,tuned_ensemble,LR,False,
HR_Analytics_Job_Change_of_Data_Scientists,0,FASTAI (default),0.19179871510242086,20.623943328857422,0.6326150894165039,roc_auc,binary,0.20717168510012984,config,NeuralNetFastAI,tabarena-2025-06-12,default,FASTAI,False,
HR_Analytics_Job_Change_of_Data_Scientists,0,FASTAI (tuned),0.19126393072999537,5192.854777812958,0.8062961101531982,roc_auc,binary,0.2002952388921484,hpo,NeuralNetFastAI,tabarena-2025-06-12,tuned,FASTAI,False,
HR_Analytics_Job_Change_of_Data_Scientists,0,FASTAI (tuned + ensemble),0.18812145835560778,5192.854777812958,19.537333726882935,roc_auc,binary,0.19258080875151606,hpo,NeuralNetFastAI,tabarena-2025-06-12,tuned_ensemble,FASTAI,False,
HR_Analytics_Job_Change_of_Data_Scientists,0,NN_TORCH (default),0.1901708427410309,22.54622530937195,0.31683921813964844,roc_auc,binary,0.20344648422551548,config,NeuralNetTorch,tabarena-2025-06-12,default,NN_TORCH,False,
HR_Analytics_Job_Change_of_Data_Scientists,0,NN_TORCH (tuned),0.18949880818359632,14372.70099234581,0.32210564613342285,roc_auc,binary,0.2003524854349632,hpo,NeuralNetTorch,tabarena-2025-06-12,tuned,NN_TORCH,False,
HR_Analytics_Job_Change_of_Data_Scientists,0,NN_TORCH (tuned + ensemble),0.1880847054421041,14372.70099234581,6.246373414993286,roc_auc,binary,0.19188490955914106,hpo,NeuralNetTorch,tabarena-2025-06-12,tuned_ensemble,NN_TORCH,False,
HR_Analytics_Job_Change_of_Data_Scientists,0,RF (default),0.20271957147020037,1.340282678604126,0.1812899112701416,roc_auc,binary,0.21914084663641353,config,RandomForest,tabarena-2025-06-12,default,RF,False,
HR_Analytics_Job_Change_of_Data_Scientists,0,RF (tuned),0.18796009930755153,839.444596529007,0.25931572914123535,roc_auc,binary,0.20454491045320888,hpo,RandomForest,tabarena-2025-06-12,tuned,RF,False,
HR_Analytics_Job_Change_of_Data_Scientists,0,RF (tuned + ensemble),0.18777312459250783,839.444596529007,2.6347618103027344,roc_auc,binary,0.20251766889326683,hpo,RandomForest,tabarena-2025-06-12,tuned_ensemble,RF,False,
HR_Analytics_Job_Change_of_Data_Scientists,0,XGB (default),0.1839697549072018,6.3053247928619385,0.2502627372741699,roc_auc,binary,0.20423201945203462,config,XGBoost,tabarena-2025-06-12,default,XGB,False,
HR_Analytics_Job_Change_of_Data_Scientists,0,XGB (tuned),0.18861018693802767,1212.663471698761,0.6563069820404053,roc_auc,binary,0.19759702069079355,hpo,XGBoost,tabarena-2025-06-12,tuned,XGB,False,
HR_Analytics_Job_Change_of_Data_Scientists,0,XGB (tuned + ensemble),0.18695401286784363,1212.663471698761,4.508804559707642,roc_auc,binary,0.19692140996138974,hpo,XGBoost,tabarena-2025-06-12,tuned_ensemble,XGB,False,
HR_Analytics_Job_Change_of_Data_Scientists,0,MITRA_GPU (default),0.20271957147020037,1.340282678604126,0.1812899112701416,roc_auc,binary,0.21914084663641353,config,Mitra_GPU,tabarena-2025-09-03,default,MITRA_GPU,True,
HR_Analytics_Job_Change_of_Data_Scientists,0,MNCA_GPU (default),0.1899973637482364,27.453927040100098,0.7771279811859131,roc_auc,binary,0.20426021697684216,config,ModernNCA_GPU,tabarena-2025-06-12,default,MNCA_GPU,False,
HR_Analytics_Job_Change_of_Data_Scientists,0,MNCA_GPU (tuned),0.18510195428540277,12385.53963971138,0.8166999816894531,roc_auc,binary,0.19882143516231343,hpo,ModernNCA_GPU,tabarena-2025-06-12,tuned,MNCA_GPU,False,
HR_Analytics_Job_Change_of_Data_Scientists,0,MNCA_GPU (tuned + ensemble),0.18665166938153432,12385.53963971138,18.421589374542236,roc_auc,binary,0.19085833625761206,hpo,ModernNCA_GPU,tabarena-2025-06-12,tuned_ensemble,MNCA_GPU,False,
HR_Analytics_Job_Change_of_Data_Scientists,0,REALMLP_GPU (default),0.18812231002740032,95.52351760864258,3.7570128440856934,roc_auc,binary,0.20927881964702655,config,RealMLP_GPU,tabarena-2025-09-03,default,REALMLP_GPU,False,
HR_Analytics_Job_Change_of_Data_Scientists,0,REALMLP_GPU (tuned),0.18775268446948967,20144.628666639328,0.6575672626495361,roc_auc,binary,0.19741620938479776,hpo,RealMLP_GPU,tabarena-2025-09-03,tuned,REALMLP_GPU,False,
HR_Analytics_Job_Change_of_Data_Scientists,0,REALMLP_GPU (tuned + ensemble),0.1869753046626541,20144.628666639328,17.178825616836548,roc_auc,binary,0.1927951557896871,hpo,RealMLP_GPU,tabarena-2025-09-03,tuned_ensemble,REALMLP_GPU,False,
HR_Analytics_Job_Change_of_Data_Scientists,0,TABDPT_GPU (default),0.18712474030561654,587.1051151752472,270.15226650238037,roc_auc,binary,0.20161446385648807,config,TabDPT_GPU,tabarena-2025-10-20,default,TABDPT_GPU,False,
HR_Analytics_Job_Change_of_Data_Scientists,0,TABDPT_GPU (tuned),0.18545225344494687,64368.138095617294,270.8187720775604,roc_auc,binary,0.1995671958314823,hpo,TabDPT_GPU,tabarena-2025-10-20,tuned,TABDPT_GPU,False,
HR_Analytics_Job_Change_of_Data_Scientists,0,TABDPT_GPU (tuned + ensemble),0.18868146531573182,64368.138095617294,2094.9513659477234,roc_auc,binary,0.19797737615317967,hpo,TabDPT_GPU,tabarena-2025-10-20,tuned_ensemble,TABDPT_GPU,False,
HR_Analytics_Job_Change_of_Data_Scientists,0,TABDPT_TURBO (default),0.18625420070733312,11.06772494316101,0.6776304244995117,roc_auc,binary,0.19931774107369027,config,TabDPT-Turbo,tabarena-2026-07-13,default,TABDPT_TURBO,False,
HR_Analytics_Job_Change_of_Data_Scientists,0,TABICL_GPU (default),0.18423875216717722,32.4970006942749,4.545663118362427,roc_auc,binary,0.2000922396383511,config,TabICL_GPU,tabarena-2025-06-12,default,TABICL_GPU,False,
HR_Analytics_Job_Change_of_Data_Scientists,0,TA-TABM (default),0.18796560241759486,18.26201844215393,0.3668477535247803,roc_auc,binary,0.20278674074439174,config,TabM,tabarena-2026-06-26,default,TA-TABM,False,
HR_Analytics_Job_Change_of_Data_Scientists,0,TA-TABM (tuned),0.18907723064634818,7761.217602968216,0.40485572814941406,roc_auc,binary,0.19836419968891028,hpo,TabM,tabarena-2026-06-26,tuned,TA-TABM,False,
HR_Analytics_Job_Change_of_Data_Scientists,0,TA-TABM (tuned + ensemble),0.18766240725949312,7761.217602968216,5.35619044303894,roc_auc,binary,0.1969981262237145,hpo,TabM,tabarena-2026-06-26,tuned_ensemble,TA-TABM,False,
HR_Analytics_Job_Change_of_Data_Scientists,0,TABPFNV2_GPU (default),0.20271957147020037,1.340282678604126,0.1812899112701416,roc_auc,binary,0.21914084663641353,config,TabPFNv2_GPU,tabarena-2025-06-12,default,TABPFNV2_GPU,True,RandomForest_c1_BAG_L1
HR_Analytics_Job_Change_of_Data_Scientists,0,TABPFNV2_GPU (tuned),0.20271957147020037,1.340282678604126,0.1812899112701416,roc_auc,binary,0.21914084663641353,hpo,TabPFNv2_GPU,tabarena-2025-06-12,tuned,TABPFNV2_GPU,True,RandomForest_c1_BAG_L1
HR_Analytics_Job_Change_of_Data_Scientists,0,TABPFNV2_GPU (tuned + ensemble),0.20271957147020037,1.340282678604126,0.1812899112701416,roc_auc,binary,0.21914084663641353,hpo,TabPFNv2_GPU,tabarena-2025-06-12,tuned_ensemble,TABPFNV2_GPU,True,RandomForest_c1_BAG_L1
HR_Analytics_Job_Change_of_Data_Scientists,0,XRFM_GPU (default),0.2102243067653663,15.678804397583008,1.0043764114379883,roc_auc,binary,0.22821614303382765,config,xRFM_GPU,tabarena-2025-09-03,default,XRFM_GPU,False,
HR_Analytics_Job_Change_of_Data_Scientists,0,XRFM_GPU (tuned),0.18753701496636288,4021.5141081809998,0.3230624198913574,roc_auc,binary,0.19968191816528102,hpo,xRFM_GPU,tabarena-2025-09-03,tuned,XRFM_GPU,False,
HR_Analytics_Job_Change_of_Data_Scientists,0,XRFM_GPU (tuned + ensemble),0.18902416494235885,4021.5141081809998,7.384322881698608,roc_auc,binary,0.19687675569300989,hpo,xRFM_GPU,tabarena-2025-09-03,tuned_ensemble,XRFM_GPU,False,
HR_Analytics_Job_Change_of_Data_Scientists,0,BETA_GPU (default),0.18930567522636133,1959.585881471634,4.0052595138549805,roc_auc,binary,0.20001218290270428,config,BetaTabPFN_GPU,tabarena-2025-09-03,default,BETA_GPU,False,
HR_Analytics_Job_Change_of_Data_Scientists,0,TABFLEX_GPU (default),0.20231548596130433,5.481898069381714,0.33870911598205566,roc_auc,binary,0.2132306487117317,config,TabFlex_GPU,tabarena-2025-09-03,default,TABFLEX_GPU,False,
HR_Analytics_Job_Change_of_Data_Scientists,0,REALTABPFN-V2.5 (default),0.18784473053628603,18.685909271240234,2.495746374130249,roc_auc,binary,0.200075209774356,config,RealTabPFN-v2.5,tabarena-2025-11-12,default,REALTABPFN-V2.5,False,
HR_Analytics_Job_Change_of_Data_Scientists,0,REALTABPFN-V2.5 (tuned),0.18706492674050268,8919.538046121597,3.7531871795654297,roc_auc,binary,0.19863476165313476,hpo,RealTabPFN-v2.5,tabarena-2025-11-12,tuned,REALTABPFN-V2.5,False,
HR_Analytics_Job_Change_of_Data_Scientists,0,REALTABPFN-V2.5 (tuned + ensemble),0.18666876833059753,8919.538046121597,53.11450147628784,roc_auc,binary,0.19830200793558916,hpo,RealTabPFN-v2.5,tabarena-2025-11-12,tuned_ensemble,REALTABPFN-V2.5,False,
HR_Analytics_Job_Change_of_Data_Scientists,0,SAP-RPT-OSS (default),0.18991389991257923,169.71528792381287,66.31503582000732,roc_auc,binary,0.2021355940696119,config,SAP-RPT-OSS,tabarena-2025-11-25,default,SAP-RPT-OSS,False,
HR_Analytics_Job_Change_of_Data_Scientists,0,TABICLV2 (default),0.18586858992501099,7.674248456954956,0.5368978977203369,roc_auc,binary,0.19868599861894354,config,TabICLv2,tabarena-2026-07-13,default,TABICLV2,False,
HR_Analytics_Job_Change_of_Data_Scientists,0,TABSTAR (default),0.199185788663803,2909.208736181259,11.451851844787598,roc_auc,binary,0.2115814865073533,config,TabSTAR,tabarena-2026-03-18,default,TABSTAR,False,
HR_Analytics_Job_Change_of_Data_Scientists,0,TABSTAR (tuned),0.19235230176749407,201405.06437706947,10.56540846824646,roc_auc,binary,0.20685059028947328,hpo,TabSTAR,tabarena-2026-03-18,tuned,TABSTAR,False,
HR_Analytics_Job_Change_of_Data_Scientists,0,TABSTAR (tuned + ensemble),0.19238224130665849,201405.06437706947,68.9832694530487,roc_auc,binary,0.20607528935622033,hpo,TabSTAR,tabarena-2026-03-18,tuned_ensemble,TABSTAR,False,
HR_Analytics_Job_Change_of_Data_Scientists,0,PB (default),0.2225150444546471,38.15417504310608,1.2992026805877686,roc_auc,binary,0.23939878685143856,config,PerpetualBooster,tabarena-2026-03-18,default,PB,False,
HR_Analytics_Job_Change_of_Data_Scientists,0,PB (tuned),0.2038566188262967,258.88177728652954,30.17453360557556,roc_auc,binary,0.22265278121422605,hpo,PerpetualBooster,tabarena-2026-03-18,tuned,PB,False,
HR_Analytics_Job_Change_of_Data_Scientists,0,PB (tuned + ensemble),0.2006145008521959,258.88177728652954,43.05281734466553,roc_auc,binary,0.22092256340717797,hpo,PerpetualBooster,tabarena-2026-03-18,tuned_ensemble,PB,False,
HR_Analytics_Job_Change_of_Data_Scientists,0,TABPFN-V2.6 (default),0.18585319431953273,16.355686902999878,1.5270752906799316,roc_auc,binary,0.2000110366618585,config,TabPFN-v2.6,tabarena-2026-03-18,default,TABPFN-V2.6,False,
HR_Analytics_Job_Change_of_Data_Scientists,0,TA-LIMIX (default),0.1864508713781674,63.39102602005005,8.719824075698853,roc_auc,binary,0.20332540844245683,config,LimiX,tabarena-2026-05-13,default,TA-LIMIX,False,
HR_Analytics_Job_Change_of_Data_Scientists,0,TA-ORION-MSP (default),0.20789557403202918,101.14121770858765,17.658833742141724,roc_auc,binary,0.20723346748172033,config,OrionMSP,tabarena-2026-05-13,default,TA-ORION-MSP,False,
HR_Analytics_Job_Change_of_Data_Scientists,0,TA-TABPFN-3 (default),0.18592624155403636,16.508962631225586,0.9490463733673096,roc_auc,binary,0.19812602721601513,config,TabPFN-3,tabarena-2026-07-13,default,TA-TABPFN-3,False,
HR_Analytics_Job_Change_of_Data_Scientists,0,TA-ILTM (default),0.1867141034752402,2124.295259475708,177.6453835964203,roc_auc,binary,0.19199442468452577,config,iLTM,tabarena-2026-05-13,default,TA-ILTM,False,
HR_Analytics_Job_Change_of_Data_Scientists,0,TA-ILTM (tuned),0.18789969612350443,58392.13334131241,90.71736121177673,roc_auc,binary,0.19173119866171473,hpo,iLTM,tabarena-2026-05-13,tuned,TA-ILTM,False,
HR_Analytics_Job_Change_of_Data_Scientists,0,TA-ILTM (tuned + ensemble),0.1861583548740784,58392.13334131241,788.7301864624023,roc_auc,binary,0.1895641648431885,hpo,iLTM,tabarena-2026-05-13,tuned_ensemble,TA-ILTM,False,
HR_Analytics_Job_Change_of_Data_Scientists,0,TA-NORI (default),0.20271957147020037,1.340282678604126,0.1812899112701416,roc_auc,binary,0.21914084663641353,config,Nori,tabarena-2026-07-13,default,TA-NORI,True,
HR_Analytics_Job_Change_of_Data_Scientists,0,TA-NORI-30M (default),0.20271957147020037,1.340282678604126,0.1812899112701416,roc_auc,binary,0.21914084663641353,config,Nori-30M,tabarena-2026-07-13,default,TA-NORI-30M,True,
HR_Analytics_Job_Change_of_Data_Scientists,0,TABFM (default),0.18551842179189648,247.2211081981659,45.44837307929993,roc_auc,binary,0.1976899808233905,config,TabFM,tabarena-2026-07-13,default,TABFM,False,
HR_Analytics_Job_Change_of_Data_Scientists,0,TA-TABSWIFT (default),0.18526206858237793,5.209628343582153,0.46051669120788574,roc_auc,binary,0.2006179384399891,config,TabSwift,tabarena-2026-07-13,default,TA-TABSWIFT,False,
HR_Analytics_Job_Change_of_Data_Scientists,0,TA-EXAONE-TABULAR (default),0.1822444643954022,22.931276321411133,1.978261947631836,roc_auc,binary,0.1977637168595161,config,EXAONE-Tabular,tabarena-2026-08-06,default,TA-EXAONE-TABULAR,False,
HR_Analytics_Job_Change_of_Data_Scientists,0,[Leakage] TabSTAR_base (default),0.19194055121246612,1431.2839546203613,16.542470693588257,roc_auc,binary,0.20583374366026463,config,[Leakage] TabSTAR_base,[Leakage] TabSTAR_base,default,[Leakage] TabSTAR_base,False,
HR_Analytics_Job_Change_of_Data_Scientists,0,[Leakage] TabSTAR_correct (default),0.1949608414412488,1290.8939113616943,16.442520141601562,roc_auc,binary,0.207610302347223,config,[Leakage] TabSTAR_correct,[Leakage] TabSTAR_correct,default,[Leakage] TabSTAR_correct,False,
HR_Analytics_Job_Change_of_Data_Scientists,0,[Leakage] TabSTAR_wrong (default),0.20271957147020037,1.340282678604126,0.1812899112701416,roc_auc,binary,0.21914084663641353,config,[Leakage] TabSTAR_wrong,[Leakage] TabSTAR_wrong,default,[Leakage] TabSTAR_wrong,True,
Is-this-a-good-customer,0,"AutoGluon 1.4 (best, 4h)",0.2599273679823779,3488.072547674179,0.9305336475372314,roc_auc,binary,0.19184675834970533,baseline,AutoGluon_v140_bq_4h8c,tabarena-2025-11-01,,,False,
Is-this-a-good-customer,0,"AutoGluon 1.5 (extreme, 4h)",0.26796451747335837,173.53374910354614,4.548678874969482,roc_auc,binary,0.2511938945141303,baseline,AutoGluon_v150_eq_4h8c,tabarena-2025-12-18,,,False,
Is-this-a-good-customer,0,"AutoGluon 1.6 (extreme, 4h)",0.26501756265999876,12.379822015762329,0.24295520782470703,roc_auc,binary,0.25075562943932295,baseline,AutoGluon_16_extreme,tabarena-2026-08-05,,,False,
Is-this-a-good-customer,0,"AutoGluon 1.6 (noncommercial, 4h)",0.26486872655831406,15.781564235687256,0.3459348678588867,roc_auc,binary,0.2501889073598307,baseline,AutoGluon_16_noncommercial,tabarena-2026-08-05,,,False,
Is-this-a-good-customer,0,TabFM+,0.2604631779484433,80.18963527679443,2.628493070602417,roc_auc,binary,,baseline,TabFM+,tabarena-2026-07-07,,,False,
Is-this-a-good-customer,0,CAT (default),0.25867714472822523,7.325218439102173,0.04660964012145996,roc_auc,binary,0.24311621580776777,config,CatBoost,tabarena-2026-07-13,default,CAT,False,
Is-this-a-good-customer,0,CAT (tuned),0.24894326367803776,1411.3589417934418,0.04636096954345703,roc_auc,binary,0.22497355296962374,hpo,CatBoost,tabarena-2026-07-13,tuned,CAT,False,
Is-this-a-good-customer,0,CAT (tuned + ensemble),0.26144549621956303,1411.3589417934418,0.7220208644866943,roc_auc,binary,0.20991763639111383,hpo,CatBoost,tabarena-2026-07-13,tuned_ensemble,CAT,False,
Is-this-a-good-customer,0,CHIMERA (default),0.26626778591415134,10.177579164505005,0.034354209899902344,roc_auc,binary,0.24809581381290613,config,ChimeraBoost,tabarena-2026-08-10,default,CHIMERA,False,
Is-this-a-good-customer,0,CHIMERA (tuned),0.2703161278799786,2006.2667021751404,0.025790929794311523,roc_auc,binary,0.21738703339882126,hpo,ChimeraBoost,tabarena-2026-08-10,tuned,CHIMERA,False,
Is-this-a-good-customer,0,CHIMERA (tuned + ensemble),0.2751681847949039,2006.2667021751404,0.4531846046447754,roc_auc,binary,0.1928706362399879,hpo,ChimeraBoost,tabarena-2026-08-10,tuned_ensemble,CHIMERA,False,
Is-this-a-good-customer,0,EBM (default),0.248675358695005,7.015230894088745,0.009129524230957031,roc_auc,binary,0.22594831494635026,config,ExplainableBM,tabarena-2026-07-13,default,EBM,False,
Is-this-a-good-customer,0,EBM (tuned),0.27888908733702444,1567.0115592479706,0.009552955627441406,roc_auc,binary,0.21774217923530303,hpo,ExplainableBM,tabarena-2026-07-13,tuned,EBM,False,
Is-this-a-good-customer,0,EBM (tuned + ensemble),0.2717151872358159,1567.0115592479706,0.05594134330749512,roc_auc,binary,0.2080852350007556,hpo,ExplainableBM,tabarena-2026-07-13,tuned_ensemble,EBM,False,
Is-this-a-good-customer,0,XT (default),0.31063582782639754,6.064330577850342,0.419567346572876,roc_auc,binary,0.2806936678252985,config,ExtraTrees,tabarena-2026-07-13,default,XT,False,
Is-this-a-good-customer,0,XT (tuned),0.3099065309281419,1083.364533662796,0.12676787376403809,roc_auc,binary,0.24244370560677042,hpo,ExtraTrees,tabarena-2026-07-13,tuned,XT,False,
Is-this-a-good-customer,0,XT (tuned + ensemble),0.30773352384354347,1083.364533662796,0.9880437850952148,roc_auc,binary,0.23807616744748372,hpo,ExtraTrees,tabarena-2026-07-13,tuned_ensemble,XT,False,
Is-this-a-good-customer,0,KNN (default),0.36205870095850445,0.4054570198059082,0.015001058578491211,roc_auc,binary,0.3196085839504307,config,KNeighbors,tabarena-2025-10-20,default,KNN,False,
Is-this-a-good-customer,0,KNN (tuned),0.2819551110317319,102.96236062049866,0.027104854583740234,roc_auc,binary,0.256218830285628,hpo,KNeighbors,tabarena-2025-10-20,tuned,KNN,False,
Is-this-a-good-customer,0,KNN (tuned + ensemble),0.28219324879442753,102.96236062049866,0.6513559818267822,roc_auc,binary,0.2414160495692912,hpo,KNeighbors,tabarena-2025-10-20,tuned_ensemble,KNN,False,
Is-this-a-good-customer,0,GBM (default),0.30895397987735906,3.866835832595825,0.030735254287719727,roc_auc,binary,0.24590826658606613,config,LightGBM,tabarena-2025-06-12,default,GBM,False,
Is-this-a-good-customer,0,GBM (tuned),0.30761445496219564,883.4639246463776,0.03374361991882324,roc_auc,binary,0.22234774066797647,hpo,LightGBM,tabarena-2025-06-12,tuned,GBM,False,
Is-this-a-good-customer,0,GBM (tuned + ensemble),0.2796928022861225,883.4639246463776,0.498333215713501,roc_auc,binary,0.20786232431615537,hpo,LightGBM,tabarena-2025-06-12,tuned_ensemble,GBM,False,
Is-this-a-good-customer,0,LR (default),0.27650770971006733,4.2521257400512695,0.1186823844909668,roc_auc,binary,0.2657850989874566,config,LinearModel,tabarena-2025-10-20,default,LR,False,
Is-this-a-good-customer,0,LR (tuned),0.28892064059058165,826.1207854747772,0.08076930046081543,roc_auc,binary,0.25799455946803684,hpo,LinearModel,tabarena-2025-10-20,tuned,LR,False,
Is-this-a-good-customer,0,LR (tuned + ensemble),0.2831160326248735,826.1207854747772,0.2924306392669678,roc_auc,binary,0.2567591053347439,hpo,LinearModel,tabarena-2025-10-20,tuned_ensemble,LR,False,
Is-this-a-good-customer,0,FASTAI (default),0.29014109662439724,7.431189775466919,0.6792573928833008,roc_auc,binary,0.2789103823484964,config,NeuralNetFastAI,tabarena-2025-06-12,default,FASTAI,False,
Is-this-a-good-customer,0,FASTAI (tuned),0.27198309221884864,2378.917948484421,1.1257023811340332,roc_auc,binary,0.21591355599214146,hpo,NeuralNetFastAI,tabarena-2025-06-12,tuned,FASTAI,False,
Is-this-a-good-customer,0,FASTAI (tuned + ensemble),0.2619813061856284,2378.917948484421,13.051024913787842,roc_auc,binary,0.18300589390962674,hpo,NeuralNetFastAI,tabarena-2025-06-12,tuned_ensemble,FASTAI,False,
Is-this-a-good-customer,0,NN_TORCH (default),0.27159611835446806,8.910502672195435,0.30629515647888184,roc_auc,binary,0.24202810941514286,config,NeuralNetTorch,tabarena-2025-06-12,default,NN_TORCH,False,
Is-this-a-good-customer,0,NN_TORCH (tuned),0.26519616598202056,2912.7097520828247,0.09423208236694336,roc_auc,binary,0.2197294846607224,hpo,NeuralNetTorch,tabarena-2025-06-12,tuned,NN_TORCH,False,
Is-this-a-good-customer,0,NN_TORCH (tuned + ensemble),0.2706733345240222,2912.7097520828247,2.7575395107269287,roc_auc,binary,0.1762656793108659,hpo,NeuralNetTorch,tabarena-2025-06-12,tuned_ensemble,NN_TORCH,False,
Is-this-a-good-customer,0,RF (default),0.33047568018098483,0.5395643711090088,0.055043697357177734,roc_auc,binary,0.2551685053649688,config,RandomForest,tabarena-2025-06-12,default,RF,False,
Is-this-a-good-customer,0,RF (tuned),0.27665654581175214,647.9590482711792,0.13050341606140137,roc_auc,binary,0.2536005742783739,hpo,RandomForest,tabarena-2025-06-12,tuned,RF,False,
Is-this-a-good-customer,0,RF (tuned + ensemble),0.3054116806572602,647.9590482711792,1.127267837524414,roc_auc,binary,0.2326960858395043,hpo,RandomForest,tabarena-2025-06-12,tuned_ensemble,RF,False,
Is-this-a-good-customer,0,XGB (default),0.29927963326784546,3.286167860031128,0.08177661895751953,roc_auc,binary,0.25191174248148707,config,XGBoost,tabarena-2025-06-12,default,XGB,False,
Is-this-a-good-customer,0,XGB (tuned),0.2841578853366673,827.9696853160858,0.2273545265197754,roc_auc,binary,0.21739458969321446,hpo,XGBoost,tabarena-2025-06-12,tuned,XGB,False,
Is-this-a-good-customer,0,XGB (tuned + ensemble),0.28633089242126575,827.9696853160858,1.2249925136566162,roc_auc,binary,0.21481789330512313,hpo,XGBoost,tabarena-2025-06-12,tuned_ensemble,XGB,False,
Is-this-a-good-customer,0,MITRA_GPU (default),0.2720723938798596,105.81343936920166,1.1501548290252686,roc_auc,binary,0.2370258425268248,config,Mitra_GPU,tabarena-2025-09-03,default,MITRA_GPU,False,
Is-this-a-good-customer,0,MNCA_GPU (default),0.28025837947252485,20.14673399925232,0.18909811973571777,roc_auc,binary,0.23627776938189515,config,ModernNCA_GPU,tabarena-2025-06-12,default,MNCA_GPU,False,
Is-this-a-good-customer,0,MNCA_GPU (tuned),0.2843364886586891,7248.341259479523,0.22104525566101074,roc_auc,binary,0.21307238930028716,hpo,ModernNCA_GPU,tabarena-2025-06-12,tuned,MNCA_GPU,False,
Is-this-a-good-customer,0,MNCA_GPU (tuned + ensemble),0.28859320116687504,7248.341259479523,7.313557863235474,roc_auc,binary,0.08687471663896029,hpo,ModernNCA_GPU,tabarena-2025-06-12,tuned_ensemble,MNCA_GPU,False,
Is-this-a-good-customer,0,REALMLP_GPU (default),0.2658212776090969,20.129396677017212,3.6461775302886963,roc_auc,binary,0.27550249357714973,config,RealMLP_GPU,tabarena-2025-09-03,default,REALMLP_GPU,False,
Is-this-a-good-customer,0,REALMLP_GPU (tuned),0.2518009168303864,4302.385990142822,0.31211137771606445,roc_auc,binary,0.2238703339882122,hpo,RealMLP_GPU,tabarena-2025-09-03,tuned,REALMLP_GPU,False,
Is-this-a-good-customer,0,REALMLP_GPU (tuned + ensemble),0.25555158659284394,4302.385990142822,24.265416860580444,roc_auc,binary,0.16689587426326125,hpo,RealMLP_GPU,tabarena-2025-09-03,tuned_ensemble,REALMLP_GPU,False,
Is-this-a-good-customer,0,TABDPT_GPU (default),0.2660594153717927,31.14500331878662,15.591116189956665,roc_auc,binary,0.2556898896781019,config,TabDPT_GPU,tabarena-2025-10-20,default,TABDPT_GPU,False,
Is-this-a-good-customer,0,TABDPT_GPU (tuned),0.2635292016431505,9270.751445770264,25.873956441879272,roc_auc,binary,0.2449108357261599,hpo,TabDPT_GPU,tabarena-2025-10-20,tuned,TABDPT_GPU,False,
Is-this-a-good-customer,0,TABDPT_GPU (tuned + ensemble),0.2770732868964696,9270.751445770264,245.8025665283203,roc_auc,binary,0.23608130572767116,hpo,TabDPT_GPU,tabarena-2025-10-20,tuned_ensemble,TABDPT_GPU,False,
Is-this-a-good-customer,0,TABDPT_TURBO (default),0.26537476930404247,6.129487991333008,0.13390016555786133,roc_auc,binary,0.25350612059845856,config,TabDPT-Turbo,tabarena-2026-07-13,default,TABDPT_TURBO,False,
Is-this-a-good-customer,0,TABICL_GPU (default),0.2656129070667381,10.819545030593872,0.8727271556854248,roc_auc,binary,0.25562566117575947,config,TabICL_GPU,tabarena-2025-06-12,default,TABICL_GPU,False,
Is-this-a-good-customer,0,TA-TABM (default),0.2543906649997023,15.794673204421997,0.22124552726745605,roc_auc,binary,0.26187849478615677,config,TabM,tabarena-2026-06-26,default,TA-TABM,False,
Is-this-a-good-customer,0,TA-TABM (tuned),0.26207060784663927,2927.500200033188,0.3918139934539795,roc_auc,binary,0.2268021762127852,hpo,TabM,tabarena-2026-06-26,tuned,TA-TABM,False,
Is-this-a-good-customer,0,TA-TABM (tuned + ensemble),0.2574864559147467,2927.500200033188,2.294626474380493,roc_auc,binary,0.21858092791295147,hpo,TabM,tabarena-2026-06-26,tuned_ensemble,TA-TABM,False,
Is-this-a-good-customer,0,TABPFNV2_GPU (default),0.26850032743942376,4.775882959365845,0.13829708099365234,roc_auc,binary,0.25664953906604193,config,TabPFNv2_GPU,tabarena-2025-06-12,default,TABPFNV2_GPU,False,
Is-this-a-good-customer,0,TABPFNV2_GPU (tuned),0.2795588497946062,1794.8437876701355,0.14348173141479492,roc_auc,binary,0.2514356959347136,hpo,TabPFNv2_GPU,tabarena-2025-06-12,tuned,TABPFNV2_GPU,False,
Is-this-a-good-customer,0,TABPFNV2_GPU (tuned + ensemble),0.2822825504554385,1794.8437876701355,11.619144439697266,roc_auc,binary,0.22920507782983224,hpo,TabPFNv2_GPU,tabarena-2025-06-12,tuned_ensemble,TABPFNV2_GPU,False,
Is-this-a-good-customer,0,XRFM_GPU (default),0.3140441745549801,9.518273115158081,0.6745340824127197,roc_auc,binary,0.287358319480127,config,xRFM_GPU,tabarena-2025-09-03,default,XRFM_GPU,False,
Is-this-a-good-customer,0,XRFM_GPU (tuned),0.30585818896231465,2047.0402319431305,0.05954098701477051,roc_auc,binary,0.2321482544959952,hpo,xRFM_GPU,tabarena-2025-09-03,tuned,XRFM_GPU,False,
Is-this-a-good-customer,0,XRFM_GPU (tuned + ensemble),0.28787878787878785,2047.0402319431305,5.769813776016235,roc_auc,binary,0.20630950581834673,hpo,xRFM_GPU,tabarena-2025-09-03,tuned_ensemble,XRFM_GPU,False,
Is-this-a-good-customer,0,BETA_GPU (default),0.2642733821515746,354.5971841812134,1.6755433082580566,roc_auc,binary,0.22093471361644257,config,BetaTabPFN_GPU,tabarena-2025-09-03,default,BETA_GPU,False,
Is-this-a-good-customer,0,TABFLEX_GPU (default),0.2798416383878074,3.6611995697021484,0.3842289447784424,roc_auc,binary,0.24879854919147637,config,TabFlex_GPU,tabarena-2025-09-03,default,TABFLEX_GPU,False,
Is-this-a-good-customer,0,REALTABPFN-V2.5 (default),0.2659998809311187,7.673463821411133,0.27731800079345703,roc_auc,binary,0.25615837993048207,config,RealTabPFN-v2.5,tabarena-2025-11-12,default,REALTABPFN-V2.5,False,
Is-this-a-good-customer,0,REALTABPFN-V2.5 (tuned),0.2929243317259035,2710.887754678726,1.7264418601989746,roc_auc,binary,0.23678781925343806,hpo,RealTabPFN-v2.5,tabarena-2025-11-12,tuned,REALTABPFN-V2.5,False,
Is-this-a-good-customer,0,REALTABPFN-V2.5 (tuned + ensemble),0.2855569446925046,2710.887754678726,11.065686225891113,roc_auc,binary,0.23319480126945746,hpo,RealTabPFN-v2.5,tabarena-2025-11-12,tuned_ensemble,REALTABPFN-V2.5,False,
Is-this-a-good-customer,0,SAP-RPT-OSS (default),0.25602786211823547,20.60486078262329,0.31912899017333984,roc_auc,binary,0.2552554027504912,config,SAP-RPT-OSS,tabarena-2025-11-25,default,SAP-RPT-OSS,False,
Is-this-a-good-customer,0,TABICLV2 (default),0.258022265880812,3.875795364379883,0.12612676620483398,roc_auc,binary,0.26203717696841466,config,TabICLv2,tabarena-2026-07-13,default,TABICLV2,False,
Is-this-a-good-customer,0,TABSTAR (default),0.33023754241828895,575.7147855758667,3.1272408962249756,roc_auc,binary,0.27469774822427084,config,TabSTAR,tabarena-2026-03-18,default,TABSTAR,False,
Is-this-a-good-customer,0,TABSTAR (tuned),0.3050544740132166,123847.36628818512,2.251896858215332,roc_auc,binary,0.2611266434940305,hpo,TabSTAR,tabarena-2026-03-18,tuned,TABSTAR,False,
Is-this-a-good-customer,0,TABSTAR (tuned + ensemble),0.3087158421146633,123847.36628818512,19.779414415359497,roc_auc,binary,0.2573447181502191,hpo,TabSTAR,tabarena-2026-03-18,tuned_ensemble,TABSTAR,False,
Is-this-a-good-customer,0,PB (default),0.2639905935583735,37.265106439590454,0.03817582130432129,roc_auc,binary,0.2863986700921868,config,PerpetualBooster,tabarena-2026-03-18,default,PB,False,
Is-this-a-good-customer,0,PB (tuned),0.26623801869381436,225.34389781951904,0.08275628089904785,roc_auc,binary,0.2815626416805199,hpo,PerpetualBooster,tabarena-2026-03-18,tuned,PB,False,
Is-this-a-good-customer,0,PB (tuned + ensemble),0.26266595225337863,225.34389781951904,0.14469122886657715,roc_auc,binary,0.27660571255856126,hpo,PerpetualBooster,tabarena-2026-03-18,tuned_ensemble,PB,False,
Is-this-a-good-customer,0,TABPFN-V2.6 (default),0.2612222420670358,8.281928300857544,0.2492671012878418,roc_auc,binary,0.25532718754722694,config,TabPFN-v2.6,tabarena-2026-03-18,default,TABPFN-V2.6,False,
Is-this-a-good-customer,0,TA-LIMIX (default),0.27094123950705473,46.27711296081543,3.5520806312561035,roc_auc,binary,0.2556445519117424,config,LimiX,tabarena-2026-05-13,default,TA-LIMIX,False,
Is-this-a-good-customer,0,TA-ORION-MSP (default),0.2976722033696493,19.727707624435425,1.3221969604492188,roc_auc,binary,0.26698654979598,config,OrionMSP,tabarena-2026-05-13,default,TA-ORION-MSP,False,
Is-this-a-good-customer,0,TA-TABPFN-3 (default),0.25846877418586645,8.318429708480835,0.2072298526763916,roc_auc,binary,0.25375547831343503,config,TabPFN-3,tabarena-2026-07-13,default,TA-TABPFN-3,False,
Is-this-a-good-customer,0,TA-ILTM (default),0.2697803179139132,610.5480034351349,127.72825646400452,roc_auc,binary,0.2211273991234699,config,iLTM,tabarena-2026-05-13,default,TA-ILTM,False,
Is-this-a-good-customer,0,TA-ILTM (tuned),0.27993094004881824,33060.04039478302,397.35585045814514,roc_auc,binary,0.19492972646214302,hpo,iLTM,tabarena-2026-05-13,tuned,TA-ILTM,False,
Is-this-a-good-customer,0,TA-ILTM (tuned + ensemble),0.2656129070667381,33060.04039478302,2375.370397090912,roc_auc,binary,0.176333685960405,hpo,iLTM,tabarena-2026-05-13,tuned_ensemble,TA-ILTM,False,
Is-this-a-good-customer,0,TA-NORI (default),0.33047568018098483,0.5395643711090088,0.055043697357177734,roc_auc,binary,0.2551685053649688,config,Nori,tabarena-2026-07-13,default,TA-NORI,True,
Is-this-a-good-customer,0,TA-NORI-30M (default),0.33047568018098483,0.5395643711090088,0.055043697357177734,roc_auc,binary,0.2551685053649688,config,Nori-30M,tabarena-2026-07-13,default,TA-NORI-30M,True,
Is-this-a-good-customer,0,TABFM (default),0.2598827171518723,39.04552459716797,2.3070075511932373,roc_auc,binary,0.24174474837539672,config,TabFM,tabarena-2026-07-13,default,TABFM,False,
Is-this-a-good-customer,0,TA-TABSWIFT (default),0.26957194737155454,2.478360176086426,0.029385805130004883,roc_auc,binary,0.25473024029016167,config,TabSwift,tabarena-2026-07-13,default,TA-TABSWIFT,False,
Is-this-a-good-customer,0,TA-EXAONE-TABULAR (default),0.24900279811871173,12.450004816055298,0.17540454864501953,roc_auc,binary,0.2510503249206588,config,EXAONE-Tabular,tabarena-2026-08-06,default,TA-EXAONE-TABULAR,False,
Is-this-a-good-customer,0,[Leakage] TabSTAR_base (default),0.2910638804548431,180.64779019355774,1.875558614730835,roc_auc,binary,0.2759634275351368,config,[Leakage] TabSTAR_base,[Leakage] TabSTAR_base,default,[Leakage] TabSTAR_base,False,
Is-this-a-good-customer,0,[Leakage] TabSTAR_correct (default),0.2822825504554385,149.02149868011475,1.8253734111785889,roc_auc,binary,0.27394589693214444,config,[Leakage] TabSTAR_correct,[Leakage] TabSTAR_correct,default,[Leakage] TabSTAR_correct,False,
Is-this-a-good-customer,0,[Leakage] TabSTAR_wrong (default),0.33047568018098483,0.5395643711090088,0.055043697357177734,roc_auc,binary,0.2551685053649688,config,[Leakage] TabSTAR_wrong,[Leakage] TabSTAR_wrong,default,[Leakage] TabSTAR_wrong,True,
MIC,0,"AutoGluon 1.4 (best, 4h)",0.4645441474510882,14408.989579916,7.371772527694702,log_loss,multiclass,0.42479315159326214,baseline,AutoGluon_v140_bq_4h8c,tabarena-2025-11-01,,,False,
MIC,0,"AutoGluon 1.5 (extreme, 4h)",0.4610833495192279,279.99890208244324,8.780201196670532,log_loss,multiclass,0.4403783143449411,baseline,AutoGluon_v150_eq_4h8c,tabarena-2025-12-18,,,False,
MIC,0,"AutoGluon 1.6 (extreme, 4h)",0.45909824296122853,18.212244510650635,0.3665182590484619,log_loss,multiclass,0.4301654558237852,baseline,AutoGluon_16_extreme,tabarena-2026-08-05,,,False,
MIC,0,"AutoGluon 1.6 (noncommercial, 4h)",0.45909824296122853,21.98400902748108,0.36484861373901367,log_loss,multiclass,0.4301654558237852,baseline,AutoGluon_16_noncommercial,tabarena-2026-08-05,,,False,
MIC,0,TabFM+,0.4385763204949951,41.29927897453308,9.431790351867676,log_loss,multiclass,,baseline,TabFM+,tabarena-2026-07-07,,,False,
MIC,0,CAT (default),0.46345623850907897,1718.2283461093903,0.5371229648590088,log_loss,multiclass,0.459420765443828,config,CatBoost,tabarena-2026-07-13,default,CAT,False,
MIC,0,CAT (tuned),0.46226819907453726,4557.130522012711,0.4974808692932129,log_loss,multiclass,0.4465789930176059,hpo,CatBoost,tabarena-2026-07-13,tuned,CAT,False,
MIC,0,CAT (tuned + ensemble),0.4600600157396661,4557.130522012711,3.278874635696411,log_loss,multiclass,0.44354059155799325,hpo,CatBoost,tabarena-2026-07-13,tuned_ensemble,CAT,False,
MIC,0,CHIMERA (default),0.4948330521583557,12.81135606765747,0.2630949020385742,log_loss,multiclass,0.48229193687438965,config,ChimeraBoost,tabarena-2026-08-10,default,CHIMERA,False,
MIC,0,CHIMERA (tuned),0.4762484854034349,2686.279482603073,0.2592496871948242,log_loss,multiclass,0.4510560018253988,hpo,ChimeraBoost,tabarena-2026-08-10,tuned,CHIMERA,False,
MIC,0,CHIMERA (tuned + ensemble),0.4751225627487501,2686.279482603073,2.860349655151367,log_loss,multiclass,0.4432713836558737,hpo,ChimeraBoost,tabarena-2026-08-10,tuned_ensemble,CHIMERA,False,
MIC,0,EBM (default),0.4846543249202511,15.222010374069214,0.07593846321105957,log_loss,multiclass,0.446039088763696,config,ExplainableBM,tabarena-2026-07-13,default,EBM,False,
MIC,0,EBM (tuned),0.4618449443575091,294255.30088591576,0.07155752182006836,log_loss,multiclass,0.4371260073603392,hpo,ExplainableBM,tabarena-2026-07-13,tuned,EBM,False,
MIC,0,EBM (tuned + ensemble),0.4541131431528432,294255.30088591576,0.8467202186584473,log_loss,multiclass,0.42454002439396527,hpo,ExplainableBM,tabarena-2026-07-13,tuned_ensemble,EBM,False,
MIC,0,XT (default),0.49299384303808275,6.745984315872192,0.5088233947753906,log_loss,multiclass,0.49385443912957167,config,ExtraTrees,tabarena-2026-07-13,default,XT,False,
MIC,0,XT (tuned),0.4959360898110524,1180.677297115326,0.21322107315063477,log_loss,multiclass,0.4738379329939839,hpo,ExtraTrees,tabarena-2026-07-13,tuned,XT,False,
MIC,0,XT (tuned + ensemble),0.4806341747696353,1180.677297115326,1.9400901794433594,log_loss,multiclass,0.45172432346122954,hpo,ExtraTrees,tabarena-2026-07-13,tuned_ensemble,XT,False,
MIC,0,KNN (default),1.5211068660396987,1.038262128829956,0.10536336898803711,log_loss,multiclass,1.528048934440616,config,KNeighbors,tabarena-2025-10-20,default,KNN,False,
MIC,0,KNN (tuned),0.7226147055625916,346.3081147670746,0.13873791694641113,log_loss,multiclass,0.6497746706008911,hpo,KNeighbors,tabarena-2025-10-20,tuned,KNN,False,
MIC,0,KNN (tuned + ensemble),0.6061546206474304,346.3081147670746,3.8786423206329346,log_loss,multiclass,0.562587559223175,hpo,KNeighbors,tabarena-2025-10-20,tuned_ensemble,KNN,False,
MIC,0,GBM (default),0.5221404538776852,5.765666484832764,0.20487141609191895,log_loss,multiclass,0.5042855956925348,config,LightGBM,tabarena-2025-06-12,default,GBM,False,
MIC,0,GBM (tuned),0.47241345990143097,1320.1563053131104,0.4523603916168213,log_loss,multiclass,0.4417838157436654,hpo,LightGBM,tabarena-2025-06-12,tuned,GBM,False,
MIC,0,GBM (tuned + ensemble),0.4726287019090009,1320.1563053131104,1.8462929725646973,log_loss,multiclass,0.4366862284040619,hpo,LightGBM,tabarena-2025-06-12,tuned_ensemble,GBM,False,
MIC,0,LR (default),0.6310998389549547,5.204348087310791,0.34049439430236816,log_loss,multiclass,0.6478881699924067,config,LinearModel,tabarena-2025-10-20,default,LR,False,
MIC,0,LR (tuned),0.48478934168815613,1034.5439159870148,0.30734992027282715,log_loss,multiclass,0.484922856092453,hpo,LinearModel,tabarena-2025-10-20,tuned,LR,False,
MIC,0,LR (tuned + ensemble),0.49117279052734375,1034.5439159870148,0.9945006370544434,log_loss,multiclass,0.48244214057922363,hpo,LinearModel,tabarena-2025-10-20,tuned_ensemble,LR,False,
MIC,0,FASTAI (default),0.5232364268991069,9.950336933135986,0.6366422176361084,log_loss,multiclass,0.5290695079020807,config,NeuralNetFastAI,tabarena-2025-06-12,default,FASTAI,False,
MIC,0,FASTAI (tuned),0.49348651338696925,4047.2812554836273,1.5585343837738037,log_loss,multiclass,0.44345882789173807,hpo,NeuralNetFastAI,tabarena-2025-06-12,tuned,FASTAI,False,
MIC,0,FASTAI (tuned + ensemble),0.47454859883239714,4047.2812554836273,21.308507204055786,log_loss,multiclass,0.4089083561004956,hpo,NeuralNetFastAI,tabarena-2025-06-12,tuned_ensemble,FASTAI,False,
MIC,0,NN_TORCH (default),0.5072435729457945,15.70500373840332,0.4533348083496094,log_loss,multiclass,0.4653110304572912,config,NeuralNetTorch,tabarena-2025-06-12,default,NN_TORCH,False,
MIC,0,NN_TORCH (tuned),0.4943461240909002,3117.4305362701416,0.32223081588745117,log_loss,multiclass,0.44475635923902906,hpo,NeuralNetTorch,tabarena-2025-06-12,tuned,NN_TORCH,False,
MIC,0,NN_TORCH (tuned + ensemble),0.47918471403985735,3117.4305362701416,6.7088398933410645,log_loss,multiclass,0.41337910322995913,hpo,NeuralNetTorch,tabarena-2025-06-12,tuned_ensemble,NN_TORCH,False,
MIC,0,RF (default),0.4799847365391685,1.217541217803955,0.08002281188964844,log_loss,multiclass,0.5831561995106885,config,RandomForest,tabarena-2025-06-12,default,RF,False,
MIC,0,RF (tuned),0.49073254645799275,828.2354924678802,0.26547884941101074,log_loss,multiclass,0.5104842943617909,hpo,RandomForest,tabarena-2025-06-12,tuned,RF,False,
MIC,0,RF (tuned + ensemble),0.4852609175304887,828.2354924678802,3.8697142601013184,log_loss,multiclass,0.46099230155561755,hpo,RandomForest,tabarena-2025-06-12,tuned_ensemble,RF,False,
MIC,0,XGB (default),0.5001555203489317,6.121812582015991,0.6236393451690674,log_loss,multiclass,0.4650354681384292,config,XGBoost,tabarena-2025-06-12,default,XGB,False,
MIC,0,XGB (tuned),0.46375151665478787,3635.508544921875,1.3873062133789062,log_loss,multiclass,0.42857983789082066,hpo,XGBoost,tabarena-2025-06-12,tuned,XGB,False,
MIC,0,XGB (tuned + ensemble),0.4636714312343355,3635.508544921875,10.456301212310791,log_loss,multiclass,0.4276283060467123,hpo,XGBoost,tabarena-2025-06-12,tuned_ensemble,XGB,False,
MIC,0,MITRA_GPU (default),0.46282654730914324,695.5678653717041,4.605123996734619,log_loss,multiclass,0.4308042842890727,config,Mitra_GPU,tabarena-2025-09-03,default,MITRA_GPU,False,
MIC,0,MNCA_GPU (default),0.47420914997650426,15.070045471191406,0.5751590728759766,log_loss,multiclass,0.4669990637104053,config,ModernNCA_GPU,tabarena-2025-06-12,default,MNCA_GPU,False,
MIC,0,MNCA_GPU (tuned),0.45659977604500124,7223.024368524551,0.6783361434936523,log_loss,multiclass,0.4484785775014039,hpo,ModernNCA_GPU,tabarena-2025-06-12,tuned,MNCA_GPU,False,
MIC,0,MNCA_GPU (tuned + ensemble),0.46944152210874873,7223.024368524551,14.729599952697754,log_loss,multiclass,0.4007921923502969,hpo,ModernNCA_GPU,tabarena-2025-06-12,tuned_ensemble,MNCA_GPU,False,
MIC,0,REALMLP_GPU (default),0.507548225723985,19.958231687545776,3.572373628616333,log_loss,multiclass,0.5677586398042186,config,RealMLP_GPU,tabarena-2025-09-03,default,REALMLP_GPU,False,
MIC,0,REALMLP_GPU (tuned),0.4505569338798523,4548.38484954834,1.218759298324585,log_loss,multiclass,0.42069733142852783,hpo,RealMLP_GPU,tabarena-2025-09-03,tuned,REALMLP_GPU,False,
MIC,0,REALMLP_GPU (tuned + ensemble),0.4443915784358978,4548.38484954834,35.210426807403564,log_loss,multiclass,0.4021306037902832,hpo,RealMLP_GPU,tabarena-2025-09-03,tuned_ensemble,REALMLP_GPU,False,
MIC,0,TABDPT_GPU (default),0.49164004979352904,32.00255107879639,15.692079544067383,log_loss,multiclass,0.4785510532989523,config,TabDPT_GPU,tabarena-2025-10-20,default,TABDPT_GPU,False,
MIC,0,TABDPT_GPU (tuned),0.4860570051064872,9790.766421318054,15.394224405288696,log_loss,multiclass,0.4513613097940891,hpo,TabDPT_GPU,tabarena-2025-10-20,tuned,TABDPT_GPU,False,
MIC,0,TABDPT_GPU (tuned + ensemble),0.46332543628383394,9790.766421318054,226.15622663497925,log_loss,multiclass,0.44506086616744395,hpo,TabDPT_GPU,tabarena-2025-10-20,tuned_ensemble,TABDPT_GPU,False,
MIC,0,TABDPT_TURBO (default),0.478580220487936,6.399443864822388,0.15262365341186523,log_loss,multiclass,0.4399608538930319,config,TabDPT-Turbo,tabarena-2026-07-13,default,TABDPT_TURBO,False,
MIC,0,TABICL_GPU (default),0.4874257684289256,18.728046655654907,2.1344709396362305,log_loss,multiclass,0.4591827905207737,config,TabICL_GPU,tabarena-2025-06-12,default,TABICL_GPU,False,
MIC,0,TA-TABM (default),0.4449775953314718,19.638857126235962,0.5988075733184814,log_loss,multiclass,0.42865001456291774,config,TabM,tabarena-2026-06-26,default,TA-TABM,False,
MIC,0,TA-TABM (tuned),0.44494890347113714,4263.883162021637,0.5517292022705078,log_loss,multiclass,0.4209352244225945,hpo,TabM,tabarena-2026-06-26,tuned,TA-TABM,False,
MIC,0,TA-TABM (tuned + ensemble),0.44958435859950735,4263.883162021637,4.541924715042114,log_loss,multiclass,0.4138003049249954,hpo,TabM,tabarena-2026-06-26,tuned_ensemble,TA-TABM,False,
MIC,0,TABPFNV2_GPU (default),0.47743398301398166,10.86194396018982,0.42144036293029785,log_loss,multiclass,0.4454791078421934,config,TabPFNv2_GPU,tabarena-2025-06-12,default,TABPFNV2_GPU,False,
MIC,0,TABPFNV2_GPU (tuned),0.47608221136450346,4705.045505285263,1.1965410709381104,log_loss,multiclass,0.42785699451983816,hpo,TabPFNv2_GPU,tabarena-2025-06-12,tuned,TABPFNV2_GPU,False,
MIC,0,TABPFNV2_GPU (tuned + ensemble),0.4580942314193819,4705.045505285263,34.75755524635315,log_loss,multiclass,0.41628956706671,hpo,TabPFNv2_GPU,tabarena-2025-06-12,tuned_ensemble,TABPFNV2_GPU,False,
MIC,0,XRFM_GPU (default),0.4968122756214214,9.71695613861084,0.8175561428070068,log_loss,multiclass,0.5085695384127603,config,xRFM_GPU,tabarena-2025-09-03,default,XRFM_GPU,False,
MIC,0,XRFM_GPU (tuned),0.48501694202423096,2231.5632333755493,0.27794408798217773,log_loss,multiclass,0.4625627100467682,hpo,xRFM_GPU,tabarena-2025-09-03,tuned,XRFM_GPU,False,
MIC,0,XRFM_GPU (tuned + ensemble),0.4671066701412201,2231.5632333755493,9.351792573928833,log_loss,multiclass,0.44660133123397827,hpo,xRFM_GPU,tabarena-2025-09-03,tuned_ensemble,XRFM_GPU,False,
MIC,0,BETA_GPU (default),0.4551240622008567,369.6140055656433,2.423541784286499,log_loss,multiclass,0.43022871707288785,config,BetaTabPFN_GPU,tabarena-2025-09-03,default,BETA_GPU,False,
MIC,0,TABFLEX_GPU (default),0.5283513526935303,6.210998296737671,0.5150129795074463,log_loss,multiclass,0.49470934225186214,config,TabFlex_GPU,tabarena-2025-09-03,default,TABFLEX_GPU,False,
MIC,0,REALTABPFN-V2.5 (default),0.4600927243129557,15.521985292434692,0.930372953414917,log_loss,multiclass,0.428546773096884,config,RealTabPFN-v2.5,tabarena-2025-11-12,default,REALTABPFN-V2.5,False,
MIC,0,REALTABPFN-V2.5 (tuned),0.4450883532443826,6893.697451353073,1.071547508239746,log_loss,multiclass,0.4219332709181756,hpo,RealTabPFN-v2.5,tabarena-2025-11-12,tuned,REALTABPFN-V2.5,False,
MIC,0,REALTABPFN-V2.5 (tuned + ensemble),0.4496716148492175,6893.697451353073,8.48464822769165,log_loss,multiclass,0.4195970730419029,hpo,RealTabPFN-v2.5,tabarena-2025-11-12,tuned_ensemble,REALTABPFN-V2.5,False,
MIC,0,SAP-RPT-OSS (default),0.45685210281363753,25.215108633041382,1.1942625045776367,log_loss,multiclass,0.4361278968583413,config,SAP-RPT-OSS,tabarena-2025-11-25,default,SAP-RPT-OSS,False,
MIC,0,TABICLV2 (default),0.46935459247465133,6.143694162368774,0.21813583374023438,log_loss,multiclass,0.4304452172312153,config,TabICLv2,tabarena-2026-07-13,default,TABICLV2,False,
MIC,0,TABSTAR (default),0.5952687228090224,1483.669098854065,11.396860837936401,log_loss,multiclass,0.6469512633143797,config,TabSTAR,tabarena-2026-03-18,default,TABSTAR,False,
MIC,0,TABSTAR (tuned),0.5525806827691412,42668.14347553253,6.54033088684082,log_loss,multiclass,0.501619291350596,hpo,TabSTAR,tabarena-2026-03-18,tuned,TABSTAR,False,
MIC,0,TABSTAR (tuned + ensemble),0.5397590809575258,42668.14347553253,80.50812888145447,log_loss,multiclass,0.4910067050441482,hpo,TabSTAR,tabarena-2026-03-18,tuned_ensemble,TABSTAR,False,
MIC,0,PB (default),5.00759470908917,11525.027823209763,1.4906442165374756,log_loss,multiclass,3.95493253133395,config,PerpetualBooster,tabarena-2026-03-18,default,PB,False,
MIC,0,PB (tuned),1.3236155920451314,56863.87345743179,13.162083864212036,log_loss,multiclass,0.6294193897009794,hpo,PerpetualBooster,tabarena-2026-03-18,tuned,PB,False,
MIC,0,PB (tuned + ensemble),1.2916906571582354,56863.87345743179,18.743775129318237,log_loss,multiclass,0.6110049094105494,hpo,PerpetualBooster,tabarena-2026-03-18,tuned_ensemble,PB,False,
MIC,0,TABPFN-V2.6 (default),0.4555255844829434,16.151475191116333,0.7719571590423584,log_loss,multiclass,0.4279654649805324,config,TabPFN-v2.6,tabarena-2026-03-18,default,TABPFN-V2.6,False,
MIC,0,TA-LIMIX (default),0.47748128877192514,52.22959613800049,5.203108072280884,log_loss,multiclass,0.4400415575480013,config,LimiX,tabarena-2026-05-13,default,TA-LIMIX,False,
MIC,0,TA-ORION-MSP (default),0.5500306102774748,32.50779867172241,2.7886714935302734,log_loss,multiclass,0.5022575134979831,config,OrionMSP,tabarena-2026-05-13,default,TA-ORION-MSP,False,
MIC,0,TA-TABPFN-3 (default),0.46522012423623127,9.530121326446533,0.2911403179168701,log_loss,multiclass,0.44209136977351426,config,TabPFN-3,tabarena-2026-07-13,default,TA-TABPFN-3,False,
MIC,0,TA-ILTM (default),0.5211188288044192,633.9368500709534,150.82536363601685,log_loss,multiclass,0.47948644458009143,config,iLTM,tabarena-2026-05-13,default,TA-ILTM,False,
MIC,0,TA-ILTM (tuned),0.4635701550626163,38527.875321388245,73.94637870788574,log_loss,multiclass,0.44708485821142296,hpo,iLTM,tabarena-2026-05-13,tuned,TA-ILTM,False,
MIC,0,TA-ILTM (tuned + ensemble),0.4715648772965758,38527.875321388245,1816.2929589748383,log_loss,multiclass,0.42740012172481623,hpo,iLTM,tabarena-2026-05-13,tuned_ensemble,TA-ILTM,False,
MIC,0,TA-NORI (default),0.4799847365391685,1.217541217803955,0.08002281188964844,log_loss,multiclass,0.5831561995106885,config,Nori,tabarena-2026-07-13,default,TA-NORI,True,
MIC,0,TA-NORI-30M (default),0.4799847365391685,1.217541217803955,0.08002281188964844,log_loss,multiclass,0.5831561995106885,config,Nori-30M,tabarena-2026-07-13,default,TA-NORI-30M,True,
MIC,0,TABFM (default),0.4441563766462818,71.89007210731506,8.064610719680786,log_loss,multiclass,0.4293966802404032,config,TabFM,tabarena-2026-07-13,default,TABFM,False,
MIC,0,TA-TABSWIFT (default),0.5047582431927116,5.9464006423950195,0.060808420181274414,log_loss,multiclass,0.49359747705748147,config,TabSwift,tabarena-2026-07-13,default,TA-TABSWIFT,False,
MIC,0,TA-EXAONE-TABULAR (default),0.4525070329126651,18.402649641036987,1.0764505863189697,log_loss,multiclass,0.4168792212096491,config,EXAONE-Tabular,tabarena-2026-08-06,default,TA-EXAONE-TABULAR,False,
MIC,0,[Leakage] TabSTAR_base (default),0.524084746837616,457.43434143066406,6.302621126174927,log_loss,multiclass,0.5214090943336487,config,[Leakage] TabSTAR_base,[Leakage] TabSTAR_base,default,[Leakage] TabSTAR_base,False,
MIC,0,[Leakage] TabSTAR_correct (default),0.5023511052131653,447.600656747818,6.264478445053101,log_loss,multiclass,0.5154953598976135,config,[Leakage] TabSTAR_correct,[Leakage] TabSTAR_correct,default,[Leakage] TabSTAR_correct,False,
MIC,0,[Leakage] TabSTAR_wrong (default),0.4799847365391685,1.217541217803955,0.08002281188964844,log_loss,multiclass,0.5831561995106885,config,[Leakage] TabSTAR_wrong,[Leakage] TabSTAR_wrong,default,[Leakage] TabSTAR_wrong,True,
Marketing_Campaign,0,"AutoGluon 1.4 (best, 4h)",0.06027961924188352,3445.0679728984833,0.4542696475982666,roc_auc,binary,0.07978531831503122,baseline,AutoGluon_v140_bq_4h8c,tabarena-2025-11-01,,,False,
Marketing_Campaign,0,"AutoGluon 1.5 (extreme, 4h)",0.06104453510113883,908.6609199047089,7.253261089324951,roc_auc,binary,0.08394124501253486,baseline,AutoGluon_v150_eq_4h8c,tabarena-2025-12-18,,,False,
Marketing_Campaign,0,"AutoGluon 1.6 (extreme, 4h)",0.05707830471981423,19.67907404899597,0.1147000789642334,roc_auc,binary,0.0907030118992973,baseline,AutoGluon_16_extreme,tabarena-2026-08-05,,,False,
Marketing_Campaign,0,"AutoGluon 1.6 (noncommercial, 4h)",0.056129242449997174,37.159018754959106,0.4758646488189697,roc_auc,binary,0.09067829525793591,baseline,AutoGluon_16_noncommercial,tabarena-2026-08-05,,,False,
Marketing_Campaign,0,TabFM+,0.05476939203354303,120.54946994781494,4.8727006912231445,roc_auc,binary,,baseline,TabFM+,tabarena-2026-07-07,,,False,
Marketing_Campaign,0,CAT (default),0.06646977165845103,7.900762319564819,0.0397343635559082,roc_auc,binary,0.10849899367960181,config,CatBoost,tabarena-2026-07-13,default,CAT,False,
Marketing_Campaign,0,CAT (tuned),0.07273074961754211,2317.396686553955,0.03565502166748047,roc_auc,binary,0.10610854136506476,hpo,CatBoost,tabarena-2026-07-13,tuned,CAT,False,
Marketing_Campaign,0,CAT (tuned + ensemble),0.07138506430959257,2317.396686553955,0.4072761535644531,roc_auc,binary,0.09711874580699831,hpo,CatBoost,tabarena-2026-07-13,tuned_ensemble,CAT,False,
Marketing_Campaign,0,CHIMERA (default),0.06496827015694939,9.063479661941528,0.04948163032531738,roc_auc,binary,0.10044843049327357,config,ChimeraBoost,tabarena-2026-08-10,default,CHIMERA,False,
Marketing_Campaign,0,CHIMERA (tuned),0.06757465012181996,1925.984018087387,0.04457402229309082,roc_auc,binary,0.10018007838706255,hpo,ChimeraBoost,tabarena-2026-08-10,tuned,CHIMERA,False,
Marketing_Campaign,0,CHIMERA (tuned + ensemble),0.06672474361153602,1925.984018087387,0.4777650833129883,roc_auc,binary,0.08945658698492287,hpo,ChimeraBoost,tabarena-2026-08-10,tuned_ensemble,CHIMERA,False,
Marketing_Campaign,0,EBM (default),0.06197943226245117,14.352864742279053,0.027594804763793945,roc_auc,binary,0.11201228770170546,config,ExplainableBM,tabarena-2026-07-13,default,EBM,False,
Marketing_Campaign,0,EBM (tuned),0.06544988384611028,3265.7657339572906,0.03496599197387695,roc_auc,binary,0.10354154161223117,hpo,ExplainableBM,tabarena-2026-07-13,tuned,EBM,False,
Marketing_Campaign,0,EBM (tuned + ensemble),0.059514703382627876,3265.7657339572906,0.367419958114624,roc_auc,binary,0.09668797005755447,hpo,ExplainableBM,tabarena-2026-07-13,tuned_ensemble,EBM,False,
Marketing_Campaign,0,XT (default),0.09025298883789445,6.542364120483398,0.4928314685821533,roc_auc,binary,0.14005508280074852,config,ExtraTrees,tabarena-2026-07-13,default,XT,False,
Marketing_Campaign,0,XT (tuned),0.0893818346648535,1568.759046792984,0.1425156593322754,roc_auc,binary,0.12795452137989483,hpo,ExtraTrees,tabarena-2026-07-13,tuned,XT,False,
Marketing_Campaign,0,XT (tuned + ensemble),0.08882939543316903,1568.759046792984,0.8935208320617676,roc_auc,binary,0.12130927580240813,hpo,ExtraTrees,tabarena-2026-07-13,tuned_ensemble,XT,False,
Marketing_Campaign,0,KNN (default),0.14765709105331737,0.4243745803833008,0.01728987693786621,roc_auc,binary,0.17739133505172833,config,KNeighbors,tabarena-2025-10-20,default,KNN,False,
Marketing_Campaign,0,KNN (tuned),0.11267635560088385,122.26892638206482,0.04497218132019043,roc_auc,binary,0.14758130009533565,hpo,KNeighbors,tabarena-2025-10-20,tuned,KNN,False,
Marketing_Campaign,0,KNN (tuned + ensemble),0.08941724743611534,122.26892638206482,0.7369182109832764,roc_auc,binary,0.1281593164083189,hpo,KNeighbors,tabarena-2025-10-20,tuned_ensemble,KNN,False,
Marketing_Campaign,0,GBM (default),0.07630035696073434,4.1244285106658936,0.03479576110839844,roc_auc,binary,0.12101620705483573,config,LightGBM,tabarena-2025-06-12,default,GBM,False,
Marketing_Campaign,0,GBM (tuned),0.06407586832115131,1165.491863489151,0.20293760299682617,roc_auc,binary,0.09209420571307514,hpo,LightGBM,tabarena-2025-06-12,tuned,GBM,False,
Marketing_Campaign,0,GBM (tuned + ensemble),0.06287183409824915,1165.491863489151,0.7151587009429932,roc_auc,binary,0.09013806009674796,hpo,LightGBM,tabarena-2025-06-12,tuned_ensemble,GBM,False,
Marketing_Campaign,0,LR (default),0.07648450337129575,4.04529595375061,0.09447860717773438,roc_auc,binary,0.10519755658345398,config,LinearModel,tabarena-2025-10-20,default,LR,False,
Marketing_Campaign,0,LR (tuned),0.07605955011615384,812.1603944301605,0.13005471229553223,roc_auc,binary,0.10446311924013985,hpo,LinearModel,tabarena-2025-10-20,tuned,LR,False,
Marketing_Campaign,0,LR (tuned + ensemble),0.07603121989914441,812.1603944301605,0.7343297004699707,roc_auc,binary,0.10437837646975745,hpo,LinearModel,tabarena-2025-10-20,tuned_ensemble,LR,False,
Marketing_Campaign,0,FASTAI (default),0.10002691370615902,7.765926122665405,0.6640748977661133,roc_auc,binary,0.16115779810034947,config,NeuralNetFastAI,tabarena-2025-06-12,default,FASTAI,False,
Marketing_Campaign,0,FASTAI (tuned),0.07448722307212874,2087.8586230278015,1.1845052242279053,roc_auc,binary,0.09669503195508633,hpo,NeuralNetFastAI,tabarena-2025-06-12,tuned,FASTAI,False,
Marketing_Campaign,0,FASTAI (tuned + ensemble),0.07253243809847587,2087.8586230278015,6.213754653930664,roc_auc,binary,0.0784082482963172,hpo,NeuralNetFastAI,tabarena-2025-06-12,tuned_ensemble,FASTAI,False,
Marketing_Campaign,0,NN_TORCH (default),0.08411949685534581,13.498094320297241,0.10935211181640625,roc_auc,binary,0.14154161223120654,config,NeuralNetTorch,tabarena-2025-06-12,default,NN_TORCH,False,
Marketing_Campaign,0,NN_TORCH (tuned),0.06493993993993996,3782.9675216674805,0.10810112953186035,roc_auc,binary,0.08970022244977227,hpo,NeuralNetTorch,tabarena-2025-06-12,tuned,NN_TORCH,False,
Marketing_Campaign,0,NN_TORCH (tuned + ensemble),0.06556320471414812,3782.9675216674805,2.8598339557647705,roc_auc,binary,0.07283994209244027,hpo,NeuralNetTorch,tabarena-2025-06-12,tuned_ensemble,NN_TORCH,False,
Marketing_Campaign,0,RF (default),0.0958127939260014,0.5892267227172852,0.057798147201538086,roc_auc,binary,0.14228134599766962,config,RandomForest,tabarena-2025-06-12,default,RF,False,
Marketing_Campaign,0,RF (tuned),0.09753385460932629,738.7513377666473,0.12555336952209473,roc_auc,binary,0.14214010804703225,hpo,RandomForest,tabarena-2025-06-12,tuned,RF,False,
Marketing_Campaign,0,RF (tuned + ensemble),0.09615983908436743,738.7513377666473,1.9740979671478271,roc_auc,binary,0.13469863352282763,hpo,RandomForest,tabarena-2025-06-12,tuned_ensemble,RF,False,
Marketing_Campaign,0,XGB (default),0.07523797382287944,3.7127108573913574,0.0874185562133789,roc_auc,binary,0.1230323788001837,config,XGBoost,tabarena-2025-06-12,default,XGB,False,
Marketing_Campaign,0,XGB (tuned),0.06967108618052009,1190.4744853973389,0.24137091636657715,roc_auc,binary,0.10191730517990183,hpo,XGBoost,tabarena-2025-06-12,tuned,XGB,False,
Marketing_Campaign,0,XGB (tuned + ensemble),0.06870785880219843,1190.4744853973389,1.7285215854644775,roc_auc,binary,0.1003919353130186,hpo,XGBoost,tabarena-2025-06-12,tuned_ensemble,XGB,False,
Marketing_Campaign,0,MITRA_GPU (default),0.06251770638563081,245.98212122917175,2.109997272491455,roc_auc,binary,0.08481868578086926,config,Mitra_GPU,tabarena-2025-09-03,default,MITRA_GPU,False,
Marketing_Campaign,0,MNCA_GPU (default),0.06913281205734034,26.625892162322998,0.2764425277709961,roc_auc,binary,0.11332226969386672,config,ModernNCA_GPU,tabarena-2025-06-12,default,MNCA_GPU,False,
Marketing_Campaign,0,MNCA_GPU (tuned),0.06108703042665309,11604.417745113373,0.4284672737121582,roc_auc,binary,0.0930157833409837,hpo,ModernNCA_GPU,tabarena-2025-06-12,tuned,MNCA_GPU,False,
Marketing_Campaign,0,MNCA_GPU (tuned + ensemble),0.06708595387840666,11604.417745113373,9.789404153823853,roc_auc,binary,0.060460435719077665,hpo,ModernNCA_GPU,tabarena-2025-06-12,tuned_ensemble,MNCA_GPU,False,
Marketing_Campaign,0,REALMLP_GPU (default),0.0688495098872457,25.282249212265015,3.045316457748413,roc_auc,binary,0.11622117863069814,config,RealMLP_GPU,tabarena-2025-09-03,default,REALMLP_GPU,False,
Marketing_Campaign,0,REALMLP_GPU (tuned),0.07605955011615384,5326.1575400829315,0.960881233215332,roc_auc,binary,0.08814307404399557,hpo,RealMLP_GPU,tabarena-2025-09-03,tuned,REALMLP_GPU,False,
Marketing_Campaign,0,REALMLP_GPU (tuned + ensemble),0.06495410504844468,5326.1575400829315,21.389042139053345,roc_auc,binary,0.07768793474806679,hpo,RealMLP_GPU,tabarena-2025-09-03,tuned_ensemble,REALMLP_GPU,False,
Marketing_Campaign,0,TABDPT_GPU (default),0.06960734319224893,31.534866333007812,15.535645961761475,roc_auc,binary,0.1105575368101408,config,TabDPT_GPU,tabarena-2025-10-20,default,TABDPT_GPU,False,
Marketing_Campaign,0,TABDPT_GPU (tuned),0.06795002549719531,9885.610991477966,16.229480981826782,roc_auc,binary,0.09998057978178732,hpo,TabDPT_GPU,tabarena-2025-10-20,tuned,TABDPT_GPU,False,
Marketing_Campaign,0,TABDPT_GPU (tuned + ensemble),0.0672771828432206,9885.610991477966,119.3516902923584,roc_auc,binary,0.09787436884290812,hpo,TabDPT_GPU,tabarena-2025-10-20,tuned_ensemble,TABDPT_GPU,False,
Marketing_Campaign,0,TABDPT_TURBO (default),0.07277324494305626,10.765195369720459,0.1424555778503418,roc_auc,binary,0.10666290032131642,config,TabDPT-Turbo,tabarena-2026-07-13,default,TABDPT_TURBO,False,
Marketing_Campaign,0,TABICL_GPU (default),0.06957193042098708,15.456121683120728,1.4308764934539795,roc_auc,binary,0.10179372197309422,config,TabICL_GPU,tabarena-2025-06-12,default,TABICL_GPU,False,
Marketing_Campaign,0,TA-TABM (default),0.06452915179330276,18.84745717048645,0.41634368896484375,roc_auc,binary,0.10911337876487415,config,TabM,tabarena-2026-06-26,default,TA-TABM,False,
Marketing_Campaign,0,TA-TABM (tuned),0.06561986514816709,3501.5708498954773,0.41752123832702637,roc_auc,binary,0.08786412909148689,hpo,TabM,tabarena-2026-06-26,tuned,TA-TABM,False,
Marketing_Campaign,0,TA-TABM (tuned + ensemble),0.06656892741798404,3501.5708498954773,2.213881731033325,roc_auc,binary,0.08321386956675259,hpo,TabM,tabarena-2026-06-26,tuned_ensemble,TA-TABM,False,
Marketing_Campaign,0,TABPFNV2_GPU (default),0.05859397132982036,7.601532459259033,0.26091742515563965,roc_auc,binary,0.1005119875710605,config,TabPFNv2_GPU,tabarena-2025-06-12,default,TABPFNV2_GPU,False,
Marketing_Campaign,0,TABPFNV2_GPU (tuned),0.059316391863561635,4395.466120958328,0.15840959548950195,roc_auc,binary,0.09488542071254547,hpo,TabPFNv2_GPU,tabarena-2025-06-12,tuned,TABPFNV2_GPU,False,
Marketing_Campaign,0,TABPFNV2_GPU (tuned + ensemble),0.057333276672899336,4395.466120958328,63.58362627029419,roc_auc,binary,0.08991914127326017,hpo,TabPFNv2_GPU,tabarena-2025-06-12,tuned_ensemble,TABPFNV2_GPU,False,
Marketing_Campaign,0,XRFM_GPU (default),0.08460111054450681,7.923330783843994,0.6000857353210449,roc_auc,binary,0.12148582324070478,config,xRFM_GPU,tabarena-2025-09-03,default,XRFM_GPU,False,
Marketing_Campaign,0,XRFM_GPU (tuned),0.06799960337696187,2205.2717401981354,0.07237482070922852,roc_auc,binary,0.09609300519049468,hpo,xRFM_GPU,tabarena-2025-09-03,tuned,XRFM_GPU,False,
Marketing_Campaign,0,XRFM_GPU (tuned + ensemble),0.06717802708368747,2205.2717401981354,0.8615341186523438,roc_auc,binary,0.08904346597930868,hpo,xRFM_GPU,tabarena-2025-09-03,tuned_ensemble,XRFM_GPU,False,
Marketing_Campaign,0,BETA_GPU (default),0.06128534194571933,414.25481629371643,1.890453815460205,roc_auc,binary,0.09593764344479361,config,BetaTabPFN_GPU,tabarena-2025-09-03,default,BETA_GPU,False,
Marketing_Campaign,0,TABFLEX_GPU (default),0.07423225111904364,4.40744423866272,0.4518740177154541,roc_auc,binary,0.11607640973129474,config,TabFlex_GPU,tabarena-2025-09-03,default,TABFLEX_GPU,False,
Marketing_Campaign,0,REALTABPFN-V2.5 (default),0.057482010312198906,8.26728081703186,0.33629465103149414,roc_auc,binary,0.09660146181278917,config,RealTabPFN-v2.5,tabarena-2025-11-12,default,REALTABPFN-V2.5,False,
Marketing_Campaign,0,REALTABPFN-V2.5 (tuned),0.05818318318318316,2746.1698672771454,0.2895693778991699,roc_auc,binary,0.09211715688005362,hpo,RealTabPFN-v2.5,tabarena-2025-11-12,tuned,REALTABPFN-V2.5,False,
Marketing_Campaign,0,REALTABPFN-V2.5 (tuned + ensemble),0.056228398209530295,2746.1698672771454,5.308961868286133,roc_auc,binary,0.09072066664312706,hpo,RealTabPFN-v2.5,tabarena-2025-11-12,tuned_ensemble,REALTABPFN-V2.5,False,
Marketing_Campaign,0,SAP-RPT-OSS (default),0.10648620318431634,20.843433380126953,0.49123311042785645,roc_auc,binary,0.14308110589315348,config,SAP-RPT-OSS,tabarena-2025-11-25,default,SAP-RPT-OSS,False,
Marketing_Campaign,0,TABICLV2 (default),0.05974134511870366,6.69430136680603,0.09844326972961426,roc_auc,binary,0.08826489177642038,config,TabICLv2,tabarena-2026-07-13,default,TABICLV2,False,
Marketing_Campaign,0,TABSTAR (default),0.10194628590855004,1448.512790441513,7.238575220108032,roc_auc,binary,0.1353536245189081,config,TabSTAR,tabarena-2026-03-18,default,TABSTAR,False,
Marketing_Campaign,0,TABSTAR (tuned),0.08948807297863903,251279.9354789257,3.7344930171966553,roc_auc,binary,0.12040182196956317,hpo,TabSTAR,tabarena-2026-03-18,tuned,TABSTAR,False,
Marketing_Campaign,0,TABSTAR (tuned + ensemble),0.09026715394639928,251279.9354789257,16.02621340751648,roc_auc,binary,0.11974153455033365,hpo,TabSTAR,tabarena-2026-03-18,tuned_ensemble,TABSTAR,False,
Marketing_Campaign,0,PB (default),0.07911921355317575,33.98123621940613,0.03549480438232422,roc_auc,binary,0.14684862822640443,config,PerpetualBooster,tabarena-2026-03-18,default,PB,False,
Marketing_Campaign,0,PB (tuned),0.06668224828602187,251.2861042022705,0.09047770500183105,roc_auc,binary,0.11765827477843294,hpo,PerpetualBooster,tabarena-2026-03-18,tuned,PB,False,
Marketing_Campaign,0,PB (tuned + ensemble),0.06627146013938467,251.2861042022705,1.135118007659912,roc_auc,binary,0.11671904240669473,hpo,PerpetualBooster,tabarena-2026-03-18,tuned_ensemble,PB,False,
Marketing_Campaign,0,TABPFN-V2.6 (default),0.0562354807637826,8.961573839187622,0.28971195220947266,roc_auc,binary,0.09669326648070342,config,TabPFN-v2.6,tabarena-2026-03-18,default,TABPFN-V2.6,False,
Marketing_Campaign,0,TA-LIMIX (default),0.06003881239730302,47.67814350128174,3.8513383865356445,roc_auc,binary,0.0940256346880407,config,LimiX,tabarena-2026-05-13,default,TA-LIMIX,False,
Marketing_Campaign,0,TA-ORION-MSP (default),0.06877868434472212,23.152181148529053,1.9246869087219238,roc_auc,binary,0.10473500229511679,config,OrionMSP,tabarena-2026-05-13,default,TA-ORION-MSP,False,
Marketing_Campaign,0,TA-TABPFN-3 (default),0.061200351294690813,20.035818099975586,0.37566208839416504,roc_auc,binary,0.09779315702129154,config,TabPFN-3,tabarena-2026-07-13,default,TA-TABPFN-3,False,
Marketing_Campaign,0,TA-ILTM (default),0.08223553742421674,857.0229971408844,131.2049880027771,roc_auc,binary,0.08925532290526472,config,iLTM,tabarena-2026-05-13,default,TA-ILTM,False,
Marketing_Campaign,0,TA-ILTM (tuned),0.08273131622188223,40254.73437476158,304.91244769096375,roc_auc,binary,0.08896225415769221,hpo,iLTM,tabarena-2026-05-13,tuned,TA-ILTM,False,
Marketing_Campaign,0,TA-ILTM (tuned + ensemble),0.0719799988667913,40254.73437476158,1186.9134302139282,roc_auc,binary,0.07510328025140356,hpo,iLTM,tabarena-2026-05-13,tuned_ensemble,TA-ILTM,False,
Marketing_Campaign,0,TA-NORI (default),0.0958127939260014,0.5892267227172852,0.057798147201538086,roc_auc,binary,0.14228134599766962,config,Nori,tabarena-2026-07-13,default,TA-NORI,True,
Marketing_Campaign,0,TA-NORI-30M (default),0.0958127939260014,0.5892267227172852,0.057798147201538086,roc_auc,binary,0.14228134599766962,config,Nori-30M,tabarena-2026-07-13,default,TA-NORI-30M,True,
Marketing_Campaign,0,TABFM (default),0.05280752450563775,75.21635174751282,3.929682731628418,roc_auc,binary,0.09000741499240839,config,TabFM,tabarena-2026-07-13,default,TABFM,False,
Marketing_Campaign,0,TA-TABSWIFT (default),0.07008187432715729,5.0883283615112305,0.03928112983703613,roc_auc,binary,0.10528229935383637,config,TabSwift,tabarena-2026-07-13,default,TA-TABSWIFT,False,
Marketing_Campaign,0,TA-EXAONE-TABULAR (default),0.05673125956144831,10.38216757774353,0.3935678005218506,roc_auc,binary,0.09694043289431864,config,EXAONE-Tabular,tabarena-2026-08-06,default,TA-EXAONE-TABULAR,False,
Marketing_Campaign,0,[Leakage] TabSTAR_base (default),0.08605303416624177,345.5180401802063,4.293879270553589,roc_auc,binary,0.1303626284382613,config,[Leakage] TabSTAR_base,[Leakage] TabSTAR_base,default,[Leakage] TabSTAR_base,False,
Marketing_Campaign,0,[Leakage] TabSTAR_correct (default),0.08741288458269592,338.34422969818115,4.288256645202637,roc_auc,binary,0.13668479220366525,config,[Leakage] TabSTAR_correct,[Leakage] TabSTAR_correct,default,[Leakage] TabSTAR_correct,False,
Marketing_Campaign,0,[Leakage] TabSTAR_wrong (default),0.0958127939260014,0.5892267227172852,0.057798147201538086,roc_auc,binary,0.14228134599766962,config,[Leakage] TabSTAR_wrong,[Leakage] TabSTAR_wrong,default,[Leakage] TabSTAR_wrong,True,
NATICUSdroid,0,"AutoGluon 1.4 (best, 4h)",0.013574883926846804,6584.254654407501,5.215369462966919,roc_auc,binary,0.012025717808701764,baseline,AutoGluon_v140_bq_4h8c,tabarena-2025-11-01,,,False,
NATICUSdroid,0,"AutoGluon 1.5 (extreme, 4h)",0.013053911802732632,1066.5832724571228,15.486839294433594,roc_auc,binary,0.012804474194116677,baseline,AutoGluon_v150_eq_4h8c,tabarena-2025-12-18,,,False,
NATICUSdroid,0,"AutoGluon 1.6 (extreme, 4h)",0.011354231435697693,19.182506799697876,1.345438003540039,roc_auc,binary,0.011341201338735285,baseline,AutoGluon_16_extreme,tabarena-2026-08-05,,,False,
NATICUSdroid,0,"AutoGluon 1.6 (noncommercial, 4h)",0.011331672426263761,31.91869592666626,2.2676210403442383,roc_auc,binary,0.01133574070812049,baseline,AutoGluon_16_noncommercial,tabarena-2026-08-05,,,False,
NATICUSdroid,0,TabFM+,0.011892122816887118,111.1464855670929,34.03010606765747,roc_auc,binary,,baseline,TabFM+,tabarena-2026-07-07,,,False,
NATICUSdroid,0,CAT (default),0.014019014425076581,12.367387294769287,0.035329341888427734,roc_auc,binary,0.014154483001585394,config,CatBoost,tabarena-2026-07-13,default,CAT,False,
NATICUSdroid,0,CAT (tuned),0.014089511329557491,4013.786494731903,0.12378311157226562,roc_auc,binary,0.013574246961423286,hpo,CatBoost,tabarena-2026-07-13,tuned,CAT,False,
NATICUSdroid,0,CAT (tuned + ensemble),0.014060607598720298,4013.786494731903,0.7400527000427246,roc_auc,binary,0.013163818918442871,hpo,CatBoost,tabarena-2026-07-13,tuned_ensemble,CAT,False,
NATICUSdroid,0,CHIMERA (default),0.014662651162987483,12.114750146865845,0.15064668655395508,roc_auc,binary,0.014309934824731307,config,ChimeraBoost,tabarena-2026-08-10,default,CHIMERA,False,
NATICUSdroid,0,CHIMERA (tuned),0.013715877735808624,2439.304256916046,0.05142951011657715,roc_auc,binary,0.013811344019728722,hpo,ChimeraBoost,tabarena-2026-08-10,tuned,CHIMERA,False,
NATICUSdroid,0,CHIMERA (tuned + ensemble),0.013729272147659954,2439.304256916046,0.3361666202545166,roc_auc,binary,0.013189360577769982,hpo,ChimeraBoost,tabarena-2026-08-10,tuned_ensemble,CHIMERA,False,
NATICUSdroid,0,EBM (default),0.014393352987870256,9.17993688583374,0.053354740142822266,roc_auc,binary,0.015271270036991469,config,ExplainableBM,tabarena-2026-07-13,default,EBM,False,
NATICUSdroid,0,EBM (tuned),0.015216756832207468,2608.6273860931396,0.09311652183532715,roc_auc,binary,0.014516822265280949,hpo,ExplainableBM,tabarena-2026-07-13,tuned,EBM,False,
NATICUSdroid,0,EBM (tuned + ensemble),0.014929129461925372,2608.6273860931396,0.9287524223327637,roc_auc,binary,0.014051171393341555,hpo,ExplainableBM,tabarena-2026-07-13,tuned_ensemble,EBM,False,
NATICUSdroid,0,XT (default),0.019272091262472646,7.081337928771973,0.6268115043640137,roc_auc,binary,0.023020169103399768,config,ExtraTrees,tabarena-2026-07-13,default,XT,False,
NATICUSdroid,0,XT (tuned),0.015944989855495417,1248.3023264408112,0.12555670738220215,roc_auc,binary,0.018284569314778953,hpo,ExtraTrees,tabarena-2026-07-13,tuned,XT,False,
NATICUSdroid,0,XT (tuned + ensemble),0.016047210366992748,1248.3023264408112,1.6690077781677246,roc_auc,binary,0.017576801127356045,hpo,ExtraTrees,tabarena-2026-07-13,tuned_ensemble,XT,False,
NATICUSdroid,0,KNN (default),0.050237151586673856,1.3668076992034912,0.04844832420349121,roc_auc,binary,0.051448652457283695,config,KNeighbors,tabarena-2025-10-20,default,KNN,False,
NATICUSdroid,0,KNN (tuned),0.018667227822026344,595.2257680892944,2.328319787979126,roc_auc,binary,0.02318284305090712,hpo,KNeighbors,tabarena-2025-10-20,tuned,KNN,False,
NATICUSdroid,0,KNN (tuned + ensemble),0.016187146722387413,595.2257680892944,13.545775175094604,roc_auc,binary,0.019758146908578467,hpo,KNeighbors,tabarena-2025-10-20,tuned_ensemble,KNN,False,
NATICUSdroid,0,GBM (default),0.015610129559211039,5.389859437942505,0.7941305637359619,roc_auc,binary,0.015395719570195476,config,LightGBM,tabarena-2025-06-12,default,GBM,False,
NATICUSdroid,0,GBM (tuned),0.013888947636309323,2007.0608265399933,2.51151442527771,roc_auc,binary,0.013722740884269835,hpo,LightGBM,tabarena-2025-06-12,tuned,GBM,False,
NATICUSdroid,0,GBM (tuned + ensemble),0.013950632427730092,2007.0608265399933,6.194895029067993,roc_auc,binary,0.013607186894486478,hpo,LightGBM,tabarena-2025-06-12,tuned_ensemble,GBM,False,
NATICUSdroid,0,LR (default),0.01867251508986234,4.725224018096924,0.03627634048461914,roc_auc,binary,0.019098115201691024,config,LinearModel,tabarena-2025-10-20,default,LR,False,
NATICUSdroid,0,LR (tuned),0.018917844317456023,947.5346186161041,0.056971073150634766,roc_auc,binary,0.01908190945922139,hpo,LinearModel,tabarena-2025-10-20,tuned,LR,False,
NATICUSdroid,0,LR (tuned + ensemble),0.018889645555663637,947.5346186161041,0.1141347885131836,roc_auc,binary,0.01908041218953671,hpo,LinearModel,tabarena-2025-10-20,tuned_ensemble,LR,False,
NATICUSdroid,0,FASTAI (default),0.014839598393234565,15.557954788208008,0.6179013252258301,roc_auc,binary,0.018491544830015805,config,NeuralNetFastAI,tabarena-2025-06-12,default,FASTAI,False,
NATICUSdroid,0,FASTAI (tuned),0.01563057366151055,2829.946227788925,0.8280134201049805,roc_auc,binary,0.014459749867888005,hpo,NeuralNetFastAI,tabarena-2025-06-12,tuned,FASTAI,False,
NATICUSdroid,0,FASTAI (tuned + ensemble),0.014034523744062444,2829.946227788925,12.8909432888031,roc_auc,binary,0.012465386647877441,hpo,NeuralNetFastAI,tabarena-2025-06-12,tuned_ensemble,FASTAI,False,
NATICUSdroid,0,NN_TORCH (default),0.015421902824247047,25.863407850265503,0.09222102165222168,roc_auc,binary,0.01563995067817503,config,NeuralNetTorch,tabarena-2025-06-12,default,NN_TORCH,False,
NATICUSdroid,0,NN_TORCH (tuned),0.015610129559211039,7353.612522363663,0.0519254207611084,roc_auc,binary,0.014499735775937994,hpo,NeuralNetTorch,tabarena-2025-06-12,tuned,NN_TORCH,False,
NATICUSdroid,0,NN_TORCH (tuned + ensemble),0.01375747090945234,7353.612522363663,2.677239179611206,roc_auc,binary,0.012180200810287145,hpo,NeuralNetTorch,tabarena-2025-06-12,tuned_ensemble,NN_TORCH,False,
NATICUSdroid,0,RF (default),0.020111356910317957,1.763962745666504,0.10120105743408203,roc_auc,binary,0.023089043508895513,config,RandomForest,tabarena-2025-06-12,default,RF,False,
NATICUSdroid,0,RF (tuned),0.01902288470513258,937.618914604187,0.2282581329345703,roc_auc,binary,0.019626299101638156,hpo,RandomForest,tabarena-2025-06-12,tuned,RF,False,
NATICUSdroid,0,RF (tuned + ensemble),0.01770776495204096,937.618914604187,0.7439510822296143,roc_auc,binary,0.018885502906464735,hpo,RandomForest,tabarena-2025-06-12,tuned_ensemble,RF,False,
NATICUSdroid,0,XGB (default),0.015204067389400944,8.839296579360962,0.3042309284210205,roc_auc,binary,0.015494803593447348,config,XGBoost,tabarena-2025-06-12,default,XGB,False,
NATICUSdroid,0,XGB (tuned),0.014537166673011415,3230.0662140846252,0.23152542114257812,roc_auc,binary,0.014101373965122455,hpo,XGBoost,tabarena-2025-06-12,tuned,XGB,False,
NATICUSdroid,0,XGB (tuned + ensemble),0.014404632492587277,3230.0662140846252,1.211644172668457,roc_auc,binary,0.013952968116963227,hpo,XGBoost,tabarena-2025-06-12,tuned_ensemble,XGB,False,
NATICUSdroid,0,MITRA_GPU (default),0.013601320266027228,2467.9202167987823,33.92327380180359,roc_auc,binary,0.014324995596265655,config,Mitra_GPU,tabarena-2025-09-03,default,MITRA_GPU,False,
NATICUSdroid,0,MNCA_GPU (default),0.01629253959458643,42.72038745880127,1.2475354671478271,roc_auc,binary,0.01662665140038755,config,ModernNCA_GPU,tabarena-2025-06-12,default,MNCA_GPU,False,
NATICUSdroid,0,MNCA_GPU (tuned),0.014605901154880252,17488.70217871666,1.3360466957092285,roc_auc,binary,0.015613352122599955,hpo,ModernNCA_GPU,tabarena-2025-06-12,tuned,MNCA_GPU,False,
NATICUSdroid,0,MNCA_GPU (tuned + ensemble),0.014089158845035143,17488.70217871666,24.125268697738647,roc_auc,binary,0.012971199577241466,hpo,ModernNCA_GPU,tabarena-2025-06-12,tuned_ensemble,MNCA_GPU,False,
NATICUSdroid,0,REALMLP_GPU (default),0.014805054910038917,42.06362009048462,3.358973741531372,roc_auc,binary,0.015483882332217647,config,RealMLP_GPU,tabarena-2025-09-03,default,REALMLP_GPU,False,
NATICUSdroid,0,REALMLP_GPU (tuned),0.013733501961928907,9753.213421583176,1.0163629055023193,roc_auc,binary,0.01297657213316894,hpo,RealMLP_GPU,tabarena-2025-09-03,tuned,REALMLP_GPU,False,
NATICUSdroid,0,REALMLP_GPU (tuned + ensemble),0.013229449094890211,9753.213421583176,34.33718967437744,roc_auc,binary,0.011893958076448774,hpo,RealMLP_GPU,tabarena-2025-09-03,tuned_ensemble,REALMLP_GPU,False,
NATICUSdroid,0,TABDPT_GPU (default),0.015202304966788871,284.15342950820923,99.96326994895935,roc_auc,binary,0.016926986084199513,config,TabDPT_GPU,tabarena-2025-10-20,default,TABDPT_GPU,False,
NATICUSdroid,0,TABDPT_GPU (tuned),0.012675343425670227,33577.3314332962,31.704665660858154,roc_auc,binary,0.013099876695437773,hpo,TabDPT_GPU,tabarena-2025-10-20,tuned,TABDPT_GPU,False,
NATICUSdroid,0,TABDPT_GPU (tuned + ensemble),0.013091627646630077,33577.3314332962,584.3435158729553,roc_auc,binary,0.012742998062356903,hpo,TabDPT_GPU,tabarena-2025-10-20,tuned_ensemble,TABDPT_GPU,False,
NATICUSdroid,0,TABDPT_TURBO (default),0.012209358887051325,7.938805818557739,0.25846052169799805,roc_auc,binary,0.013788796899771083,config,TabDPT-Turbo,tabarena-2026-07-13,default,TABDPT_TURBO,False,
NATICUSdroid,0,TABICL_GPU (default),0.01266758876617724,38.36490345001221,5.6383137702941895,roc_auc,binary,0.013149286595032561,config,TabICL_GPU,tabarena-2025-06-12,default,TABICL_GPU,False,
NATICUSdroid,0,TA-TABM (default),0.014029941445271144,38.571155309677124,0.5917110443115234,roc_auc,binary,0.014011185485291566,config,TabM,tabarena-2026-06-26,default,TA-TABM,False,
NATICUSdroid,0,TA-TABM (tuned),0.013923138634982513,12683.654216051102,0.589730978012085,roc_auc,binary,0.013199841465562745,hpo,TabM,tabarena-2026-06-26,tuned,TA-TABM,False,
NATICUSdroid,0,TA-TABM (tuned + ensemble),0.013605902564818417,12683.654216051102,7.367819547653198,roc_auc,binary,0.012701426809934802,hpo,TabM,tabarena-2026-06-26,tuned_ensemble,TA-TABM,False,
NATICUSdroid,0,TABPFNV2_GPU (default),0.016709881269113436,16.607529878616333,1.478179693222046,roc_auc,binary,0.017318830368152294,config,TabPFNv2_GPU,tabarena-2025-06-12,default,TABPFNV2_GPU,False,
NATICUSdroid,0,TABPFNV2_GPU (tuned),0.015050384137632489,28417.74934244156,14.980009317398071,roc_auc,binary,0.01567271446186369,hpo,TabPFNv2_GPU,tabarena-2025-06-12,tuned,TABPFNV2_GPU,False,
NATICUSdroid,0,TABPFNV2_GPU (tuned + ensemble),0.014265753590759878,28417.74934244156,454.5537385940552,roc_auc,binary,0.013960982913510667,hpo,TabPFNv2_GPU,tabarena-2025-06-12,tuned_ensemble,TABPFNV2_GPU,False,
NATICUSdroid,0,XRFM_GPU (default),0.024105006549162478,13.295804023742676,0.8701038360595703,roc_auc,binary,0.028705654394926894,config,xRFM_GPU,tabarena-2025-09-03,default,XRFM_GPU,False,
NATICUSdroid,0,XRFM_GPU (tuned),0.014879076659743862,2225.756064414978,0.057602643966674805,roc_auc,binary,0.015378633080852522,hpo,xRFM_GPU,tabarena-2025-09-03,tuned,XRFM_GPU,False,
NATICUSdroid,0,XRFM_GPU (tuned + ensemble),0.014699309553317552,2225.756064414978,0.5514023303985596,roc_auc,binary,0.014878280782103182,hpo,xRFM_GPU,tabarena-2025-09-03,tuned_ensemble,XRFM_GPU,False,
NATICUSdroid,0,BETA_GPU (default),0.01453364182778738,1677.0348539352417,5.084326505661011,roc_auc,binary,0.013955962656332699,config,BetaTabPFN_GPU,tabarena-2025-09-03,default,BETA_GPU,False,
NATICUSdroid,0,TABFLEX_GPU (default),0.01637713587996359,4.128782272338867,0.29659247398376465,roc_auc,binary,0.01846203980975858,config,TabFlex_GPU,tabarena-2025-09-03,default,TABFLEX_GPU,False,
NATICUSdroid,0,REALTABPFN-V2.5 (default),0.013365508120538383,30.98931336402893,3.697834014892578,roc_auc,binary,0.013945834067289109,config,RealTabPFN-v2.5,tabarena-2025-11-12,default,REALTABPFN-V2.5,False,
NATICUSdroid,0,REALTABPFN-V2.5 (tuned),0.013927015964729006,10287.362230062485,4.46028733253479,roc_auc,binary,0.013808085256297287,hpo,RealTabPFN-v2.5,tabarena-2025-11-12,tuned,REALTABPFN-V2.5,False,
NATICUSdroid,0,REALTABPFN-V2.5 (tuned + ensemble),0.0135255360937101,10287.362230062485,70.5514166355133,roc_auc,binary,0.013156420644706679,hpo,RealTabPFN-v2.5,tabarena-2025-11-12,tuned_ensemble,REALTABPFN-V2.5,False,
NATICUSdroid,0,SAP-RPT-OSS (default),0.014850525413429128,44.188488483428955,10.934005975723267,roc_auc,binary,0.01536762374493561,config,SAP-RPT-OSS,tabarena-2025-11-25,default,SAP-RPT-OSS,False,
NATICUSdroid,0,TABICLV2 (default),0.01279060586449654,9.202615022659302,0.6183416843414307,roc_auc,binary,0.012494363220010518,config,TabICLv2,tabarena-2026-07-13,default,TABICLV2,False,
NATICUSdroid,0,TABSTAR (default),0.01931897170395247,3126.8782942295074,10.210768461227417,roc_auc,binary,0.02072036286771184,config,TabSTAR,tabarena-2026-03-18,default,TABSTAR,False,
NATICUSdroid,0,TABSTAR (tuned),0.017646080160620192,185448.46531152725,9.79713487625122,roc_auc,binary,0.018485908050026367,hpo,TabSTAR,tabarena-2026-03-18,tuned,TABSTAR,False,
NATICUSdroid,0,TABSTAR (tuned + ensemble),0.017510726104016827,185448.46531152725,52.97473931312561,roc_auc,binary,0.018037255592742607,hpo,TabSTAR,tabarena-2026-03-18,tuned_ensemble,TABSTAR,False,
NATICUSdroid,0,PB (default),0.015119471104023896,739.8582127094269,0.03672504425048828,roc_auc,binary,0.015964153602254783,config,PerpetualBooster,tabarena-2026-03-18,default,PB,False,
NATICUSdroid,0,PB (tuned),0.01475218223167818,4492.0145175457,0.0470728874206543,roc_auc,binary,0.014411837237977787,hpo,PerpetualBooster,tabarena-2026-03-18,tuned,PB,False,
NATICUSdroid,0,PB (tuned + ensemble),0.014691554893824565,4492.0145175457,0.396543025970459,roc_auc,binary,0.014407873877047783,hpo,PerpetualBooster,tabarena-2026-03-18,tuned_ensemble,PB,False,
NATICUSdroid,0,TABPFN-V2.6 (default),0.013457859065408417,24.29512906074524,1.6120831966400146,roc_auc,binary,0.0141098291351065,config,TabPFN-v2.6,tabarena-2026-03-18,default,TABPFN-V2.6,False,
NATICUSdroid,0,TA-LIMIX (default),0.013708828045360555,68.07977151870728,9.385300397872925,roc_auc,binary,0.014394222300510795,config,LimiX,tabarena-2026-05-13,default,TA-LIMIX,False,
NATICUSdroid,0,TA-ORION-MSP (default),0.014625287803612608,69.88026881217957,10.026747703552246,roc_auc,binary,0.015045446538664908,config,OrionMSP,tabarena-2026-05-13,default,TA-ORION-MSP,False,
NATICUSdroid,0,TA-TABPFN-3 (default),0.012452573207510365,17.227367639541626,0.934626579284668,roc_auc,binary,0.012823850625330313,config,TabPFN-3,tabarena-2026-07-13,default,TA-TABPFN-3,False,
NATICUSdroid,0,TA-ILTM (default),0.017030642184501676,1117.9111597537994,147.71384048461914,roc_auc,binary,0.016282543596970234,config,iLTM,tabarena-2026-05-13,default,TA-ILTM,False,
NATICUSdroid,0,TA-ILTM (tuned),0.014063074990377178,55174.9840297699,64.22383785247803,roc_auc,binary,0.013183988021842508,hpo,iLTM,tabarena-2026-05-13,tuned,TA-ILTM,False,
NATICUSdroid,0,TA-ILTM (tuned + ensemble),0.013790956939080834,55174.9840297699,970.3825213909149,roc_auc,binary,0.012067817509247791,hpo,iLTM,tabarena-2026-05-13,tuned_ensemble,TA-ILTM,False,
NATICUSdroid,0,TA-NORI (default),0.020111356910317957,1.763962745666504,0.10120105743408203,roc_auc,binary,0.023089043508895513,config,Nori,tabarena-2026-07-13,default,TA-NORI,True,
NATICUSdroid,0,TA-NORI-30M (default),0.020111356910317957,1.763962745666504,0.10120105743408203,roc_auc,binary,0.023089043508895513,config,Nori-30M,tabarena-2026-07-13,default,TA-NORI-30M,True,
NATICUSdroid,0,TABFM (default),0.01197601413321947,178.63839149475098,30.818474531173706,roc_auc,binary,0.011558481592390257,config,TabFM,tabarena-2026-07-13,default,TABFM,False,
NATICUSdroid,0,TA-TABSWIFT (default),0.013858281482860058,6.058710336685181,0.12852048873901367,roc_auc,binary,0.01418187422934647,config,TabSwift,tabarena-2026-07-13,default,TA-TABSWIFT,False,
NATICUSdroid,0,TA-EXAONE-TABULAR (default),0.012466320103884376,27.252413988113403,3.5598576068878174,roc_auc,binary,0.01245006165228113,config,EXAONE-Tabular,tabarena-2026-08-06,default,TA-EXAONE-TABULAR,False,
NATICUSdroid,0,[Leakage] TabSTAR_base (default),0.01672750549523372,1098.199256658554,20.474496126174927,roc_auc,binary,0.017777963713228817,config,[Leakage] TabSTAR_base,[Leakage] TabSTAR_base,default,[Leakage] TabSTAR_base,False,
NATICUSdroid,0,[Leakage] TabSTAR_correct (default),0.016296064439810354,1042.8309297561646,20.42374062538147,roc_auc,binary,0.017385414831777246,config,[Leakage] TabSTAR_correct,[Leakage] TabSTAR_correct,default,[Leakage] TabSTAR_correct,False,
NATICUSdroid,0,[Leakage] TabSTAR_wrong (default),0.020111356910317957,1.763962745666504,0.10120105743408203,roc_auc,binary,0.023089043508895513,config,[Leakage] TabSTAR_wrong,[Leakage] TabSTAR_wrong,default,[Leakage] TabSTAR_wrong,True,
QSAR-TID-11,0,"AutoGluon 1.4 (best, 4h)",0.8214649254340783,13392.329690933228,11.081344366073608,rmse,regression,0.7023845956405522,baseline,AutoGluon_v140_bq_4h8c,tabarena-2025-11-01,,,False,
QSAR-TID-11,0,"AutoGluon 1.5 (extreme, 4h)",0.7965863881873918,4257.15708565712,12.729393482208252,rmse,regression,0.7058433193913702,baseline,AutoGluon_v150_eq_4h8c,tabarena-2025-12-18,,,False,
QSAR-TID-11,0,"AutoGluon 1.6 (extreme, 4h)",0.8008631331019739,285.2892429828644,31.521552085876465,rmse,regression,0.7149185932171895,baseline,AutoGluon_16_extreme,tabarena-2026-08-05,,,False,
QSAR-TID-11,0,"AutoGluon 1.6 (noncommercial, 4h)",0.7997640343077456,321.3351926803589,35.61413788795471,rmse,regression,0.7130847148621741,baseline,AutoGluon_16_noncommercial,tabarena-2026-08-05,,,False,
QSAR-TID-11,0,TabFM+,0.7962079935586476,387.27628469467163,115.62159442901611,rmse,regression,,baseline,TabFM+,tabarena-2026-07-07,,,False,
QSAR-TID-11,0,CAT (default),0.8479125899121617,202.910630941391,0.3051776885986328,rmse,regression,0.7523881960460376,config,CatBoost,tabarena-2026-07-13,default,CAT,False,
QSAR-TID-11,0,CAT (tuned),0.8453807980005486,50314.010025024414,0.30166101455688477,rmse,regression,0.7481314622919292,hpo,CatBoost,tabarena-2026-07-13,tuned,CAT,False,
QSAR-TID-11,0,CAT (tuned + ensemble),0.8434169111842243,50314.010025024414,3.1510539054870605,rmse,regression,0.7432014173299052,hpo,CatBoost,tabarena-2026-07-13,tuned_ensemble,CAT,False,
QSAR-TID-11,0,CHIMERA (default),0.8495557715712029,57.6505389213562,0.2918400764465332,rmse,regression,0.7646101634307487,config,ChimeraBoost,tabarena-2026-08-10,default,CHIMERA,False,
QSAR-TID-11,0,CHIMERA (tuned),0.8447668134108054,7541.638969659805,0.7278218269348145,rmse,regression,0.7499979826415583,hpo,ChimeraBoost,tabarena-2026-08-10,tuned,CHIMERA,False,
QSAR-TID-11,0,CHIMERA (tuned + ensemble),0.8378181028457184,7541.638969659805,5.702312469482422,rmse,regression,0.7311258826441897,hpo,ChimeraBoost,tabarena-2026-08-10,tuned_ensemble,CHIMERA,False,
QSAR-TID-11,0,EBM (default),0.8977956152670133,200.74455165863037,0.7291052341461182,rmse,regression,0.8161394853934626,config,ExplainableBM,tabarena-2026-07-13,default,EBM,False,
QSAR-TID-11,0,EBM (tuned),0.8698740718355615,79887.22537779808,2.3384573459625244,rmse,regression,0.7858319119376549,hpo,ExplainableBM,tabarena-2026-07-13,tuned,EBM,False,
QSAR-TID-11,0,EBM (tuned + ensemble),0.868724398634919,79887.22537779808,19.36014461517334,rmse,regression,0.781188342682959,hpo,ExplainableBM,tabarena-2026-07-13,tuned_ensemble,EBM,False,
QSAR-TID-11,0,XT (default),0.8683101418683009,70.4862003326416,0.7662830352783203,rmse,regression,0.791801051717136,config,ExtraTrees,tabarena-2026-07-13,default,XT,False,
QSAR-TID-11,0,XT (tuned),0.8594114926267238,3015.9148409366608,0.236663818359375,rmse,regression,0.7754220306906523,hpo,ExtraTrees,tabarena-2026-07-13,tuned,XT,False,
QSAR-TID-11,0,XT (tuned + ensemble),0.8508090282916249,3015.9148409366608,3.3842175006866455,rmse,regression,0.7609534011407494,hpo,ExtraTrees,tabarena-2026-07-13,tuned_ensemble,XT,False,
QSAR-TID-11,0,KNN (default),1.0671822082662101,3.287250518798828,0.2271432876586914,rmse,regression,0.981627074836895,config,KNeighbors,tabarena-2025-10-20,default,KNN,False,
QSAR-TID-11,0,KNN (tuned),0.9660888528599234,4249.985701799393,2.7316761016845703,rmse,regression,0.8642578309509144,hpo,KNeighbors,tabarena-2025-10-20,tuned,KNN,False,
QSAR-TID-11,0,KNN (tuned + ensemble),0.94306304828539,4249.985701799393,69.39153218269348,rmse,regression,0.8319180760948576,hpo,KNeighbors,tabarena-2025-10-20,tuned_ensemble,KNN,False,
QSAR-TID-11,0,GBM (default),0.8379413018464216,17.90738534927368,1.118109941482544,rmse,regression,0.7532168560541159,config,LightGBM,tabarena-2025-06-12,default,GBM,False,
QSAR-TID-11,0,GBM (tuned),0.8219494093083377,5421.545881986618,1.4217593669891357,rmse,regression,0.7286561525586938,hpo,LightGBM,tabarena-2025-06-12,tuned,GBM,False,
QSAR-TID-11,0,GBM (tuned + ensemble),0.8197517476376055,5421.545881986618,10.259183883666992,rmse,regression,0.7224243230638095,hpo,LightGBM,tabarena-2025-06-12,tuned_ensemble,GBM,False,
QSAR-TID-11,0,LR (default),1.0641431431066701,6.909077882766724,0.563582181930542,rmse,regression,1.0167086441548498,config,LinearModel,tabarena-2025-10-20,default,LR,False,
QSAR-TID-11,0,LR (tuned),0.9978402874956019,1484.3611941337585,0.37198328971862793,rmse,regression,0.9301552920834093,hpo,LinearModel,tabarena-2025-10-20,tuned,LR,False,
QSAR-TID-11,0,LR (tuned + ensemble),0.9937261494666302,1484.3611941337585,3.702026605606079,rmse,regression,0.9216605013530305,hpo,LinearModel,tabarena-2025-10-20,tuned_ensemble,LR,False,
QSAR-TID-11,0,FASTAI (default),0.8519638801075861,17.98777461051941,1.090883731842041,rmse,regression,0.7660684030034577,config,NeuralNetFastAI,tabarena-2025-06-12,default,FASTAI,False,
QSAR-TID-11,0,FASTAI (tuned),0.8448584383696248,4653.677934408188,0.7054669857025146,rmse,regression,0.7454821411062852,hpo,NeuralNetFastAI,tabarena-2025-06-12,tuned,FASTAI,False,
QSAR-TID-11,0,FASTAI (tuned + ensemble),0.841685674495727,4653.677934408188,16.018224000930786,rmse,regression,0.7224224738417943,hpo,NeuralNetFastAI,tabarena-2025-06-12,tuned_ensemble,FASTAI,False,
QSAR-TID-11,0,NN_TORCH (default),0.8534004319042505,105.10135078430176,0.276104211807251,rmse,regression,0.7465665483571656,config,NeuralNetTorch,tabarena-2025-06-12,default,NN_TORCH,False,
QSAR-TID-11,0,NN_TORCH (tuned),0.8276344404194269,15782.205469369888,0.7862565517425537,rmse,regression,0.7306238330399748,hpo,NeuralNetTorch,tabarena-2025-06-12,tuned,NN_TORCH,False,
QSAR-TID-11,0,NN_TORCH (tuned + ensemble),0.8253935278806442,15782.205469369888,6.799691200256348,rmse,regression,0.690337498653746,hpo,NeuralNetTorch,tabarena-2025-06-12,tuned_ensemble,NN_TORCH,False,
QSAR-TID-11,0,RF (default),0.862359455718791,28.436782836914062,0.2766997814178467,rmse,regression,0.7725379173578526,config,RandomForest,tabarena-2025-06-12,default,RF,False,
QSAR-TID-11,0,RF (tuned),0.862359455718791,5163.989614725113,0.2766997814178467,rmse,regression,0.7725379173578526,hpo,RandomForest,tabarena-2025-06-12,tuned,RF,False,
QSAR-TID-11,0,RF (tuned + ensemble),0.855683985353131,5163.989614725113,3.5932915210723877,rmse,regression,0.7636419407062558,hpo,RandomForest,tabarena-2025-06-12,tuned_ensemble,RF,False,
QSAR-TID-11,0,XGB (default),0.857810047806838,46.07047963142395,0.5180997848510742,rmse,regression,0.7821166455402627,config,XGBoost,tabarena-2025-06-12,default,XGB,False,
QSAR-TID-11,0,XGB (tuned),0.8228586327753781,27210.360590696335,2.9997780323028564,rmse,regression,0.732190109458526,hpo,XGBoost,tabarena-2025-06-12,tuned,XGB,False,
QSAR-TID-11,0,XGB (tuned + ensemble),0.8249016068769821,27210.360590696335,21.839725255966187,rmse,regression,0.7277794298251468,hpo,XGBoost,tabarena-2025-06-12,tuned_ensemble,XGB,False,
QSAR-TID-11,0,MITRA_GPU (default),0.862359455718791,28.436782836914062,0.2766997814178467,rmse,regression,0.7725379173578526,config,Mitra_GPU,tabarena-2025-09-03,default,MITRA_GPU,True,
QSAR-TID-11,0,MNCA_GPU (default),0.8236549321733843,61.53508639335632,11.792062997817993,rmse,regression,0.7513656386480213,config,ModernNCA_GPU,tabarena-2025-06-12,default,MNCA_GPU,False,
QSAR-TID-11,0,MNCA_GPU (tuned),0.8067396217441877,18932.951001644135,11.715221166610718,rmse,regression,0.7254119959830608,hpo,ModernNCA_GPU,tabarena-2025-06-12,tuned,MNCA_GPU,False,
QSAR-TID-11,0,MNCA_GPU (tuned + ensemble),0.790624241103194,18932.951001644135,289.9461727142334,rmse,regression,0.6806195003442556,hpo,ModernNCA_GPU,tabarena-2025-06-12,tuned_ensemble,MNCA_GPU,False,
QSAR-TID-11,0,REALMLP_GPU (default),0.850298522399872,42.21236848831177,8.30478310585022,rmse,regression,0.7576402684385212,config,RealMLP_GPU,tabarena-2025-09-03,default,REALMLP_GPU,False,
QSAR-TID-11,0,REALMLP_GPU (tuned),0.8273355220529952,21627.916429281235,6.196334600448608,rmse,regression,0.7217916052821158,hpo,RealMLP_GPU,tabarena-2025-09-03,tuned,REALMLP_GPU,False,
QSAR-TID-11,0,REALMLP_GPU (tuned + ensemble),0.8314230250518713,21627.916429281235,76.99763774871826,rmse,regression,0.7118619341662082,hpo,RealMLP_GPU,tabarena-2025-09-03,tuned_ensemble,REALMLP_GPU,False,
QSAR-TID-11,0,TABDPT_GPU (default),0.8278259337620162,289.382616519928,167.1150665283203,rmse,regression,0.7399645728798938,config,TabDPT_GPU,tabarena-2025-10-20,default,TABDPT_GPU,False,
QSAR-TID-11,0,TABDPT_GPU (tuned),0.80687350758193,36775.30063033104,24.985270500183105,rmse,regression,0.7197832276454741,hpo,TabDPT_GPU,tabarena-2025-10-20,tuned,TABDPT_GPU,False,
QSAR-TID-11,0,TABDPT_GPU (tuned + ensemble),0.8000317864091068,36775.30063033104,374.21691060066223,rmse,regression,0.7139418746577457,hpo,TabDPT_GPU,tabarena-2025-10-20,tuned_ensemble,TABDPT_GPU,False,
QSAR-TID-11,0,TABDPT_TURBO (default),0.8182439021161095,11.768695592880249,0.3501443862915039,rmse,regression,0.7339155270330939,config,TabDPT-Turbo,tabarena-2026-07-13,default,TABDPT_TURBO,False,
QSAR-TID-11,0,TABICL_GPU (default),0.862359455718791,28.436782836914062,0.2766997814178467,rmse,regression,0.7725379173578526,config,TabICL_GPU,tabarena-2025-06-12,default,TABICL_GPU,True,RandomForest_c1_BAG_L1
QSAR-TID-11,0,TA-TABM (default),0.8350211950541694,288.22500371932983,5.047777414321899,rmse,regression,0.7330178426486501,config,TabM,tabarena-2026-06-26,default,TA-TABM,False,
QSAR-TID-11,0,TA-TABM (tuned),0.8264927326551635,85327.69487285614,4.962993621826172,rmse,regression,0.7255166079514132,hpo,TabM,tabarena-2026-06-26,tuned,TA-TABM,False,
QSAR-TID-11,0,TA-TABM (tuned + ensemble),0.825471678222976,85327.69487285614,35.06645202636719,rmse,regression,0.7228735681157568,hpo,TabM,tabarena-2026-06-26,tuned_ensemble,TA-TABM,False,
QSAR-TID-11,0,TABPFNV2_GPU (default),0.862359455718791,28.436782836914062,0.2766997814178467,rmse,regression,0.7725379173578526,config,TabPFNv2_GPU,tabarena-2025-06-12,default,TABPFNV2_GPU,True,RandomForest_c1_BAG_L1
QSAR-TID-11,0,TABPFNV2_GPU (tuned),0.862359455718791,28.436782836914062,0.2766997814178467,rmse,regression,0.7725379173578526,hpo,TabPFNv2_GPU,tabarena-2025-06-12,tuned,TABPFNV2_GPU,True,RandomForest_c1_BAG_L1
QSAR-TID-11,0,TABPFNV2_GPU (tuned + ensemble),0.862359455718791,28.436782836914062,0.2766997814178467,rmse,regression,0.7725379173578526,hpo,TabPFNv2_GPU,tabarena-2025-06-12,tuned_ensemble,TABPFNV2_GPU,True,RandomForest_c1_BAG_L1
QSAR-TID-11,0,XRFM_GPU (default),0.8889099788226986,11.853754043579102,3.0355968475341797,rmse,regression,0.7903490575935759,config,xRFM_GPU,tabarena-2025-09-03,default,XRFM_GPU,False,
QSAR-TID-11,0,XRFM_GPU (tuned),0.8396782190174206,2713.8414945602417,1.5895655155181885,rmse,regression,0.7484676256978355,hpo,xRFM_GPU,tabarena-2025-09-03,tuned,XRFM_GPU,False,
QSAR-TID-11,0,XRFM_GPU (tuned + ensemble),0.8301811864723319,2713.8414945602417,4.1532275676727295,rmse,regression,0.7299533472674052,hpo,xRFM_GPU,tabarena-2025-09-03,tuned_ensemble,XRFM_GPU,False,
QSAR-TID-11,0,BETA_GPU (default),0.862359455718791,28.436782836914062,0.2766997814178467,rmse,regression,0.7725379173578526,config,BetaTabPFN_GPU,tabarena-2025-09-03,default,BETA_GPU,True,
QSAR-TID-11,0,TABFLEX_GPU (default),0.862359455718791,28.436782836914062,0.2766997814178467,rmse,regression,0.7725379173578526,config,TabFlex_GPU,tabarena-2025-09-03,default,TABFLEX_GPU,True,
QSAR-TID-11,0,REALTABPFN-V2.5 (default),0.833246485160921,118.46821165084839,11.007902383804321,rmse,regression,0.7417218812570566,config,RealTabPFN-v2.5,tabarena-2025-11-12,default,REALTABPFN-V2.5,False,
QSAR-TID-11,0,REALTABPFN-V2.5 (tuned),0.8082701905250698,43699.95433783531,12.16222071647644,rmse,regression,0.7252272698545248,hpo,RealTabPFN-v2.5,tabarena-2025-11-12,tuned,REALTABPFN-V2.5,False,
QSAR-TID-11,0,REALTABPFN-V2.5 (tuned + ensemble),0.8051420243526451,43699.95433783531,155.92566180229187,rmse,regression,0.7171382948572972,hpo,RealTabPFN-v2.5,tabarena-2025-11-12,tuned_ensemble,REALTABPFN-V2.5,False,
QSAR-TID-11,0,SAP-RPT-OSS (default),0.9103452928678238,106.2768132686615,29.27736806869507,rmse,regression,0.8178892877503158,config,SAP-RPT-OSS,tabarena-2025-11-25,default,SAP-RPT-OSS,False,
QSAR-TID-11,0,TABICLV2 (default),0.8743106093193269,49.22218704223633,4.961725950241089,rmse,regression,0.7924098845244758,config,TabICLv2,tabarena-2026-07-13,default,TABICLV2,False,
QSAR-TID-11,0,TABSTAR (default),1.4940444301224542,3404.0556297302246,216.36981010437012,rmse,regression,1.4312321788515001,config,TabSTAR,tabarena-2026-03-18,default,TABSTAR,False,
QSAR-TID-11,0,TABSTAR (tuned),1.3629653231026835,176507.29392886162,209.25933861732483,rmse,regression,1.2945881794227383,hpo,TabSTAR,tabarena-2026-03-18,tuned,TABSTAR,False,
QSAR-TID-11,0,TABSTAR (tuned + ensemble),1.3559622210943738,176507.29392886162,1291.9654529094696,rmse,regression,1.2822275724052874,hpo,TabSTAR,tabarena-2026-03-18,tuned_ensemble,TABSTAR,False,
QSAR-TID-11,0,PB (default),0.9773870859214402,1283.1718833446503,0.38672637939453125,rmse,regression,0.9041555994220472,config,PerpetualBooster,tabarena-2026-03-18,default,PB,False,
QSAR-TID-11,0,PB (tuned),0.8613513079292628,20891.315931081772,0.5245404243469238,rmse,regression,0.7881266730494999,hpo,PerpetualBooster,tabarena-2026-03-18,tuned,PB,False,
QSAR-TID-11,0,PB (tuned + ensemble),0.8613513079292628,20891.315931081772,0.5245404243469238,rmse,regression,0.7881266730494999,hpo,PerpetualBooster,tabarena-2026-03-18,tuned_ensemble,PB,False,
QSAR-TID-11,0,TABPFN-V2.6 (default),0.8230796316796539,110.46901822090149,6.330975294113159,rmse,regression,0.7327115419668537,config,TabPFN-v2.6,tabarena-2026-03-18,default,TABPFN-V2.6,False,
QSAR-TID-11,0,TA-LIMIX (default),0.8793731272669687,2330.935758113861,88.07514762878418,rmse,regression,0.8081142312504678,config,LimiX,tabarena-2026-05-13,default,TA-LIMIX,False,
QSAR-TID-11,0,TA-ORION-MSP (default),0.862359455718791,28.436782836914062,0.2766997814178467,rmse,regression,0.7725379173578526,config,OrionMSP,tabarena-2026-05-13,default,TA-ORION-MSP,True,
QSAR-TID-11,0,TA-TABPFN-3 (default),0.8072375354870848,59.90179371833801,4.458594799041748,rmse,regression,0.7264355148354805,config,TabPFN-3,tabarena-2026-07-13,default,TA-TABPFN-3,False,
QSAR-TID-11,0,TA-ILTM (default),0.9164580540476204,2198.0816538333893,204.96162700653076,rmse,regression,0.8295931298679551,config,iLTM,tabarena-2026-05-13,default,TA-ILTM,False,
QSAR-TID-11,0,TA-ILTM (tuned),0.8324400469596811,57317.955881118774,110.66710305213928,rmse,regression,0.7177163133705862,hpo,iLTM,tabarena-2026-05-13,tuned,TA-ILTM,False,
QSAR-TID-11,0,TA-ILTM (tuned + ensemble),0.8201579198207761,57317.955881118774,741.8145496845245,rmse,regression,0.697954252156973,hpo,iLTM,tabarena-2026-05-13,tuned_ensemble,TA-ILTM,False,
QSAR-TID-11,0,TA-NORI (default),0.8014759336486096,125.16700100898743,17.14561438560486,rmse,regression,0.7346542535826308,config,Nori,tabarena-2026-07-13,default,TA-NORI,False,
QSAR-TID-11,0,TA-NORI-30M (default),0.8046072809904092,194.2228844165802,30.042325735092163,rmse,regression,0.7248935588921918,config,Nori-30M,tabarena-2026-07-13,default,TA-NORI-30M,False,
QSAR-TID-11,0,TABFM (default),0.8025360028712096,595.0664944648743,106.17789125442505,rmse,regression,0.719764155196746,config,TabFM,tabarena-2026-07-13,default,TABFM,False,
QSAR-TID-11,0,TA-TABSWIFT (default),0.8021018498681832,177.35228180885315,0.3004286289215088,rmse,regression,0.7300118398934685,config,TabSwift,tabarena-2026-07-13,default,TA-TABSWIFT,False,
QSAR-TID-11,0,TA-EXAONE-TABULAR (default),0.8032594496563106,378.7579810619354,65.72753357887268,rmse,regression,0.7123462135964354,config,EXAONE-Tabular,tabarena-2026-08-06,default,TA-EXAONE-TABULAR,False,
QSAR-TID-11,0,[Leakage] TabSTAR_base (default),1.2156305195904313,3508.5067944526672,265.7093050479889,rmse,regression,1.1791122198648991,config,[Leakage] TabSTAR_base,[Leakage] TabSTAR_base,default,[Leakage] TabSTAR_base,False,
QSAR-TID-11,0,[Leakage] TabSTAR_correct (default),1.2883849036549775,3471.951869249344,257.3690619468689,rmse,regression,1.2657741186535802,config,[Leakage] TabSTAR_correct,[Leakage] TabSTAR_correct,default,[Leakage] TabSTAR_correct,False,
QSAR-TID-11,0,[Leakage] TabSTAR_wrong (default),1.2523584821525924,3498.0702855587006,244.8643445968628,rmse,regression,1.2283884725088359,config,[Leakage] TabSTAR_wrong,[Leakage] TabSTAR_wrong,default,[Leakage] TabSTAR_wrong,False,
QSAR_fish_toxicity,0,"AutoGluon 1.4 (best, 4h)",0.9139735172748742,3261.2874507904053,0.289839506149292,rmse,regression,0.8044492740332343,baseline,AutoGluon_v140_bq_4h8c,tabarena-2025-11-01,,,False,
QSAR_fish_toxicity,0,"AutoGluon 1.5 (extreme, 4h)",0.895311519245206,121.47578263282776,0.7759203910827637,rmse,regression,0.8333611876284428,baseline,AutoGluon_v150_eq_4h8c,tabarena-2025-12-18,,,False,
QSAR_fish_toxicity,0,"AutoGluon 1.6 (extreme, 4h)",0.8885217451322003,19.323251247406006,0.9411678314208984,rmse,regression,0.8375277875440269,baseline,AutoGluon_16_extreme,tabarena-2026-08-05,,,False,
QSAR_fish_toxicity,0,"AutoGluon 1.6 (noncommercial, 4h)",0.8889991038480661,20.401756048202515,1.1114792823791504,rmse,regression,0.83699304426048,baseline,AutoGluon_16_noncommercial,tabarena-2026-08-05,,,False,
QSAR_fish_toxicity,0,TabFM+,0.8786244183905212,13.520272731781006,1.3329393863677979,rmse,regression,,baseline,TabFM+,tabarena-2026-07-07,,,False,
QSAR_fish_toxicity,0,CAT (default),0.9175828088788084,6.536026954650879,0.0089263916015625,rmse,regression,0.8391131131749131,config,CatBoost,tabarena-2026-07-13,default,CAT,False,
QSAR_fish_toxicity,0,CAT (tuned),0.9113753843756424,1932.0650899410248,0.010083198547363281,rmse,regression,0.8277646246036099,hpo,CatBoost,tabarena-2026-07-13,tuned,CAT,False,
QSAR_fish_toxicity,0,CAT (tuned + ensemble),0.913220990506539,1932.0650899410248,0.0807962417602539,rmse,regression,0.8185767897409033,hpo,CatBoost,tabarena-2026-07-13,tuned_ensemble,CAT,False,
QSAR_fish_toxicity,0,CHIMERA (default),0.9223070288730552,8.949159860610962,0.007373332977294922,rmse,regression,0.8533279498604189,config,ChimeraBoost,tabarena-2026-08-10,default,CHIMERA,False,
QSAR_fish_toxicity,0,CHIMERA (tuned),0.9491825169152206,1817.7182445526123,0.005604267120361328,rmse,regression,0.8239112065712969,hpo,ChimeraBoost,tabarena-2026-08-10,tuned,CHIMERA,False,
QSAR_fish_toxicity,0,CHIMERA (tuned + ensemble),0.9196931438240389,1817.7182445526123,0.04594087600708008,rmse,regression,0.7970228018462078,hpo,ChimeraBoost,tabarena-2026-08-10,tuned_ensemble,CHIMERA,False,
QSAR_fish_toxicity,0,EBM (default),0.9456287726391835,8.759605407714844,0.00525212287902832,rmse,regression,0.8534688307279797,config,ExplainableBM,tabarena-2026-07-13,default,EBM,False,
QSAR_fish_toxicity,0,EBM (tuned),0.9338630759696042,2009.4014949798584,0.0043981075286865234,rmse,regression,0.8465981312314834,hpo,ExplainableBM,tabarena-2026-07-13,tuned,EBM,False,
QSAR_fish_toxicity,0,EBM (tuned + ensemble),0.9339059208235903,2009.4014949798584,0.037947893142700195,rmse,regression,0.8280664991297106,hpo,ExplainableBM,tabarena-2026-07-13,tuned_ensemble,EBM,False,
QSAR_fish_toxicity,0,XT (default),0.9179138550246466,7.120510101318359,0.6929886341094971,rmse,regression,0.8505545716317932,config,ExtraTrees,tabarena-2026-07-13,default,XT,False,
QSAR_fish_toxicity,0,XT (tuned),0.9228984261880023,1241.9540660381317,0.10999178886413574,rmse,regression,0.8416900807251496,hpo,ExtraTrees,tabarena-2026-07-13,tuned,XT,False,
QSAR_fish_toxicity,0,XT (tuned + ensemble),0.9158320335101341,1241.9540660381317,0.5442936420440674,rmse,regression,0.8362787553031017,hpo,ExtraTrees,tabarena-2026-07-13,tuned_ensemble,XT,False,
QSAR_fish_toxicity,0,KNN (default),0.9470259228582849,0.3833317756652832,0.015233278274536133,rmse,regression,0.8669906823733886,config,KNeighbors,tabarena-2025-10-20,default,KNN,False,
QSAR_fish_toxicity,0,KNN (tuned),0.9471641989379048,78.10719299316406,0.014992952346801758,rmse,regression,0.8441475561870119,hpo,KNeighbors,tabarena-2025-10-20,tuned,KNN,False,
QSAR_fish_toxicity,0,KNN (tuned + ensemble),0.9347266281684382,78.10719299316406,0.1599140167236328,rmse,regression,0.8291193899966736,hpo,KNeighbors,tabarena-2025-10-20,tuned_ensemble,KNN,False,
QSAR_fish_toxicity,0,GBM (default),0.9219470233399446,4.068117380142212,0.027956724166870117,rmse,regression,0.8624070207663851,config,LightGBM,tabarena-2025-06-12,default,GBM,False,
QSAR_fish_toxicity,0,GBM (tuned),0.9226082564792453,910.9447321891785,0.19193363189697266,rmse,regression,0.8460941989152364,hpo,LightGBM,tabarena-2025-06-12,tuned,GBM,False,
QSAR_fish_toxicity,0,GBM (tuned + ensemble),0.9151007788510053,910.9447321891785,0.9955039024353027,rmse,regression,0.8295868016527952,hpo,LightGBM,tabarena-2025-06-12,tuned_ensemble,GBM,False,
QSAR_fish_toxicity,0,LR (default),0.9779810035849538,3.8674657344818115,0.03602170944213867,rmse,regression,0.9420659478774077,config,LinearModel,tabarena-2025-10-20,default,LR,False,
QSAR_fish_toxicity,0,LR (tuned),0.97713369662337,788.9507567882538,0.05092597007751465,rmse,regression,0.9419526813678623,hpo,LinearModel,tabarena-2025-10-20,tuned,LR,False,
QSAR_fish_toxicity,0,LR (tuned + ensemble),0.9768729285149236,788.9507567882538,0.06865692138671875,rmse,regression,0.9419054484265323,hpo,LinearModel,tabarena-2025-10-20,tuned_ensemble,LR,False,
QSAR_fish_toxicity,0,FASTAI (default),0.9453682137164233,6.54093074798584,0.11470913887023926,rmse,regression,0.8763774510869414,config,NeuralNetFastAI,tabarena-2025-06-12,default,FASTAI,False,
QSAR_fish_toxicity,0,FASTAI (tuned),0.9462138320385582,1771.4464328289032,0.2151944637298584,rmse,regression,0.8355255319525228,hpo,NeuralNetFastAI,tabarena-2025-06-12,tuned,FASTAI,False,
QSAR_fish_toxicity,0,FASTAI (tuned + ensemble),0.9312487963568503,1771.4464328289032,3.4379563331604004,rmse,regression,0.8028357555485114,hpo,NeuralNetFastAI,tabarena-2025-06-12,tuned_ensemble,FASTAI,False,
QSAR_fish_toxicity,0,NN_TORCH (default),0.9567096116016571,14.515168905258179,0.05179166793823242,rmse,regression,0.8529494227298999,config,NeuralNetTorch,tabarena-2025-06-12,default,NN_TORCH,False,
QSAR_fish_toxicity,0,NN_TORCH (tuned),0.9401469683526422,3592.1035211086273,0.0538332462310791,rmse,regression,0.8239177918399955,hpo,NeuralNetTorch,tabarena-2025-06-12,tuned,NN_TORCH,False,
QSAR_fish_toxicity,0,NN_TORCH (tuned + ensemble),0.9211951262075508,3592.1035211086273,0.6600356101989746,rmse,regression,0.7852181460821543,hpo,NeuralNetTorch,tabarena-2025-06-12,tuned_ensemble,NN_TORCH,False,
QSAR_fish_toxicity,0,RF (default),0.938418407690184,0.4531290531158447,0.04479265213012695,rmse,regression,0.8842998218357612,config,RandomForest,tabarena-2025-06-12,default,RF,False,
QSAR_fish_toxicity,0,RF (tuned),0.920056349140093,652.7483570575714,0.11787247657775879,rmse,regression,0.851115160039373,hpo,RandomForest,tabarena-2025-06-12,tuned,RF,False,
QSAR_fish_toxicity,0,RF (tuned + ensemble),0.9166780663072045,652.7483570575714,0.864675760269165,rmse,regression,0.847732797820369,hpo,RandomForest,tabarena-2025-06-12,tuned_ensemble,RF,False,
QSAR_fish_toxicity,0,XGB (default),0.9451572737910531,3.4885311126708984,0.05428028106689453,rmse,regression,0.8828749719802226,config,XGBoost,tabarena-2025-06-12,default,XGB,False,
QSAR_fish_toxicity,0,XGB (tuned),0.9136282735981752,1021.9430437088013,0.23209261894226074,rmse,regression,0.8431285953549397,hpo,XGBoost,tabarena-2025-06-12,tuned,XGB,False,
QSAR_fish_toxicity,0,XGB (tuned + ensemble),0.9145528249148004,1021.9430437088013,1.1961238384246826,rmse,regression,0.8349688071347453,hpo,XGBoost,tabarena-2025-06-12,tuned_ensemble,XGB,False,
QSAR_fish_toxicity,0,MITRA_GPU (default),0.9012402148282606,71.37968325614929,0.9198493957519531,rmse,regression,0.842184211446028,config,Mitra_GPU,tabarena-2025-09-03,default,MITRA_GPU,False,
QSAR_fish_toxicity,0,MNCA_GPU (default),0.9079065375057965,13.91658091545105,0.09011483192443848,rmse,regression,0.814258462485526,config,ModernNCA_GPU,tabarena-2025-06-12,default,MNCA_GPU,False,
QSAR_fish_toxicity,0,MNCA_GPU (tuned),0.9425235469382216,5234.298518180847,0.1604907512664795,rmse,regression,0.8060542975527282,hpo,ModernNCA_GPU,tabarena-2025-06-12,tuned,MNCA_GPU,False,
QSAR_fish_toxicity,0,MNCA_GPU (tuned + ensemble),0.9225872956639865,5234.298518180847,2.529045581817627,rmse,regression,0.726766094037506,hpo,ModernNCA_GPU,tabarena-2025-06-12,tuned_ensemble,MNCA_GPU,False,
QSAR_fish_toxicity,0,REALMLP_GPU (default),0.902031865224557,16.88643741607666,3.3460538387298584,rmse,regression,0.8229569532316025,config,RealMLP_GPU,tabarena-2025-09-03,default,REALMLP_GPU,False,
QSAR_fish_toxicity,0,REALMLP_GPU (tuned),0.9277910670743514,3758.9975328445435,0.778632640838623,rmse,regression,0.808821038701396,hpo,RealMLP_GPU,tabarena-2025-09-03,tuned,REALMLP_GPU,False,
QSAR_fish_toxicity,0,REALMLP_GPU (tuned + ensemble),0.9014784160630552,3758.9975328445435,11.409162521362305,rmse,regression,0.7788506925037846,hpo,RealMLP_GPU,tabarena-2025-09-03,tuned_ensemble,REALMLP_GPU,False,
QSAR_fish_toxicity,0,TABDPT_GPU (default),0.9032009771392325,34.59167742729187,18.330798149108887,rmse,regression,0.8401966079174616,config,TabDPT_GPU,tabarena-2025-10-20,default,TABDPT_GPU,False,
QSAR_fish_toxicity,0,TABDPT_GPU (tuned),0.8997330162608862,7387.411103963852,0.1726086139678955,rmse,regression,0.8347139265134634,hpo,TabDPT_GPU,tabarena-2025-10-20,tuned,TABDPT_GPU,False,
QSAR_fish_toxicity,0,TABDPT_GPU (tuned + ensemble),0.8974494159544669,7387.411103963852,104.37593293190002,rmse,regression,0.8321723460301372,hpo,TabDPT_GPU,tabarena-2025-10-20,tuned_ensemble,TABDPT_GPU,False,
QSAR_fish_toxicity,0,TABDPT_TURBO (default),0.9099916948649817,12.05935549736023,0.14259028434753418,rmse,regression,0.8503284263121088,config,TabDPT-Turbo,tabarena-2026-07-13,default,TABDPT_TURBO,False,
QSAR_fish_toxicity,0,TABICL_GPU (default),0.938418407690184,0.4531290531158447,0.04479265213012695,rmse,regression,0.8842998218357612,config,TabICL_GPU,tabarena-2025-06-12,default,TABICL_GPU,True,RandomForest_c1_BAG_L1
QSAR_fish_toxicity,0,TA-TABM (default),0.9327208702756281,15.621298551559448,0.164139986038208,rmse,regression,0.8717483324280723,config,TabM,tabarena-2026-06-26,default,TA-TABM,False,
QSAR_fish_toxicity,0,TA-TABM (tuned),0.9136100181091286,2373.377270460129,0.24292516708374023,rmse,regression,0.8430586556734477,hpo,TabM,tabarena-2026-06-26,tuned,TA-TABM,False,
QSAR_fish_toxicity,0,TA-TABM (tuned + ensemble),0.9084839265631336,2373.377270460129,1.652637004852295,rmse,regression,0.8196174774163112,hpo,TabM,tabarena-2026-06-26,tuned_ensemble,TA-TABM,False,
QSAR_fish_toxicity,0,TABPFNV2_GPU (default),0.9033054900056293,5.426508665084839,0.2526257038116455,rmse,regression,0.8471262571418495,config,TabPFNv2_GPU,tabarena-2025-06-12,default,TABPFNV2_GPU,False,
QSAR_fish_toxicity,0,TABPFNV2_GPU (tuned),0.9093026428541026,4146.1068794727325,0.2004566192626953,rmse,regression,0.8268675772981239,hpo,TabPFNv2_GPU,tabarena-2025-06-12,tuned,TABPFNV2_GPU,False,
QSAR_fish_toxicity,0,TABPFNV2_GPU (tuned + ensemble),0.8958826799112578,4146.1068794727325,31.52299928665161,rmse,regression,0.8162081680810361,hpo,TabPFNv2_GPU,tabarena-2025-06-12,tuned_ensemble,TABPFNV2_GPU,False,
QSAR_fish_toxicity,0,XRFM_GPU (default),0.8957594416323091,10.647649765014648,0.6213576793670654,rmse,regression,0.870793133687671,config,xRFM_GPU,tabarena-2025-09-03,default,XRFM_GPU,False,
QSAR_fish_toxicity,0,XRFM_GPU (tuned),0.9051661402310825,2064.045222759247,0.029249906539916992,rmse,regression,0.8343748592938104,hpo,xRFM_GPU,tabarena-2025-09-03,tuned,XRFM_GPU,False,
QSAR_fish_toxicity,0,XRFM_GPU (tuned + ensemble),0.9115647745800096,2064.045222759247,4.950044631958008,rmse,regression,0.811224420423745,hpo,xRFM_GPU,tabarena-2025-09-03,tuned_ensemble,XRFM_GPU,False,
QSAR_fish_toxicity,0,BETA_GPU (default),0.938418407690184,0.4531290531158447,0.04479265213012695,rmse,regression,0.8842998218357612,config,BetaTabPFN_GPU,tabarena-2025-09-03,default,BETA_GPU,True,
QSAR_fish_toxicity,0,TABFLEX_GPU (default),0.938418407690184,0.4531290531158447,0.04479265213012695,rmse,regression,0.8842998218357612,config,TabFlex_GPU,tabarena-2025-09-03,default,TABFLEX_GPU,True,
QSAR_fish_toxicity,0,REALTABPFN-V2.5 (default),0.9021697485200404,6.926994562149048,0.23964738845825195,rmse,regression,0.8481107019640903,config,RealTabPFN-v2.5,tabarena-2025-11-12,default,REALTABPFN-V2.5,False,
QSAR_fish_toxicity,0,REALTABPFN-V2.5 (tuned),0.897436572997375,1711.7827837467194,0.2952003479003906,rmse,regression,0.8400143192005421,hpo,RealTabPFN-v2.5,tabarena-2025-11-12,tuned,REALTABPFN-V2.5,False,
QSAR_fish_toxicity,0,REALTABPFN-V2.5 (tuned + ensemble),0.8866661964472332,1711.7827837467194,1.5551488399505615,rmse,regression,0.8346938057632708,hpo,RealTabPFN-v2.5,tabarena-2025-11-12,tuned_ensemble,REALTABPFN-V2.5,False,
QSAR_fish_toxicity,0,SAP-RPT-OSS (default),0.8965816041304322,21.128153800964355,0.21395206451416016,rmse,regression,0.8363744692693653,config,SAP-RPT-OSS,tabarena-2025-11-25,default,SAP-RPT-OSS,False,
QSAR_fish_toxicity,0,TABICLV2 (default),0.8942657163535587,5.5481860637664795,0.04520249366760254,rmse,regression,0.8397855423052482,config,TabICLv2,tabarena-2026-07-13,default,TABICLV2,False,
QSAR_fish_toxicity,0,TABSTAR (default),0.9023436372005137,346.5563681125641,3.503913164138794,rmse,regression,0.8257977571374332,config,TabSTAR,tabarena-2026-03-18,default,TABSTAR,False,
QSAR_fish_toxicity,0,TABSTAR (tuned),0.8964113122741465,39632.51447844505,1.5347027778625488,rmse,regression,0.8133788289612975,hpo,TabSTAR,tabarena-2026-03-18,tuned,TABSTAR,False,
QSAR_fish_toxicity,0,TABSTAR (tuned + ensemble),0.8943932254140295,39632.51447844505,10.77017092704773,rmse,regression,0.8077777361302689,hpo,TabSTAR,tabarena-2026-03-18,tuned_ensemble,TABSTAR,False,
QSAR_fish_toxicity,0,PB (default),0.9654576666602078,30.232535123825073,0.005186319351196289,rmse,regression,0.9214295340342017,config,PerpetualBooster,tabarena-2026-03-18,default,PB,False,
QSAR_fish_toxicity,0,PB (tuned),0.9403827626880109,183.4834804534912,0.019681215286254883,rmse,regression,0.8738517476476995,hpo,PerpetualBooster,tabarena-2026-03-18,tuned,PB,False,
QSAR_fish_toxicity,0,PB (tuned + ensemble),0.9411330542278333,183.4834804534912,0.09045147895812988,rmse,regression,0.8721016570178287,hpo,PerpetualBooster,tabarena-2026-03-18,tuned_ensemble,PB,False,
QSAR_fish_toxicity,0,TABPFN-V2.6 (default),0.8850660685571097,8.419835090637207,0.2616918087005615,rmse,regression,0.8470093790151073,config,TabPFN-v2.6,tabarena-2026-03-18,default,TABPFN-V2.6,False,
QSAR_fish_toxicity,0,TA-LIMIX (default),0.9008416639698605,103.99301624298096,4.254667043685913,rmse,regression,0.8659934859944128,config,LimiX,tabarena-2026-05-13,default,TA-LIMIX,False,
QSAR_fish_toxicity,0,TA-ORION-MSP (default),0.938418407690184,0.4531290531158447,0.04479265213012695,rmse,regression,0.8842998218357612,config,OrionMSP,tabarena-2026-05-13,default,TA-ORION-MSP,True,
QSAR_fish_toxicity,0,TA-TABPFN-3 (default),0.8900680331360654,14.492043733596802,0.19585800170898438,rmse,regression,0.8413987932050939,config,TabPFN-3,tabarena-2026-07-13,default,TA-TABPFN-3,False,
QSAR_fish_toxicity,0,TA-ILTM (default),0.9996709841562624,793.3140325546265,138.59774947166443,rmse,regression,0.8882701772983497,config,iLTM,tabarena-2026-05-13,default,TA-ILTM,False,
QSAR_fish_toxicity,0,TA-ILTM (tuned),0.9247475788257858,32760.50875067711,293.1022984981537,rmse,regression,0.7485487062756879,hpo,iLTM,tabarena-2026-05-13,tuned,TA-ILTM,False,
QSAR_fish_toxicity,0,TA-ILTM (tuned + ensemble),0.9090960210709509,32760.50875067711,1051.243260383606,rmse,regression,0.7339835310691442,hpo,iLTM,tabarena-2026-05-13,tuned_ensemble,TA-ILTM,False,
QSAR_fish_toxicity,0,TA-NORI (default),0.8913582916860413,13.044984579086304,0.5945236682891846,rmse,regression,0.8472625795890626,config,Nori,tabarena-2026-07-13,default,TA-NORI,False,
QSAR_fish_toxicity,0,TA-NORI-30M (default),0.8914304544408271,10.104565143585205,0.7976303100585938,rmse,regression,0.8432528414252896,config,Nori-30M,tabarena-2026-07-13,default,TA-NORI-30M,False,
QSAR_fish_toxicity,0,TABFM (default),0.876923619000406,60.04042840003967,1.235654592514038,rmse,regression,0.8430395311834261,config,TabFM,tabarena-2026-07-13,default,TABFM,False,
QSAR_fish_toxicity,0,TA-TABSWIFT (default),0.903510438720412,4.026165008544922,0.0338284969329834,rmse,regression,0.848081681343595,config,TabSwift,tabarena-2026-07-13,default,TA-TABSWIFT,False,
QSAR_fish_toxicity,0,TA-EXAONE-TABULAR (default),0.9076472645503771,7.184011459350586,0.1789264678955078,rmse,regression,0.8411185104426044,config,EXAONE-Tabular,tabarena-2026-08-06,default,TA-EXAONE-TABULAR,False,
QSAR_fish_toxicity,0,[Leakage] TabSTAR_base (default),0.877204382867197,116.64368677139282,1.0324411392211914,rmse,regression,0.8196073915178906,config,[Leakage] TabSTAR_base,[Leakage] TabSTAR_base,default,[Leakage] TabSTAR_base,False,
QSAR_fish_toxicity,0,[Leakage] TabSTAR_correct (default),0.9336672117690294,130.27148628234863,1.0244910717010498,rmse,regression,0.8748624820111169,config,[Leakage] TabSTAR_correct,[Leakage] TabSTAR_correct,default,[Leakage] TabSTAR_correct,False,
QSAR_fish_toxicity,0,[Leakage] TabSTAR_wrong (default),0.8466199543525574,83.48417162895203,1.0336873531341553,rmse,regression,0.7983485657687681,config,[Leakage] TabSTAR_wrong,[Leakage] TabSTAR_wrong,default,[Leakage] TabSTAR_wrong,False,
SDSS17,0,"AutoGluon 1.4 (best, 4h)",0.06585266701421741,14412.751626968384,127.41030406951904,log_loss,multiclass,0.06668742359849451,baseline,AutoGluon_v140_bq_4h8c,tabarena-2025-11-01,,,False,
SDSS17,0,"AutoGluon 1.5 (extreme, 4h)",0.06467838741554892,13512.077876329422,15.86590576171875,log_loss,multiclass,0.0655215282023796,baseline,AutoGluon_v150_eq_4h8c,tabarena-2025-12-18,,,False,
SDSS17,0,"AutoGluon 1.6 (extreme, 4h)",0.0624093629532222,713.6782808303833,18.067979097366333,log_loss,multiclass,0.06395043802883188,baseline,AutoGluon_16_extreme,tabarena-2026-08-05,,,False,
SDSS17,0,"AutoGluon 1.6 (noncommercial, 4h)",0.061227678026272166,750.8279967308044,13.738840579986572,log_loss,multiclass,0.0619429335919103,baseline,AutoGluon_16_noncommercial,tabarena-2026-08-05,,,False,
SDSS17,0,TabFM+,0.0705894578190182,259.1787130832672,491.9829092025757,log_loss,multiclass,,baseline,TabFM+,tabarena-2026-07-07,,,False,
SDSS17,0,CAT (default),0.07476796923551668,186.92901229858398,0.5690629482269287,log_loss,multiclass,0.07686252351081937,config,CatBoost,tabarena-2026-07-13,default,CAT,False,
SDSS17,0,CAT (tuned),0.07287897907474923,65629.25559806824,0.7817099094390869,log_loss,multiclass,0.07472875567685815,hpo,CatBoost,tabarena-2026-07-13,tuned,CAT,False,
SDSS17,0,CAT (tuned + ensemble),0.07272072099507536,65629.25559806824,6.089572906494141,log_loss,multiclass,0.07400848096603084,hpo,CatBoost,tabarena-2026-07-13,tuned_ensemble,CAT,False,
SDSS17,0,CHIMERA (default),0.07053784281015396,14.50177001953125,0.7331681251525879,log_loss,multiclass,0.0745849758386612,config,ChimeraBoost,tabarena-2026-08-10,default,CHIMERA,False,
SDSS17,0,CHIMERA (tuned),0.06738961079961658,4114.739852666855,1.0076711177825928,log_loss,multiclass,0.06995654978224736,hpo,ChimeraBoost,tabarena-2026-08-10,tuned,CHIMERA,False,
SDSS17,0,CHIMERA (tuned + ensemble),0.06753585325453408,4114.739852666855,14.936152219772339,log_loss,multiclass,0.06824643175140835,hpo,ChimeraBoost,tabarena-2026-08-10,tuned_ensemble,CHIMERA,False,
SDSS17,0,EBM (default),0.07527174039995385,721.9065873622894,0.3659241199493408,log_loss,multiclass,0.07701655937907836,config,ExplainableBM,tabarena-2026-07-13,default,EBM,False,
SDSS17,0,EBM (tuned),0.07255415806389914,343508.9395110607,0.31172943115234375,log_loss,multiclass,0.07338410793654881,hpo,ExplainableBM,tabarena-2026-07-13,tuned,EBM,False,
SDSS17,0,EBM (tuned + ensemble),0.07202561074234562,343508.9395110607,2.781801462173462,log_loss,multiclass,0.07239736069515224,hpo,ExplainableBM,tabarena-2026-07-13,tuned_ensemble,EBM,False,
SDSS17,0,XT (default),0.12983360566875687,12.19102668762207,1.088494062423706,log_loss,multiclass,0.1319879355392124,config,ExtraTrees,tabarena-2026-07-13,default,XT,False,
SDSS17,0,XT (tuned),0.07847891624097088,1479.9235684871674,0.23118209838867188,log_loss,multiclass,0.08359461128616158,hpo,ExtraTrees,tabarena-2026-07-13,tuned,XT,False,
SDSS17,0,XT (tuned + ensemble),0.0774988888899561,1479.9235684871674,4.52704119682312,log_loss,multiclass,0.07760017974223246,hpo,ExtraTrees,tabarena-2026-07-13,tuned_ensemble,XT,False,
SDSS17,0,KNN (default),0.3977245011586847,7.097323417663574,3.204146385192871,log_loss,multiclass,0.38685793820382164,config,KNeighbors,tabarena-2025-10-20,default,KNN,False,
SDSS17,0,KNN (tuned),0.22089271247386932,3976.268810272217,6.72460675239563,log_loss,multiclass,0.22161169350147247,hpo,KNeighbors,tabarena-2025-10-20,tuned,KNN,False,
SDSS17,0,KNN (tuned + ensemble),0.15124017000198364,3976.268810272217,74.22797465324402,log_loss,multiclass,0.15118800103664398,hpo,KNeighbors,tabarena-2025-10-20,tuned_ensemble,KNN,False,
SDSS17,0,GBM (default),0.08797328248562207,10.722102642059326,1.2350356578826904,log_loss,multiclass,0.08935763414407254,config,LightGBM,tabarena-2025-06-12,default,GBM,False,
SDSS17,0,GBM (tuned),0.0721717246381651,8190.5100383758545,10.431086301803589,log_loss,multiclass,0.07439499976846482,hpo,LightGBM,tabarena-2025-06-12,tuned,GBM,False,
SDSS17,0,GBM (tuned + ensemble),0.07214786624562036,8190.5100383758545,119.12290644645691,log_loss,multiclass,0.07373625553876817,hpo,LightGBM,tabarena-2025-06-12,tuned_ensemble,GBM,False,
SDSS17,0,LR (default),0.1479505656861328,6.744850158691406,0.3922560214996338,log_loss,multiclass,0.14900419286769623,config,LinearModel,tabarena-2025-10-20,default,LR,False,
SDSS17,0,LR (tuned),0.14696191251277924,1571.0753152370453,0.4320993423461914,log_loss,multiclass,0.14755137264728546,hpo,LinearModel,tabarena-2025-10-20,tuned,LR,False,
SDSS17,0,LR (tuned + ensemble),0.1373123675584793,1571.0753152370453,3.476921796798706,log_loss,multiclass,0.1362636238336563,hpo,LinearModel,tabarena-2025-10-20,tuned_ensemble,LR,False,
SDSS17,0,FASTAI (default),0.1356588402407988,141.94108414649963,2.1665899753570557,log_loss,multiclass,0.1727284551101318,config,NeuralNetFastAI,tabarena-2025-06-12,default,FASTAI,False,
SDSS17,0,FASTAI (tuned),0.11028503135364925,28800.935159921646,4.515760183334351,log_loss,multiclass,0.1308171411272519,hpo,NeuralNetFastAI,tabarena-2025-06-12,tuned,FASTAI,False,
SDSS17,0,FASTAI (tuned + ensemble),0.11348512126580043,28800.935159921646,42.569238901138306,log_loss,multiclass,0.11542323378074626,hpo,NeuralNetFastAI,tabarena-2025-06-12,tuned_ensemble,FASTAI,False,
SDSS17,0,NN_TORCH (default),0.09490651167863103,173.9819314479828,0.7189433574676514,log_loss,multiclass,0.10185411956733378,config,NeuralNetTorch,tabarena-2025-06-12,default,NN_TORCH,False,
SDSS17,0,NN_TORCH (tuned),0.08152598954448172,121863.51359438896,0.6932985782623291,log_loss,multiclass,0.0858175403016619,hpo,NeuralNetTorch,tabarena-2025-06-12,tuned,NN_TORCH,False,
SDSS17,0,NN_TORCH (tuned + ensemble),0.08194211857194116,121863.51359438896,4.47601842880249,log_loss,multiclass,0.08306719417815282,hpo,NeuralNetTorch,tabarena-2025-06-12,tuned_ensemble,NN_TORCH,False,
SDSS17,0,RF (default),0.08515163305344084,9.246267557144165,0.18109393119812012,log_loss,multiclass,0.09218614320911295,config,RandomForest,tabarena-2025-06-12,default,RF,False,
SDSS17,0,RF (tuned),0.07244353624362607,3198.8102281093597,0.4009585380554199,log_loss,multiclass,0.07417538545668365,hpo,RandomForest,tabarena-2025-06-12,tuned,RF,False,
SDSS17,0,RF (tuned + ensemble),0.07209523106717601,3198.8102281093597,4.003993272781372,log_loss,multiclass,0.07238529002238242,hpo,RandomForest,tabarena-2025-06-12,tuned_ensemble,RF,False,
SDSS17,0,XGB (default),0.07330741218582691,16.748191356658936,1.2201902866363525,log_loss,multiclass,0.07550309895459789,config,XGBoost,tabarena-2025-06-12,default,XGB,False,
SDSS17,0,XGB (tuned),0.07330741204106053,23745.412517547607,1.2201902866363525,log_loss,multiclass,0.07550309895459789,hpo,XGBoost,tabarena-2025-06-12,tuned,XGB,False,
SDSS17,0,XGB (tuned + ensemble),0.07307460635632117,23745.412517547607,30.453432083129883,log_loss,multiclass,0.07481784094970213,hpo,XGBoost,tabarena-2025-06-12,tuned_ensemble,XGB,False,
SDSS17,0,MITRA_GPU (default),0.08515163305344084,9.246267557144165,0.18109393119812012,log_loss,multiclass,0.09218614320911295,config,Mitra_GPU,tabarena-2025-09-03,default,MITRA_GPU,True,
SDSS17,0,MNCA_GPU (default),0.08186979647034259,756.3306398391724,45.45866513252258,log_loss,multiclass,0.08489812842793171,config,ModernNCA_GPU,tabarena-2025-06-12,default,MNCA_GPU,False,
SDSS17,0,MNCA_GPU (tuned),0.07528976488722713,227856.44348025322,57.642863273620605,log_loss,multiclass,0.07914822894026888,hpo,ModernNCA_GPU,tabarena-2025-06-12,tuned,MNCA_GPU,False,
SDSS17,0,MNCA_GPU (tuned + ensemble),0.07471313274904649,227856.44348025322,665.9174757003784,log_loss,multiclass,0.0752100119112267,hpo,ModernNCA_GPU,tabarena-2025-06-12,tuned_ensemble,MNCA_GPU,False,
SDSS17,0,REALMLP_GPU (default),0.105774584839073,338.75763869285583,4.202978849411011,log_loss,multiclass,0.11829966650426979,config,RealMLP_GPU,tabarena-2025-09-03,default,REALMLP_GPU,False,
SDSS17,0,REALMLP_GPU (tuned),0.08649662882089615,68816.66143321991,1.4368228912353516,log_loss,multiclass,0.08798805624246597,hpo,RealMLP_GPU,tabarena-2025-09-03,tuned,REALMLP_GPU,False,
SDSS17,0,REALMLP_GPU (tuned + ensemble),0.08581771701574326,68816.66143321991,14.192428350448608,log_loss,multiclass,0.08614218980073929,hpo,RealMLP_GPU,tabarena-2025-09-03,tuned_ensemble,REALMLP_GPU,False,
SDSS17,0,TABDPT_GPU (default),0.08536021824591347,2144.378321647644,1025.22385263443,log_loss,multiclass,0.08442118026160195,config,TabDPT_GPU,tabarena-2025-10-20,default,TABDPT_GPU,False,
SDSS17,0,TABDPT_GPU (tuned),0.08521802109813642,228487.88446712494,1002.3171174526215,log_loss,multiclass,0.08245368385989492,hpo,TabDPT_GPU,tabarena-2025-10-20,tuned,TABDPT_GPU,False,
SDSS17,0,TABDPT_GPU (tuned + ensemble),0.08092061859527534,228487.88446712494,7179.5736672878265,log_loss,multiclass,0.07968108781447929,hpo,TabDPT_GPU,tabarena-2025-10-20,tuned_ensemble,TABDPT_GPU,False,
SDSS17,0,TABDPT_TURBO (default),0.0722184959335601,42.52139139175415,7.221416234970093,log_loss,multiclass,0.07265742975088905,config,TabDPT-Turbo,tabarena-2026-07-13,default,TABDPT_TURBO,False,
SDSS17,0,TABICL_GPU (default),0.07690992211408655,144.97491264343262,27.488799333572388,log_loss,multiclass,0.0774694740427843,config,TabICL_GPU,tabarena-2025-06-12,default,TABICL_GPU,False,
SDSS17,0,TA-TABM (default),0.09472484889761416,210.63351821899414,1.9273676872253418,log_loss,multiclass,0.09675840783146873,config,TabM,tabarena-2026-06-26,default,TA-TABM,False,
SDSS17,0,TA-TABM (tuned),0.08181346841870267,59442.52415752411,1.4936375617980957,log_loss,multiclass,0.08435096569223814,hpo,TabM,tabarena-2026-06-26,tuned,TA-TABM,False,
SDSS17,0,TA-TABM (tuned + ensemble),0.08178623545359456,59442.52415752411,14.101175785064697,log_loss,multiclass,0.0827012681144021,hpo,TabM,tabarena-2026-06-26,tuned_ensemble,TA-TABM,False,
SDSS17,0,TABPFNV2_GPU (default),0.08515163305344084,9.246267557144165,0.18109393119812012,log_loss,multiclass,0.09218614320911295,config,TabPFNv2_GPU,tabarena-2025-06-12,default,TABPFNV2_GPU,True,RandomForest_c1_BAG_L1
SDSS17,0,TABPFNV2_GPU (tuned),0.0852461810480113,9.246267557144165,0.18109393119812012,log_loss,multiclass,0.09240563384401144,hpo,TabPFNv2_GPU,tabarena-2025-06-12,tuned,TABPFNV2_GPU,True,RandomForest_c1_BAG_L1
SDSS17,0,TABPFNV2_GPU (tuned + ensemble),0.0852461810480113,9.246267557144165,0.18109393119812012,log_loss,multiclass,0.09240563384401144,hpo,TabPFNv2_GPU,tabarena-2025-06-12,tuned_ensemble,TABPFNV2_GPU,True,RandomForest_c1_BAG_L1
SDSS17,0,XRFM_GPU (default),0.15323894879327804,163.60997223854065,23.960580587387085,log_loss,multiclass,0.1694864431251476,config,xRFM_GPU,tabarena-2025-09-03,default,XRFM_GPU,False,
SDSS17,0,XRFM_GPU (tuned),0.09357158839702606,104546.2344892025,25.34297823905945,log_loss,multiclass,0.09467281401157379,hpo,xRFM_GPU,tabarena-2025-09-03,tuned,XRFM_GPU,False,
SDSS17,0,XRFM_GPU (tuned + ensemble),0.09142415970563889,104546.2344892025,98.01241183280945,log_loss,multiclass,0.0921551063656807,hpo,xRFM_GPU,tabarena-2025-09-03,tuned_ensemble,XRFM_GPU,False,
SDSS17,0,BETA_GPU (default),0.0982540889370529,3437.393989086151,46.38312292098999,log_loss,multiclass,0.10058725209689608,config,BetaTabPFN_GPU,tabarena-2025-09-03,default,BETA_GPU,False,
SDSS17,0,TABFLEX_GPU (default),0.15343088871864996,5.658295154571533,0.6058015823364258,log_loss,multiclass,0.14977421744925268,config,TabFlex_GPU,tabarena-2025-09-03,default,TABFLEX_GPU,False,
SDSS17,0,REALTABPFN-V2.5 (default),0.07581257120965729,77.27050042152405,13.915538787841797,log_loss,multiclass,0.07580051759111092,config,RealTabPFN-v2.5,tabarena-2025-11-12,default,REALTABPFN-V2.5,False,
SDSS17,0,REALTABPFN-V2.5 (tuned),0.06673198060307424,7003.692138433456,73.33036780357361,log_loss,multiclass,0.0676959350408189,hpo,RealTabPFN-v2.5,tabarena-2025-11-12,tuned,REALTABPFN-V2.5,False,
SDSS17,0,REALTABPFN-V2.5 (tuned + ensemble),0.06471416267992591,7003.692138433456,216.15306639671326,log_loss,multiclass,0.06588461403393998,hpo,RealTabPFN-v2.5,tabarena-2025-11-12,tuned_ensemble,REALTABPFN-V2.5,False,
SDSS17,0,SAP-RPT-OSS (default),0.08592350100312607,514.7557945251465,240.31848239898682,log_loss,multiclass,0.08373610670217892,config,SAP-RPT-OSS,tabarena-2025-11-25,default,SAP-RPT-OSS,False,
SDSS17,0,TABICLV2 (default),0.07203594128998395,25.09699583053589,3.7111027240753174,log_loss,multiclass,0.0724103719770847,config,TabICLv2,tabarena-2026-07-13,default,TABICLV2,False,
SDSS17,0,TABSTAR (default),0.11548415177664899,3426.1077587604523,90.52948451042175,log_loss,multiclass,0.12081417625597032,config,TabSTAR,tabarena-2026-03-18,default,TABSTAR,False,
SDSS17,0,TABSTAR (tuned),0.09794649659940463,174277.69313693047,38.21645665168762,log_loss,multiclass,0.10161029696927847,hpo,TabSTAR,tabarena-2026-03-18,tuned,TABSTAR,False,
SDSS17,0,TABSTAR (tuned + ensemble),0.09803611640613989,174277.69313693047,157.07843279838562,log_loss,multiclass,0.10117027966068663,hpo,TabSTAR,tabarena-2026-03-18,tuned_ensemble,TABSTAR,False,
SDSS17,0,PB (default),0.15258631885335855,141.83775234222412,0.3227665424346924,log_loss,multiclass,0.15666000824378506,config,PerpetualBooster,tabarena-2026-03-18,default,PB,False,
SDSS17,0,PB (tuned),0.13426522014780715,1564.7361812591553,3.2277235984802246,log_loss,multiclass,0.13102163945428288,hpo,PerpetualBooster,tabarena-2026-03-18,tuned,PB,False,
SDSS17,0,PB (tuned + ensemble),0.12767387467135546,1564.7361812591553,14.631122350692749,log_loss,multiclass,0.12312924116669725,hpo,PerpetualBooster,tabarena-2026-03-18,tuned_ensemble,PB,False,
SDSS17,0,TABPFN-V2.6 (default),0.06820434196290864,95.76309847831726,13.425418853759766,log_loss,multiclass,0.0688706747855689,config,TabPFN-v2.6,tabarena-2026-03-18,default,TABPFN-V2.6,False,
SDSS17,0,TA-LIMIX (default),0.06180355015973231,204.90531373023987,83.04578852653503,log_loss,multiclass,0.06209818888915907,config,LimiX,tabarena-2026-05-13,default,TA-LIMIX,False,
SDSS17,0,TA-ORION-MSP (default),0.10266212074985064,873.3225440979004,175.98756551742554,log_loss,multiclass,0.10335789805804406,config,OrionMSP,tabarena-2026-05-13,default,TA-ORION-MSP,False,
SDSS17,0,TA-TABPFN-3 (default),0.06473344887449273,48.18224334716797,7.093390703201294,log_loss,multiclass,0.06423968824229799,config,TabPFN-3,tabarena-2026-07-13,default,TA-TABPFN-3,False,
SDSS17,0,TA-ILTM (default),0.07787989072014215,2730.7795791625977,202.53672218322754,log_loss,multiclass,0.07925597295493608,config,iLTM,tabarena-2026-05-13,default,TA-ILTM,False,
SDSS17,0,TA-ILTM (tuned),0.07787988628889549,63973.27391219139,202.53672218322754,log_loss,multiclass,0.07925597295493608,hpo,iLTM,tabarena-2026-05-13,tuned,TA-ILTM,False,
SDSS17,0,TA-ILTM (tuned + ensemble),0.07389871698747469,63973.27391219139,565.6459136009216,log_loss,multiclass,0.07525158378089948,hpo,iLTM,tabarena-2026-05-13,tuned_ensemble,TA-ILTM,False,
SDSS17,0,TA-NORI (default),0.08515163305344084,9.246267557144165,0.18109393119812012,log_loss,multiclass,0.09218614320911295,config,Nori,tabarena-2026-07-13,default,TA-NORI,True,
SDSS17,0,TA-NORI-30M (default),0.08515163305344084,9.246267557144165,0.18109393119812012,log_loss,multiclass,0.09218614320911295,config,Nori-30M,tabarena-2026-07-13,default,TA-NORI-30M,True,
SDSS17,0,TABFM (default),0.07146836535506461,1855.1023452281952,460.6062409877777,log_loss,multiclass,0.07008852451900244,config,TabFM,tabarena-2026-07-13,default,TABFM,False,
SDSS17,0,TA-TABSWIFT (default),0.08074589028596468,30.115040063858032,5.189595699310303,log_loss,multiclass,0.08030055128943549,config,TabSwift,tabarena-2026-07-13,default,TA-TABSWIFT,False,
SDSS17,0,TA-EXAONE-TABULAR (default),0.0695628200336147,87.30773711204529,15.500521183013916,log_loss,multiclass,0.06841946378192847,config,EXAONE-Tabular,tabarena-2026-08-06,default,TA-EXAONE-TABULAR,False,
SDSS17,0,[Leakage] TabSTAR_base (default),0.09784021228551865,3280.236387491226,73.97557544708252,log_loss,multiclass,0.09990088641643524,config,[Leakage] TabSTAR_base,[Leakage] TabSTAR_base,default,[Leakage] TabSTAR_base,False,
SDSS17,0,[Leakage] TabSTAR_correct (default),0.09819334745407104,3312.2740976810455,72.14129281044006,log_loss,multiclass,0.10063034296035767,config,[Leakage] TabSTAR_correct,[Leakage] TabSTAR_correct,default,[Leakage] TabSTAR_correct,False,
SDSS17,0,[Leakage] TabSTAR_wrong (default),0.08515163305344084,9.246267557144165,0.18109393119812012,log_loss,multiclass,0.09218614320911295,config,[Leakage] TabSTAR_wrong,[Leakage] TabSTAR_wrong,default,[Leakage] TabSTAR_wrong,True,
airfoil_self_noise,0,"AutoGluon 1.4 (best, 4h)",1.1088679729322213,8839.985839605331,7.836872577667236,rmse,regression,1.2916266033095662,baseline,AutoGluon_v140_bq_4h8c,tabarena-2025-11-01,,,False,
airfoil_self_noise,0,"AutoGluon 1.5 (extreme, 4h)",0.8951430946880906,294.236328125,1.6253330707550049,rmse,regression,1.224618850736937,baseline,AutoGluon_v150_eq_4h8c,tabarena-2025-12-18,,,False,
airfoil_self_noise,0,"AutoGluon 1.6 (extreme, 4h)",0.8719405252582335,31.04366898536682,1.1785683631896973,rmse,regression,1.1684142281753918,baseline,AutoGluon_16_extreme,tabarena-2026-08-05,,,False,
airfoil_self_noise,0,"AutoGluon 1.6 (noncommercial, 4h)",0.8463943484086073,44.91857600212097,1.2901597023010254,rmse,regression,1.1537731817263726,baseline,AutoGluon_16_noncommercial,tabarena-2026-08-05,,,False,
airfoil_self_noise,0,TabFM+,0.7975475336443602,253.38985228538513,1.9185216426849365,rmse,regression,,baseline,TabFM+,tabarena-2026-07-07,,,False,
airfoil_self_noise,0,CAT (default),1.4748402528275302,53.315539836883545,0.03559565544128418,rmse,regression,1.8250862091636737,config,CatBoost,tabarena-2026-07-13,default,CAT,False,
airfoil_self_noise,0,CAT (tuned),1.186459754370705,11041.56008553505,0.055533647537231445,rmse,regression,1.4972303214826728,hpo,CatBoost,tabarena-2026-07-13,tuned,CAT,False,
airfoil_self_noise,0,CAT (tuned + ensemble),1.1814288651917952,11041.56008553505,0.3606448173522949,rmse,regression,1.4863248717529962,hpo,CatBoost,tabarena-2026-07-13,tuned_ensemble,CAT,False,
airfoil_self_noise,0,CHIMERA (default),1.6285485704481462,11.988627195358276,0.03141427040100098,rmse,regression,1.9990491342580445,config,ChimeraBoost,tabarena-2026-08-10,default,CHIMERA,False,
airfoil_self_noise,0,CHIMERA (tuned),1.5863371120069778,1769.6069157123566,0.02105712890625,rmse,regression,1.909422929408313,hpo,ChimeraBoost,tabarena-2026-08-10,tuned,CHIMERA,False,
airfoil_self_noise,0,CHIMERA (tuned + ensemble),1.5707692097821933,1769.6069157123566,0.2614262104034424,rmse,regression,1.7797667712200524,hpo,ChimeraBoost,tabarena-2026-08-10,tuned_ensemble,CHIMERA,False,
airfoil_self_noise,0,EBM (default),1.9173663355495552,18.38589382171631,0.004864931106567383,rmse,regression,2.1242511644527036,config,ExplainableBM,tabarena-2026-07-13,default,EBM,False,
airfoil_self_noise,0,EBM (tuned),1.8751122184601094,5553.059006929398,0.005217075347900391,rmse,regression,2.067618281312544,hpo,ExplainableBM,tabarena-2026-07-13,tuned,EBM,False,
airfoil_self_noise,0,EBM (tuned + ensemble),1.8230917753090727,5553.059006929398,0.04526948928833008,rmse,regression,2.0128098163692476,hpo,ExplainableBM,tabarena-2026-07-13,tuned_ensemble,EBM,False,
airfoil_self_noise,0,XT (default),1.7983916609141695,7.508938312530518,0.476489782333374,rmse,regression,2.0512158435370926,config,ExtraTrees,tabarena-2026-07-13,default,XT,False,
airfoil_self_noise,0,XT (tuned),1.5319298216988906,1406.448572397232,0.19906854629516602,rmse,regression,1.8654966160810578,hpo,ExtraTrees,tabarena-2026-07-13,tuned,XT,False,
airfoil_self_noise,0,XT (tuned + ensemble),1.5541873627155574,1406.448572397232,1.0497894287109375,rmse,regression,1.8254388362040594,hpo,ExtraTrees,tabarena-2026-07-13,tuned_ensemble,XT,False,
airfoil_self_noise,0,KNN (default),3.2473637575363417,0.40355992317199707,0.01814436912536621,rmse,regression,3.4512328476228307,config,KNeighbors,tabarena-2025-10-20,default,KNN,False,
airfoil_self_noise,0,KNN (tuned),2.553026758666722,86.88036584854126,0.017575979232788086,rmse,regression,2.5481738894685564,hpo,KNeighbors,tabarena-2025-10-20,tuned,KNN,False,
airfoil_self_noise,0,KNN (tuned + ensemble),2.226101772909643,86.88036584854126,0.18981456756591797,rmse,regression,2.210278369429156,hpo,KNeighbors,tabarena-2025-10-20,tuned_ensemble,KNN,False,
airfoil_self_noise,0,GBM (default),1.48537141921174,11.884250402450562,1.779815912246704,rmse,regression,1.6528222359883165,config,LightGBM,tabarena-2025-06-12,default,GBM,False,
airfoil_self_noise,0,GBM (tuned),1.387637675978781,1429.907339334488,1.6520063877105713,rmse,regression,1.6392286481547198,hpo,LightGBM,tabarena-2025-06-12,tuned,GBM,False,
airfoil_self_noise,0,GBM (tuned + ensemble),1.3395871120326175,1429.907339334488,9.91017484664917,rmse,regression,1.5758801016128712,hpo,LightGBM,tabarena-2025-06-12,tuned_ensemble,GBM,False,
airfoil_self_noise,0,LR (default),5.424097983642563,7.511916160583496,0.07705092430114746,rmse,regression,5.324660310188381,config,LinearModel,tabarena-2025-10-20,default,LR,False,
airfoil_self_noise,0,LR (tuned),4.7521850275766075,754.9823751449585,0.045449256896972656,rmse,regression,4.806881883354186,hpo,LinearModel,tabarena-2025-10-20,tuned,LR,False,
airfoil_self_noise,0,LR (tuned + ensemble),4.73505463317741,754.9823751449585,0.29565882682800293,rmse,regression,4.770771986854563,hpo,LinearModel,tabarena-2025-10-20,tuned_ensemble,LR,False,
airfoil_self_noise,0,FASTAI (default),2.3118411429582046,6.8966357707977295,0.4468669891357422,rmse,regression,2.5216728529058092,config,NeuralNetFastAI,tabarena-2025-06-12,default,FASTAI,False,
airfoil_self_noise,0,FASTAI (tuned),1.5302536185802997,2167.720710515976,0.4167633056640625,rmse,regression,1.7808127454082927,hpo,NeuralNetFastAI,tabarena-2025-06-12,tuned,FASTAI,False,
airfoil_self_noise,0,FASTAI (tuned + ensemble),1.557922335141785,2167.720710515976,1.696965217590332,rmse,regression,1.764832827255755,hpo,NeuralNetFastAI,tabarena-2025-06-12,tuned_ensemble,FASTAI,False,
airfoil_self_noise,0,NN_TORCH (default),1.4743240449401513,79.02296853065491,0.08278059959411621,rmse,regression,1.549722013694731,config,NeuralNetTorch,tabarena-2025-06-12,default,NN_TORCH,False,
airfoil_self_noise,0,NN_TORCH (tuned),1.24910343833217,14160.44752573967,0.06142163276672363,rmse,regression,1.4514376526877926,hpo,NeuralNetTorch,tabarena-2025-06-12,tuned,NN_TORCH,False,
airfoil_self_noise,0,NN_TORCH (tuned + ensemble),1.251028764856233,14160.44752573967,0.42664289474487305,rmse,regression,1.3240375129487032,hpo,NeuralNetTorch,tabarena-2025-06-12,tuned_ensemble,NN_TORCH,False,
airfoil_self_noise,0,RF (default),1.7727015604892042,1.6291213035583496,0.07475042343139648,rmse,regression,1.9233489200596416,config,RandomForest,tabarena-2025-06-12,default,RF,False,
airfoil_self_noise,0,RF (tuned),1.7727015604892042,629.7653195858002,0.07475042343139648,rmse,regression,1.9233489200596416,hpo,RandomForest,tabarena-2025-06-12,tuned,RF,False,
airfoil_self_noise,0,RF (tuned + ensemble),1.7501195481092064,629.7653195858002,0.3887789249420166,rmse,regression,1.895872982039452,hpo,RandomForest,tabarena-2025-06-12,tuned_ensemble,RF,False,
airfoil_self_noise,0,XGB (default),1.4270140038469383,4.206391334533691,0.5015158653259277,rmse,regression,1.7960161055943085,config,XGBoost,tabarena-2025-06-12,default,XGB,False,
airfoil_self_noise,0,XGB (tuned),1.3029304493781608,1646.6080114841461,1.905684232711792,rmse,regression,1.5859919831170797,hpo,XGBoost,tabarena-2025-06-12,tuned,XGB,False,
airfoil_self_noise,0,XGB (tuned + ensemble),1.3129289996153388,1646.6080114841461,11.448588609695435,rmse,regression,1.5751189505942949,hpo,XGBoost,tabarena-2025-06-12,tuned_ensemble,XGB,False,
airfoil_self_noise,0,MITRA_GPU (default),1.0591131919058265,105.82482028007507,0.802722692489624,rmse,regression,1.3923581397695826,config,Mitra_GPU,tabarena-2025-09-03,default,MITRA_GPU,False,
airfoil_self_noise,0,MNCA_GPU (default),1.453374096711406,48.77282381057739,0.13974428176879883,rmse,regression,1.715430050388581,config,ModernNCA_GPU,tabarena-2025-06-12,default,MNCA_GPU,False,
airfoil_self_noise,0,MNCA_GPU (tuned),1.40208685318452,13265.27712059021,0.2758302688598633,rmse,regression,1.6158137035133702,hpo,ModernNCA_GPU,tabarena-2025-06-12,tuned,MNCA_GPU,False,
airfoil_self_noise,0,MNCA_GPU (tuned + ensemble),1.3085769117138073,13265.27712059021,3.8368866443634033,rmse,regression,1.4457789836356663,hpo,ModernNCA_GPU,tabarena-2025-06-12,tuned_ensemble,MNCA_GPU,False,
airfoil_self_noise,0,REALMLP_GPU (default),1.1261888658361736,41.57307410240173,4.847859859466553,rmse,regression,1.3431143627327033,config,RealMLP_GPU,tabarena-2025-09-03,default,REALMLP_GPU,False,
airfoil_self_noise,0,REALMLP_GPU (tuned),1.0574588562226745,5005.69155216217,0.3061833381652832,rmse,regression,1.2556237161242494,hpo,RealMLP_GPU,tabarena-2025-09-03,tuned,REALMLP_GPU,False,
airfoil_self_noise,0,REALMLP_GPU (tuned + ensemble),1.0118973418753692,5005.69155216217,21.31805419921875,rmse,regression,1.1988465638676091,hpo,RealMLP_GPU,tabarena-2025-09-03,tuned_ensemble,REALMLP_GPU,False,
airfoil_self_noise,0,TABDPT_GPU (default),0.9921872891198709,39.06039595603943,18.612656593322754,rmse,regression,1.3517103595012194,config,TabDPT_GPU,tabarena-2025-10-20,default,TABDPT_GPU,False,
airfoil_self_noise,0,TABDPT_GPU (tuned),0.9867752054046761,10074.130833864212,7.945922613143921,rmse,regression,1.3044400411390158,hpo,TabDPT_GPU,tabarena-2025-10-20,tuned,TABDPT_GPU,False,
airfoil_self_noise,0,TABDPT_GPU (tuned + ensemble),0.9489951055067419,10074.130833864212,58.70348286628723,rmse,regression,1.2908091136334623,hpo,TabDPT_GPU,tabarena-2025-10-20,tuned_ensemble,TABDPT_GPU,False,
airfoil_self_noise,0,TABDPT_TURBO (default),1.0346306517799204,11.895784378051758,0.13048481941223145,rmse,regression,1.340517737582464,config,TabDPT-Turbo,tabarena-2026-07-13,default,TABDPT_TURBO,False,
airfoil_self_noise,0,TABICL_GPU (default),1.7727015604892042,1.6291213035583496,0.07475042343139648,rmse,regression,1.9233489200596416,config,TabICL_GPU,tabarena-2025-06-12,default,TABICL_GPU,True,RandomForest_c1_BAG_L1
airfoil_self_noise,0,TA-TABM (default),1.0874725901630606,39.065070152282715,0.22798609733581543,rmse,regression,1.2997797012175658,config,TabM,tabarena-2026-06-26,default,TA-TABM,False,
airfoil_self_noise,0,TA-TABM (tuned),0.9787970217519124,8277.99125957489,0.19784760475158691,rmse,regression,1.2772019271333612,hpo,TabM,tabarena-2026-06-26,tuned,TA-TABM,False,
airfoil_self_noise,0,TA-TABM (tuned + ensemble),0.9778687566789658,8277.99125957489,1.0573835372924805,rmse,regression,1.2269472485187658,hpo,TabM,tabarena-2026-06-26,tuned_ensemble,TA-TABM,False,
airfoil_self_noise,0,TABPFNV2_GPU (default),0.9686146785218831,12.875730276107788,0.44887351989746094,rmse,regression,1.3421683044759725,config,TabPFNv2_GPU,tabarena-2025-06-12,default,TABPFNV2_GPU,False,
airfoil_self_noise,0,TABPFNV2_GPU (tuned),0.9659417311494658,7449.2451322078705,0.20103001594543457,rmse,regression,1.2605605182909412,hpo,TabPFNv2_GPU,tabarena-2025-06-12,tuned,TABPFNV2_GPU,False,
airfoil_self_noise,0,TABPFNV2_GPU (tuned + ensemble),0.9148343706132448,7449.2451322078705,5.2166831493377686,rmse,regression,1.240520863870317,hpo,TabPFNv2_GPU,tabarena-2025-06-12,tuned_ensemble,TABPFNV2_GPU,False,
airfoil_self_noise,0,XRFM_GPU (default),1.5604451878710464,6.897503614425659,0.570244312286377,rmse,regression,1.847525282697446,config,xRFM_GPU,tabarena-2025-09-03,default,XRFM_GPU,False,
airfoil_self_noise,0,XRFM_GPU (tuned),1.1778388854329223,1639.8792531490326,0.05743122100830078,rmse,regression,1.4818804496955862,hpo,xRFM_GPU,tabarena-2025-09-03,tuned,XRFM_GPU,False,
airfoil_self_noise,0,XRFM_GPU (tuned + ensemble),1.1754813127660084,1639.8792531490326,0.42911839485168457,rmse,regression,1.424477911206979,hpo,xRFM_GPU,tabarena-2025-09-03,tuned_ensemble,XRFM_GPU,False,
airfoil_self_noise,0,BETA_GPU (default),1.7727015604892042,1.6291213035583496,0.07475042343139648,rmse,regression,1.9233489200596416,config,BetaTabPFN_GPU,tabarena-2025-09-03,default,BETA_GPU,True,
airfoil_self_noise,0,TABFLEX_GPU (default),1.7727015604892042,1.6291213035583496,0.07475042343139648,rmse,regression,1.9233489200596416,config,TabFlex_GPU,tabarena-2025-09-03,default,TABFLEX_GPU,True,
airfoil_self_noise,0,REALTABPFN-V2.5 (default),0.9770421145051592,8.677883625030518,0.26011204719543457,rmse,regression,1.3055775717634166,config,RealTabPFN-v2.5,tabarena-2025-11-12,default,REALTABPFN-V2.5,False,
airfoil_self_noise,0,REALTABPFN-V2.5 (tuned),0.904754868538982,2117.007420539856,0.7465939521789551,rmse,regression,1.153658353734658,hpo,RealTabPFN-v2.5,tabarena-2025-11-12,tuned,REALTABPFN-V2.5,False,
airfoil_self_noise,0,REALTABPFN-V2.5 (tuned + ensemble),0.870428852383852,2117.007420539856,3.3330347537994385,rmse,regression,1.143525861156734,hpo,RealTabPFN-v2.5,tabarena-2025-11-12,tuned_ensemble,REALTABPFN-V2.5,False,
airfoil_self_noise,0,SAP-RPT-OSS (default),1.2114601448808502,40.056100368499756,0.23302292823791504,rmse,regression,1.6237804036880104,config,SAP-RPT-OSS,tabarena-2025-11-25,default,SAP-RPT-OSS,False,
airfoil_self_noise,0,TABICLV2 (default),1.015387959211689,6.444267749786377,0.06104087829589844,rmse,regression,1.2626823626865733,config,TabICLv2,tabarena-2026-07-13,default,TABICLV2,False,
airfoil_self_noise,0,TABSTAR (default),2.0560074279419838,416.37945556640625,2.296074151992798,rmse,regression,2.21109782873727,config,TabSTAR,tabarena-2026-03-18,default,TABSTAR,False,
airfoil_self_noise,0,TABSTAR (tuned),1.8595723351254725,127547.87502002716,3.1060736179351807,rmse,regression,2.0813089652121763,hpo,TabSTAR,tabarena-2026-03-18,tuned,TABSTAR,False,
airfoil_self_noise,0,TABSTAR (tuned + ensemble),1.8573291168441812,127547.87502002716,11.096570491790771,rmse,regression,2.049096810894516,hpo,TabSTAR,tabarena-2026-03-18,tuned_ensemble,TABSTAR,False,
airfoil_self_noise,0,PB (default),2.4882877409511837,35.6566743850708,0.01916337013244629,rmse,regression,2.8911019098650104,config,PerpetualBooster,tabarena-2026-03-18,default,PB,False,
airfoil_self_noise,0,PB (tuned),2.512350935211512,215.9026391506195,0.5437147617340088,rmse,regression,2.7229118982723124,hpo,PerpetualBooster,tabarena-2026-03-18,tuned,PB,False,
airfoil_self_noise,0,PB (tuned + ensemble),2.3977687477148244,215.9026391506195,0.5733563899993896,rmse,regression,2.5473456495495768,hpo,PerpetualBooster,tabarena-2026-03-18,tuned_ensemble,PB,False,
airfoil_self_noise,0,TABPFN-V2.6 (default),0.925066620986299,10.871652603149414,0.32996439933776855,rmse,regression,1.2863902561963232,config,TabPFN-v2.6,tabarena-2026-03-18,default,TABPFN-V2.6,False,
airfoil_self_noise,0,TA-LIMIX (default),1.3406383113414022,115.33221483230591,10.759422779083252,rmse,regression,1.7427580229185882,config,LimiX,tabarena-2026-05-13,default,TA-LIMIX,False,
airfoil_self_noise,0,TA-ORION-MSP (default),1.7727015604892042,1.6291213035583496,0.07475042343139648,rmse,regression,1.9233489200596416,config,OrionMSP,tabarena-2026-05-13,default,TA-ORION-MSP,True,
airfoil_self_noise,0,TA-TABPFN-3 (default),0.8659612538764476,35.57862734794617,0.20617008209228516,rmse,regression,1.2117069282601867,config,TabPFN-3,tabarena-2026-07-13,default,TA-TABPFN-3,False,
airfoil_self_noise,0,TA-ILTM (default),1.9250893039936552,1088.3602344989777,141.47622442245483,rmse,regression,1.9783841525443566,config,iLTM,tabarena-2026-05-13,default,TA-ILTM,False,
airfoil_self_noise,0,TA-ILTM (tuned),1.2608563478069754,45297.65707111359,113.94785666465759,rmse,regression,1.3263154940800286,hpo,iLTM,tabarena-2026-05-13,tuned,TA-ILTM,False,
airfoil_self_noise,0,TA-ILTM (tuned + ensemble),1.1763848198411153,45297.65707111359,1100.512759923935,rmse,regression,1.2731927638382001,hpo,iLTM,tabarena-2026-05-13,tuned_ensemble,TA-ILTM,False,
airfoil_self_noise,0,TA-NORI (default),0.9299439184749045,15.843845129013062,0.7268946170806885,rmse,regression,1.2819366337170282,config,Nori,tabarena-2026-07-13,default,TA-NORI,False,
airfoil_self_noise,0,TA-NORI-30M (default),0.8660009046316052,20.59022831916809,1.005375623703003,rmse,regression,1.171343137820589,config,Nori-30M,tabarena-2026-07-13,default,TA-NORI-30M,False,
airfoil_self_noise,0,TABFM (default),0.9271289591536664,78.49511361122131,1.7406339645385742,rmse,regression,1.3452891828248956,config,TabFM,tabarena-2026-07-13,default,TABFM,False,
airfoil_self_noise,0,TA-TABSWIFT (default),0.9808439312743926,4.644880056381226,0.036040544509887695,rmse,regression,1.243019929367559,config,TabSwift,tabarena-2026-07-13,default,TA-TABSWIFT,False,
airfoil_self_noise,0,TA-EXAONE-TABULAR (default),0.9768907516781028,11.345292091369629,0.26282548904418945,rmse,regression,1.3444971431719792,config,EXAONE-Tabular,tabarena-2026-08-06,default,TA-EXAONE-TABULAR,False,
airfoil_self_noise,0,[Leakage] TabSTAR_base (default),1.760542477286957,196.45797324180603,1.3527452945709229,rmse,regression,2.02281264457249,config,[Leakage] TabSTAR_base,[Leakage] TabSTAR_base,default,[Leakage] TabSTAR_base,False,
airfoil_self_noise,0,[Leakage] TabSTAR_correct (default),1.712477833446747,259.7978951931,1.363823413848877,rmse,regression,2.2489094527498676,config,[Leakage] TabSTAR_correct,[Leakage] TabSTAR_correct,default,[Leakage] TabSTAR_correct,False,
airfoil_self_noise,0,[Leakage] TabSTAR_wrong (default),1.8297428981480706,162.61961245536804,1.3403351306915283,rmse,regression,2.117897921761331,config,[Leakage] TabSTAR_wrong,[Leakage] TabSTAR_wrong,default,[Leakage] TabSTAR_wrong,False,
anneal,0,"AutoGluon 1.4 (best, 4h)",0.05280568110049505,14397.744809865952,3.63529896736145,log_loss,multiclass,0.010946483735152291,baseline,AutoGluon_v140_bq_4h8c,tabarena-2025-11-01,,,False,
anneal,0,"AutoGluon 1.5 (extreme, 4h)",0.02043374812121122,113.33433985710144,1.1849429607391357,log_loss,multiclass,0.021433158711069943,baseline,AutoGluon_v150_eq_4h8c,tabarena-2025-12-18,,,False,
anneal,0,"AutoGluon 1.6 (extreme, 4h)",0.0328169748489887,14.441425800323486,0.21886444091796875,log_loss,multiclass,0.02778536416262339,baseline,AutoGluon_16_extreme,tabarena-2026-08-05,,,False,
anneal,0,"AutoGluon 1.6 (noncommercial, 4h)",0.025493923987027496,21.108410358428955,0.35614871978759766,log_loss,multiclass,0.025127480165782128,baseline,AutoGluon_16_noncommercial,tabarena-2026-08-05,,,False,
anneal,0,TabFM+,0.01877456845477352,17.302325963974,2.361055850982666,log_loss,multiclass,,baseline,TabFM+,tabarena-2026-07-07,,,False,
anneal,0,CAT (default),0.05200776441463667,290.9613513946533,0.11009621620178223,log_loss,multiclass,0.032409485912303505,config,CatBoost,tabarena-2026-07-13,default,CAT,False,
anneal,0,CAT (tuned),0.019237741227496014,15467.5863199234,0.1160731315612793,log_loss,multiclass,0.015392904281627913,hpo,CatBoost,tabarena-2026-07-13,tuned,CAT,False,
anneal,0,CAT (tuned + ensemble),0.02121983131020319,15467.5863199234,0.3700070381164551,log_loss,multiclass,0.01436349709665864,hpo,CatBoost,tabarena-2026-07-13,tuned_ensemble,CAT,False,
anneal,0,CHIMERA (default),0.06541448831558228,8.626335144042969,0.04682302474975586,log_loss,multiclass,0.05422569811344147,config,ChimeraBoost,tabarena-2026-08-10,default,CHIMERA,False,
anneal,0,CHIMERA (tuned),0.048096328619897495,2008.0033428668976,0.03685808181762695,log_loss,multiclass,0.022063098104378585,hpo,ChimeraBoost,tabarena-2026-08-10,tuned,CHIMERA,False,
anneal,0,CHIMERA (tuned + ensemble),0.043785289172338274,2008.0033428668976,0.10785222053527832,log_loss,multiclass,0.019281161526380097,hpo,ChimeraBoost,tabarena-2026-08-10,tuned_ensemble,CHIMERA,False,
anneal,0,EBM (default),0.07275739474780796,61.311134338378906,0.02429795265197754,log_loss,multiclass,0.021851497505872085,config,ExplainableBM,tabarena-2026-07-13,default,EBM,False,
anneal,0,EBM (tuned),0.07203985780220885,22155.413081884384,0.02752971649169922,log_loss,multiclass,0.01250136226874732,hpo,ExplainableBM,tabarena-2026-07-13,tuned,EBM,False,
anneal,0,EBM (tuned + ensemble),0.05042681105527699,22155.413081884384,0.09288597106933594,log_loss,multiclass,0.010363753420835339,hpo,ExplainableBM,tabarena-2026-07-13,tuned_ensemble,EBM,False,
anneal,0,XT (default),0.0815171499785232,11.908569097518921,0.625032901763916,log_loss,multiclass,0.06472127060630953,config,ExtraTrees,tabarena-2026-07-13,default,XT,False,
anneal,0,XT (tuned),0.0403513810688445,1646.365272283554,0.13885116577148438,log_loss,multiclass,0.030095903523368807,hpo,ExtraTrees,tabarena-2026-07-13,tuned,XT,False,
anneal,0,XT (tuned + ensemble),0.025714366318957484,1646.365272283554,0.5550777912139893,log_loss,multiclass,0.027414149138970223,hpo,ExtraTrees,tabarena-2026-07-13,tuned_ensemble,XT,False,
anneal,0,KNN (default),0.18054473476045046,0.5306167602539062,0.02108931541442871,log_loss,multiclass,0.12505355006856336,config,KNeighbors,tabarena-2025-10-20,default,KNN,False,
anneal,0,KNN (tuned),0.08581547439098358,108.04735088348389,0.0407562255859375,log_loss,multiclass,0.054277725517749786,hpo,KNeighbors,tabarena-2025-10-20,tuned,KNN,False,
anneal,0,KNN (tuned + ensemble),0.07725414633750916,108.04735088348389,0.24050426483154297,log_loss,multiclass,0.02876388281583786,hpo,KNeighbors,tabarena-2025-10-20,tuned_ensemble,KNN,False,
anneal,0,GBM (default),0.07258413190361404,4.25118613243103,0.24890422821044922,log_loss,multiclass,0.04837241281001002,config,LightGBM,tabarena-2025-06-12,default,GBM,False,
anneal,0,GBM (tuned),0.04346644381205891,1757.0403192043304,1.4323420524597168,log_loss,multiclass,0.030829140856676384,hpo,LightGBM,tabarena-2025-06-12,tuned,GBM,False,
anneal,0,GBM (tuned + ensemble),0.0444048792788039,1757.0403192043304,2.5586230754852295,log_loss,multiclass,0.029826802647434206,hpo,LightGBM,tabarena-2025-06-12,tuned_ensemble,GBM,False,
anneal,0,LR (default),0.10165076885028021,8.015482425689697,0.10048627853393555,log_loss,multiclass,0.09018545832078034,config,LinearModel,tabarena-2025-10-20,default,LR,False,
anneal,0,LR (tuned),0.07239768654108047,815.043283700943,0.060597896575927734,log_loss,multiclass,0.043680403381586075,hpo,LinearModel,tabarena-2025-10-20,tuned,LR,False,
anneal,0,LR (tuned + ensemble),0.05425482988357544,815.043283700943,0.33415985107421875,log_loss,multiclass,0.03047705814242363,hpo,LinearModel,tabarena-2025-10-20,tuned_ensemble,LR,False,
anneal,0,FASTAI (default),0.11476169357130345,7.640486478805542,0.6894059181213379,log_loss,multiclass,0.06304212928305696,config,NeuralNetFastAI,tabarena-2025-06-12,default,FASTAI,False,
anneal,0,FASTAI (tuned),0.08061211093167875,2084.1779708862305,0.37052226066589355,log_loss,multiclass,0.028206298066809184,hpo,NeuralNetFastAI,tabarena-2025-06-12,tuned,FASTAI,False,
anneal,0,FASTAI (tuned + ensemble),0.08526936687443813,2084.1779708862305,1.9319097995758057,log_loss,multiclass,0.02269034460976628,hpo,NeuralNetFastAI,tabarena-2025-06-12,tuned_ensemble,FASTAI,False,
anneal,0,NN_TORCH (default),0.057056382624834076,55.98909544944763,0.11698698997497559,log_loss,multiclass,0.032794891209862446,config,NeuralNetTorch,tabarena-2025-06-12,default,NN_TORCH,False,
anneal,0,NN_TORCH (tuned),0.06393561637454895,6988.7735233306885,0.09615969657897949,log_loss,multiclass,0.022845539160517337,hpo,NeuralNetTorch,tabarena-2025-06-12,tuned,NN_TORCH,False,
anneal,0,NN_TORCH (tuned + ensemble),0.05635070620970603,6988.7735233306885,0.4444007873535156,log_loss,multiclass,0.011949490767611757,hpo,NeuralNetTorch,tabarena-2025-06-12,tuned_ensemble,NN_TORCH,False,
anneal,0,RF (default),0.05355503214432793,0.6004409790039062,0.057123422622680664,log_loss,multiclass,0.051113556859476716,config,RandomForest,tabarena-2025-06-12,default,RF,False,
anneal,0,RF (tuned),0.023539500662349788,666.2635672092438,0.13577842712402344,log_loss,multiclass,0.03126349589836929,hpo,RandomForest,tabarena-2025-06-12,tuned,RF,False,
anneal,0,RF (tuned + ensemble),0.023006393800036065,666.2635672092438,0.27147459983825684,log_loss,multiclass,0.031261445912657324,hpo,RandomForest,tabarena-2025-06-12,tuned_ensemble,RF,False,
anneal,0,XGB (default),0.048919027940115434,7.9222142696380615,1.196349859237671,log_loss,multiclass,0.035324784650477184,config,XGBoost,tabarena-2025-06-12,default,XGB,False,
anneal,0,XGB (tuned),0.038616225868098306,2462.4207258224487,3.1817710399627686,log_loss,multiclass,0.03009553553922437,hpo,XGBoost,tabarena-2025-06-12,tuned,XGB,False,
anneal,0,XGB (tuned + ensemble),0.03892136917445271,2462.4207258224487,5.026107549667358,log_loss,multiclass,0.03008647348075698,hpo,XGBoost,tabarena-2025-06-12,tuned_ensemble,XGB,False,
anneal,0,MITRA_GPU (default),0.02933883162895879,121.3599214553833,1.4749712944030762,log_loss,multiclass,0.019093098198825983,config,Mitra_GPU,tabarena-2025-09-03,default,MITRA_GPU,False,
anneal,0,MNCA_GPU (default),0.10373663359923335,60.57426834106445,0.1950359344482422,log_loss,multiclass,0.028123481904367895,config,ModernNCA_GPU,tabarena-2025-06-12,default,MNCA_GPU,False,
anneal,0,MNCA_GPU (tuned),0.04072477790727136,12846.771762132645,0.27548933029174805,log_loss,multiclass,0.0036732172085187716,hpo,ModernNCA_GPU,tabarena-2025-06-12,tuned,MNCA_GPU,False,
anneal,0,MNCA_GPU (tuned + ensemble),0.04072477790727136,12846.771762132645,0.27548933029174805,log_loss,multiclass,0.0036732172085187716,hpo,ModernNCA_GPU,tabarena-2025-06-12,tuned_ensemble,MNCA_GPU,False,
anneal,0,REALMLP_GPU (default),0.03160915622542364,17.07318377494812,3.3558192253112793,log_loss,multiclass,0.032958915024091526,config,RealMLP_GPU,tabarena-2025-09-03,default,REALMLP_GPU,False,
anneal,0,REALMLP_GPU (tuned),0.029962634667754173,4074.6418476104736,0.9054093360900879,log_loss,multiclass,0.009595219045877457,hpo,RealMLP_GPU,tabarena-2025-09-03,tuned,REALMLP_GPU,False,
anneal,0,REALMLP_GPU (tuned + ensemble),0.029990119859576225,4074.6418476104736,6.137663841247559,log_loss,multiclass,0.009152227081358433,hpo,RealMLP_GPU,tabarena-2025-09-03,tuned_ensemble,REALMLP_GPU,False,
anneal,0,TABDPT_GPU (default),0.0676078146117423,36.770620822906494,15.15994143486023,log_loss,multiclass,0.05333831988907928,config,TabDPT_GPU,tabarena-2025-10-20,default,TABDPT_GPU,False,
anneal,0,TABDPT_GPU (tuned),0.032958396901759314,7218.893003463745,21.184640884399414,log_loss,multiclass,0.028800580473235058,hpo,TabDPT_GPU,tabarena-2025-10-20,tuned,TABDPT_GPU,False,
anneal,0,TABDPT_GPU (tuned + ensemble),0.03276921195620291,7218.893003463745,86.2462830543518,log_loss,multiclass,0.01641732105749311,hpo,TabDPT_GPU,tabarena-2025-10-20,tuned_ensemble,TABDPT_GPU,False,
anneal,0,TABDPT_TURBO (default),0.046426616759121575,7.617070198059082,0.14400744438171387,log_loss,multiclass,0.028157853474223636,config,TabDPT-Turbo,tabarena-2026-07-13,default,TABDPT_TURBO,False,
anneal,0,TABICL_GPU (default),0.042555178904666896,12.313645839691162,0.8204135894775391,log_loss,multiclass,0.03207618784977717,config,TabICL_GPU,tabarena-2025-06-12,default,TABICL_GPU,False,
anneal,0,TA-TABM (default),0.042733117068036425,12.922273397445679,0.3192288875579834,log_loss,multiclass,0.03302291589201098,config,TabM,tabarena-2026-06-26,default,TA-TABM,False,
anneal,0,TA-TABM (tuned),0.02688189753554962,5995.411287546158,0.27189207077026367,log_loss,multiclass,0.017590390387460072,hpo,TabM,tabarena-2026-06-26,tuned,TA-TABM,False,
anneal,0,TA-TABM (tuned + ensemble),0.02709294230188546,5995.411287546158,0.6759474277496338,log_loss,multiclass,0.016373934598724993,hpo,TabM,tabarena-2026-06-26,tuned_ensemble,TA-TABM,False,
anneal,0,TABPFNV2_GPU (default),0.018732650610432378,5.377156734466553,0.16907811164855957,log_loss,multiclass,0.0293272666999117,config,TabPFNv2_GPU,tabarena-2025-06-12,default,TABPFNV2_GPU,False,
anneal,0,TABPFNV2_GPU (tuned),0.023035964382117823,1778.827838420868,0.14274859428405762,log_loss,multiclass,0.015568321558795343,hpo,TabPFNv2_GPU,tabarena-2025-06-12,tuned,TABPFNV2_GPU,False,
anneal,0,TABPFNV2_GPU (tuned + ensemble),0.025444212742377244,1778.827838420868,2.0698227882385254,log_loss,multiclass,0.014016441706930807,hpo,TabPFNv2_GPU,tabarena-2025-06-12,tuned_ensemble,TABPFNV2_GPU,False,
anneal,0,XRFM_GPU (default),0.0351097915833094,6.923040866851807,0.5119247436523438,log_loss,multiclass,0.025041498369404593,config,xRFM_GPU,tabarena-2025-09-03,default,XRFM_GPU,False,
anneal,0,XRFM_GPU (tuned),0.024808423593640327,1497.0440063476562,0.707730770111084,log_loss,multiclass,0.023762835189700127,hpo,xRFM_GPU,tabarena-2025-09-03,tuned,XRFM_GPU,False,
anneal,0,XRFM_GPU (tuned + ensemble),0.026894191280007362,1497.0440063476562,1.5566744804382324,log_loss,multiclass,0.023248376324772835,hpo,xRFM_GPU,tabarena-2025-09-03,tuned_ensemble,XRFM_GPU,False,
anneal,0,BETA_GPU (default),0.04547900873738865,470.0780863761902,2.1321582794189453,log_loss,multiclass,0.021610666608799563,config,BetaTabPFN_GPU,tabarena-2025-09-03,default,BETA_GPU,False,
anneal,0,TABFLEX_GPU (default),0.11935285858258539,4.799879550933838,0.39308762550354004,log_loss,multiclass,0.08963254585594324,config,TabFlex_GPU,tabarena-2025-09-03,default,TABFLEX_GPU,False,
anneal,0,REALTABPFN-V2.5 (default),0.01724696349112164,8.161438703536987,0.28434038162231445,log_loss,multiclass,0.020277538812672295,config,RealTabPFN-v2.5,tabarena-2025-11-12,default,REALTABPFN-V2.5,False,
anneal,0,REALTABPFN-V2.5 (tuned),0.022725010286512803,2020.7212193012238,0.338916540145874,log_loss,multiclass,0.017533119349872468,hpo,RealTabPFN-v2.5,tabarena-2025-11-12,tuned,REALTABPFN-V2.5,False,
anneal,0,REALTABPFN-V2.5 (tuned + ensemble),0.010615817792250088,2020.7212193012238,1.7786262035369873,log_loss,multiclass,0.014512971779936417,hpo,RealTabPFN-v2.5,tabarena-2025-11-12,tuned_ensemble,REALTABPFN-V2.5,False,
anneal,0,SAP-RPT-OSS (default),0.014985614901453241,21.853901147842407,0.3370041847229004,log_loss,multiclass,0.01802689485737083,config,SAP-RPT-OSS,tabarena-2025-11-25,default,SAP-RPT-OSS,False,
anneal,0,TABICLV2 (default),0.032077839941247376,5.153362989425659,0.0768287181854248,log_loss,multiclass,0.029096265376975544,config,TabICLv2,tabarena-2026-07-13,default,TABICLV2,False,
anneal,0,TABSTAR (default),0.07459122219105464,145.5962679386139,1.883326768875122,log_loss,multiclass,0.0601946416260852,config,TabSTAR,tabarena-2026-03-18,default,TABSTAR,False,
anneal,0,TABSTAR (tuned),0.04266228045149771,23907.90008854866,2.063168525695801,log_loss,multiclass,0.030932542269149047,hpo,TabSTAR,tabarena-2026-03-18,tuned,TABSTAR,False,
anneal,0,TABSTAR (tuned + ensemble),0.04266228045149771,23907.90008854866,2.063168525695801,log_loss,multiclass,0.030932542269149047,hpo,TabSTAR,tabarena-2026-03-18,tuned_ensemble,TABSTAR,False,
anneal,0,PB (default),0.16594659207865997,163.85210299491882,0.15204596519470215,log_loss,multiclass,0.15726060156642738,config,PerpetualBooster,tabarena-2026-03-18,default,PB,False,
anneal,0,PB (tuned),0.08866621259578905,1005.7356116771698,0.5460925102233887,log_loss,multiclass,0.06819217129235856,hpo,PerpetualBooster,tabarena-2026-03-18,tuned,PB,False,
anneal,0,PB (tuned + ensemble),0.08363028965960172,1005.7356116771698,2.43558669090271,log_loss,multiclass,0.06066847577315927,hpo,PerpetualBooster,tabarena-2026-03-18,tuned_ensemble,PB,False,
anneal,0,TABPFN-V2.6 (default),0.025046934925578346,8.924304723739624,0.25899767875671387,log_loss,multiclass,0.029173896274515727,config,TabPFN-v2.6,tabarena-2026-03-18,default,TABPFN-V2.6,False,
anneal,0,TA-LIMIX (default),0.0206264504208548,43.15771842002869,3.3051815032958984,log_loss,multiclass,0.01935350089408483,config,LimiX,tabarena-2026-05-13,default,TA-LIMIX,False,
anneal,0,TA-ORION-MSP (default),0.0468286933117017,18.928309202194214,1.0021889209747314,log_loss,multiclass,0.03469654106231422,config,OrionMSP,tabarena-2026-05-13,default,TA-ORION-MSP,False,
anneal,0,TA-TABPFN-3 (default),0.020656948269665895,11.83816647529602,0.20974016189575195,log_loss,multiclass,0.02554785536432012,config,TabPFN-3,tabarena-2026-07-13,default,TA-TABPFN-3,False,
anneal,0,TA-ILTM (default),0.15569374302135186,574.2698538303375,127.46120262145996,log_loss,multiclass,0.1525937144472522,config,iLTM,tabarena-2026-05-13,default,TA-ILTM,False,
anneal,0,TA-ILTM (tuned),0.05505177586742132,28477.4676425457,72.04448390007019,log_loss,multiclass,0.0539900688901428,hpo,iLTM,tabarena-2026-05-13,tuned,TA-ILTM,False,
anneal,0,TA-ILTM (tuned + ensemble),0.05613916907605616,28477.4676425457,672.6545040607452,log_loss,multiclass,0.04610123071551869,hpo,iLTM,tabarena-2026-05-13,tuned_ensemble,TA-ILTM,False,
anneal,0,TA-NORI (default),0.05355503214432793,0.6004409790039062,0.057123422622680664,log_loss,multiclass,0.051113556859476716,config,Nori,tabarena-2026-07-13,default,TA-NORI,True,
anneal,0,TA-NORI-30M (default),0.05355503214432793,0.6004409790039062,0.057123422622680664,log_loss,multiclass,0.051113556859476716,config,Nori-30M,tabarena-2026-07-13,default,TA-NORI-30M,True,
anneal,0,TABFM (default),0.01644571214229828,40.91915678977966,1.8593289852142334,log_loss,multiclass,0.01657125119195994,config,TabFM,tabarena-2026-07-13,default,TABFM,False,
anneal,0,TA-TABSWIFT (default),0.05251152951438023,3.908825159072876,0.02688002586364746,log_loss,multiclass,0.030476568174064526,config,TabSwift,tabarena-2026-07-13,default,TA-TABSWIFT,False,
anneal,0,TA-EXAONE-TABULAR (default),0.01800889498665905,10.216572761535645,0.22960400581359863,log_loss,multiclass,0.017728881695061,config,EXAONE-Tabular,tabarena-2026-08-06,default,TA-EXAONE-TABULAR,False,
anneal,0,[Leakage] TabSTAR_base (default),0.08017456531524658,140.79396867752075,1.5614776611328125,log_loss,multiclass,0.07328274846076965,config,[Leakage] TabSTAR_base,[Leakage] TabSTAR_base,default,[Leakage] TabSTAR_base,False,
anneal,0,[Leakage] TabSTAR_correct (default),0.09931129217147827,126.61319208145142,1.5666520595550537,log_loss,multiclass,0.13445664942264557,config,[Leakage] TabSTAR_correct,[Leakage] TabSTAR_correct,default,[Leakage] TabSTAR_correct,False,
anneal,0,[Leakage] TabSTAR_wrong (default),0.08788400888442993,124.46478605270386,1.5801677703857422,log_loss,multiclass,0.10112679749727249,config,[Leakage] TabSTAR_wrong,[Leakage] TabSTAR_wrong,default,[Leakage] TabSTAR_wrong,False,
bank-marketing,0,"AutoGluon 1.4 (best, 4h)",0.22441397162833998,9360.359641551971,4.440920114517212,roc_auc,binary,0.23629534006065833,baseline,AutoGluon_v140_bq_4h8c,tabarena-2025-11-01,,,False,
bank-marketing,0,"AutoGluon 1.5 (extreme, 4h)",0.2245423280978045,2405.3948366642,12.515256881713867,roc_auc,binary,0.2372540471770942,baseline,AutoGluon_v150_eq_4h8c,tabarena-2025-12-18,,,False,
bank-marketing,0,"AutoGluon 1.6 (extreme, 4h)",0.2210909392053637,61.67539930343628,6.668137311935425,roc_auc,binary,0.2376119932016043,baseline,AutoGluon_16_extreme,tabarena-2026-08-05,,,False,
bank-marketing,0,"AutoGluon 1.6 (noncommercial, 4h)",0.2205422222244955,82.8683135509491,8.08553171157837,roc_auc,binary,0.23691046055323983,baseline,AutoGluon_16_noncommercial,tabarena-2026-08-05,,,False,
bank-marketing,0,TabFM+,0.22161840906684693,110.17996191978455,192.83403086662292,roc_auc,binary,,baseline,TabFM+,tabarena-2026-07-07,,,False,
bank-marketing,0,CAT (default),0.22543074325620271,16.578909873962402,0.0885617733001709,roc_auc,binary,0.2396688827706417,config,CatBoost,tabarena-2026-07-13,default,CAT,False,
bank-marketing,0,CAT (tuned),0.2249948256764427,3171.531570672989,0.0887300968170166,roc_auc,binary,0.23850815300661232,hpo,CatBoost,tabarena-2026-07-13,tuned,CAT,False,
bank-marketing,0,CAT (tuned + ensemble),0.22511614949856795,3171.531570672989,1.3878276348114014,roc_auc,binary,0.23718481834862648,hpo,CatBoost,tabarena-2026-07-13,tuned_ensemble,CAT,False,
bank-marketing,0,CHIMERA (default),0.22617675796151082,14.532329797744751,0.3785214424133301,roc_auc,binary,0.24053820461605657,config,ChimeraBoost,tabarena-2026-08-10,default,CHIMERA,False,
bank-marketing,0,CHIMERA (tuned),0.2261222016670017,2547.03630900383,0.3653380870819092,roc_auc,binary,0.23851976307489764,hpo,ChimeraBoost,tabarena-2026-08-10,tuned,CHIMERA,False,
bank-marketing,0,CHIMERA (tuned + ensemble),0.22578614767945648,2547.03630900383,7.786014556884766,roc_auc,binary,0.23479387956841535,hpo,ChimeraBoost,tabarena-2026-08-10,tuned_ensemble,CHIMERA,False,
bank-marketing,0,EBM (default),0.22795851113144472,10.073607921600342,0.05313444137573242,roc_auc,binary,0.24207819305863043,config,ExplainableBM,tabarena-2026-07-13,default,EBM,False,
bank-marketing,0,EBM (tuned),0.22925933777864838,2262.7999398708344,0.05225372314453125,roc_auc,binary,0.24069332876844696,hpo,ExplainableBM,tabarena-2026-07-13,tuned,EBM,False,
bank-marketing,0,EBM (tuned + ensemble),0.22764195675697607,2262.7999398708344,0.7049033641815186,roc_auc,binary,0.23917859049274048,hpo,ExplainableBM,tabarena-2026-07-13,tuned_ensemble,EBM,False,
bank-marketing,0,XT (default),0.2696973157109681,9.416532516479492,0.8285133838653564,roc_auc,binary,0.2885978664925053,config,ExtraTrees,tabarena-2026-07-13,default,XT,False,
bank-marketing,0,XT (tuned),0.23568549387341342,1207.5294330120087,0.22123026847839355,roc_auc,binary,0.24849118131395154,hpo,ExtraTrees,tabarena-2026-07-13,tuned,XT,False,
bank-marketing,0,XT (tuned + ensemble),0.23456252927073062,1207.5294330120087,1.6533756256103516,roc_auc,binary,0.24727101588598344,hpo,ExtraTrees,tabarena-2026-07-13,tuned_ensemble,XT,False,
bank-marketing,0,KNN (default),0.2791268810626748,1.4662888050079346,0.4599933624267578,roc_auc,binary,0.29595694477307366,config,KNeighbors,tabarena-2025-10-20,default,KNN,False,
bank-marketing,0,KNN (tuned),0.24349855195660186,4447.310722351074,8.554084062576294,roc_auc,binary,0.25724042540739456,hpo,KNeighbors,tabarena-2025-10-20,tuned,KNN,False,
bank-marketing,0,KNN (tuned + ensemble),0.2363641656526868,4447.310722351074,56.00596380233765,roc_auc,binary,0.24839133152979975,hpo,KNeighbors,tabarena-2025-10-20,tuned_ensemble,KNN,False,
bank-marketing,0,GBM (default),0.22973338083140715,4.624828577041626,0.7885434627532959,roc_auc,binary,0.24510144631506559,config,LightGBM,tabarena-2025-06-12,default,GBM,False,
bank-marketing,0,GBM (tuned),0.2261296818464441,2631.2707855701447,0.39421963691711426,roc_auc,binary,0.23953828415488143,hpo,LightGBM,tabarena-2025-06-12,tuned,GBM,False,
bank-marketing,0,GBM (tuned + ensemble),0.2258252960829774,2631.2707855701447,8.037596464157104,roc_auc,binary,0.23767592583554453,hpo,LightGBM,tabarena-2025-06-12,tuned_ensemble,GBM,False,
bank-marketing,0,LR (default),0.2446933987395109,4.522815465927124,0.2404017448425293,roc_auc,binary,0.2568656690270147,config,LinearModel,tabarena-2025-10-20,default,LR,False,
bank-marketing,0,LR (tuned),0.24464760128759677,882.7400588989258,0.35434794425964355,roc_auc,binary,0.2565739574030804,hpo,LinearModel,tabarena-2025-10-20,tuned,LR,False,
bank-marketing,0,LR (tuned + ensemble),0.2439049750396428,882.7400588989258,1.496509075164795,roc_auc,binary,0.2558943128504093,hpo,LinearModel,tabarena-2025-10-20,tuned_ensemble,LR,False,
bank-marketing,0,FASTAI (default),0.23082731978052684,47.7672655582428,2.0070383548736572,roc_auc,binary,0.25272089596181047,config,NeuralNetFastAI,tabarena-2025-06-12,default,FASTAI,False,
bank-marketing,0,FASTAI (tuned),0.230066749626332,10219.534429311752,1.266336441040039,roc_auc,binary,0.2459689033032525,hpo,NeuralNetFastAI,tabarena-2025-06-12,tuned,FASTAI,False,
bank-marketing,0,FASTAI (tuned + ensemble),0.2286586005185235,10219.534429311752,37.787776708602905,roc_auc,binary,0.24058061679758536,hpo,NeuralNetFastAI,tabarena-2025-06-12,tuned_ensemble,FASTAI,False,
bank-marketing,0,NN_TORCH (default),0.2321698308465039,51.336708784103394,0.5226702690124512,roc_auc,binary,0.25138199241005244,config,NeuralNetTorch,tabarena-2025-06-12,default,NN_TORCH,False,
bank-marketing,0,NN_TORCH (tuned),0.23009609494568328,34037.35471367836,0.7915952205657959,roc_auc,binary,0.24711939233701818,hpo,NeuralNetTorch,tabarena-2025-06-12,tuned,NN_TORCH,False,
bank-marketing,0,NN_TORCH (tuned + ensemble),0.22880728773211356,34037.35471367836,14.712735891342163,roc_auc,binary,0.2411707322188208,hpo,NeuralNetTorch,tabarena-2025-06-12,tuned_ensemble,NN_TORCH,False,
bank-marketing,0,RF (default),0.2661095787043595,2.588822841644287,0.3305351734161377,roc_auc,binary,0.28027561609448104,config,RandomForest,tabarena-2025-06-12,default,RF,False,
bank-marketing,0,RF (tuned),0.22930016975532008,1024.627111196518,0.25214600563049316,roc_auc,binary,0.24706045752044914,hpo,RandomForest,tabarena-2025-06-12,tuned,RF,False,
bank-marketing,0,RF (tuned + ensemble),0.22903141607170474,1024.627111196518,3.01922869682312,roc_auc,binary,0.2453239877203307,hpo,RandomForest,tabarena-2025-06-12,tuned_ensemble,RF,False,
bank-marketing,0,XGB (default),0.22731097479993623,7.9115283489227295,0.5029788017272949,roc_auc,binary,0.2439316160477636,config,XGBoost,tabarena-2025-06-12,default,XGB,False,
bank-marketing,0,XGB (tuned),0.22509130081130324,1439.6962940692902,0.36553359031677246,roc_auc,binary,0.2389664390063171,hpo,XGBoost,tabarena-2025-06-12,tuned,XGB,False,
bank-marketing,0,XGB (tuned + ensemble),0.22489858496316006,1439.6962940692902,4.093252182006836,roc_auc,binary,0.23868372132238536,hpo,XGBoost,tabarena-2025-06-12,tuned_ensemble,XGB,False,
bank-marketing,0,MITRA_GPU (default),0.2661095787043595,2.588822841644287,0.3305351734161377,roc_auc,binary,0.28027561609448104,config,Mitra_GPU,tabarena-2025-09-03,default,MITRA_GPU,True,
bank-marketing,0,MNCA_GPU (default),0.23063283511502264,101.23532485961914,2.58868145942688,roc_auc,binary,0.24205579345924022,config,ModernNCA_GPU,tabarena-2025-06-12,default,MNCA_GPU,False,
bank-marketing,0,MNCA_GPU (tuned),0.22511614949856795,38789.54726409912,1.7353332042694092,roc_auc,binary,0.2392794579561225,hpo,ModernNCA_GPU,tabarena-2025-06-12,tuned,MNCA_GPU,False,
bank-marketing,0,MNCA_GPU (tuned + ensemble),0.22598676992809308,38789.54726409912,56.172078371047974,roc_auc,binary,0.23300452774547376,hpo,ModernNCA_GPU,tabarena-2025-06-12,tuned_ensemble,MNCA_GPU,False,
bank-marketing,0,REALMLP_GPU (default),0.22827088853961497,197.40360522270203,4.431281328201294,roc_auc,binary,0.24629013828118818,config,RealMLP_GPU,tabarena-2025-09-03,default,REALMLP_GPU,False,
bank-marketing,0,REALMLP_GPU (tuned),0.22672313072659944,48704.91604304314,4.134671688079834,roc_auc,binary,0.23857914012903791,hpo,RealMLP_GPU,tabarena-2025-09-03,tuned,REALMLP_GPU,False,
bank-marketing,0,REALMLP_GPU (tuned + ensemble),0.22554281808152454,48704.91604304314,27.27568244934082,roc_auc,binary,0.23463118942384265,hpo,RealMLP_GPU,tabarena-2025-09-03,tuned_ensemble,REALMLP_GPU,False,
bank-marketing,0,TABDPT_GPU (default),0.2281448336638251,1274.8224294185638,589.1560568809509,roc_auc,binary,0.24366404100452332,config,TabDPT_GPU,tabarena-2025-10-20,default,TABDPT_GPU,False,
bank-marketing,0,TABDPT_GPU (tuned),0.22919563904259843,136603.24211597443,671.1349012851715,roc_auc,binary,0.2435465017175229,hpo,TabDPT_GPU,tabarena-2025-10-20,tuned,TABDPT_GPU,False,
bank-marketing,0,TABDPT_GPU (tuned + ensemble),0.22756692054097338,136603.24211597443,5819.536832332611,roc_auc,binary,0.2386027971750162,hpo,TabDPT_GPU,tabarena-2025-10-20,tuned_ensemble,TABDPT_GPU,False,
bank-marketing,0,TABDPT_TURBO (default),0.22757544496199045,18.14369535446167,2.652540922164917,roc_auc,binary,0.24286081502743295,config,TabDPT-Turbo,tabarena-2026-07-13,default,TABDPT_TURBO,False,
bank-marketing,0,TABICL_GPU (default),0.2272537546238591,300.26698994636536,73.04769468307495,roc_auc,binary,0.24166264425842865,config,TabICL_GPU,tabarena-2025-06-12,default,TABICL_GPU,False,
bank-marketing,0,TA-TABM (default),0.2256274655822239,35.7177255153656,0.46578359603881836,roc_auc,binary,0.24375150280851754,config,TabM,tabarena-2026-06-26,default,TA-TABM,False,
bank-marketing,0,TA-TABM (tuned),0.22623340273916925,16340.934601545334,0.3811490535736084,roc_auc,binary,0.23955411945682914,hpo,TabM,tabarena-2026-06-26,tuned,TA-TABM,False,
bank-marketing,0,TA-TABM (tuned + ensemble),0.22508296818975904,16340.934601545334,8.38437008857727,roc_auc,binary,0.23745085888077622,hpo,TabM,tabarena-2026-06-26,tuned_ensemble,TA-TABM,False,
bank-marketing,0,TABPFNV2_GPU (default),0.2661095787043595,2.588822841644287,0.3305351734161377,roc_auc,binary,0.28027561609448104,config,TabPFNv2_GPU,tabarena-2025-06-12,default,TABPFNV2_GPU,True,RandomForest_c1_BAG_L1
bank-marketing,0,TABPFNV2_GPU (tuned),0.2661095787043596,2.588822841644287,0.3305351734161377,roc_auc,binary,0.2802756160944808,hpo,TabPFNv2_GPU,tabarena-2025-06-12,tuned,TABPFNV2_GPU,True,RandomForest_c1_BAG_L1
bank-marketing,0,TABPFNV2_GPU (tuned + ensemble),0.2661095787043596,2.588822841644287,0.3305351734161377,roc_auc,binary,0.2802756160944808,hpo,TabPFNv2_GPU,tabarena-2025-06-12,tuned_ensemble,TABPFNV2_GPU,True,RandomForest_c1_BAG_L1
bank-marketing,0,XRFM_GPU (default),0.285576607181552,65.48328232765198,0.8598501682281494,roc_auc,binary,0.3116781121302207,config,xRFM_GPU,tabarena-2025-09-03,default,XRFM_GPU,False,
bank-marketing,0,XRFM_GPU (tuned),0.22925467065814154,13986.10633444786,0.5014059543609619,roc_auc,binary,0.2435217523980252,hpo,xRFM_GPU,tabarena-2025-09-03,tuned,XRFM_GPU,False,
bank-marketing,0,XRFM_GPU (tuned + ensemble),0.22777593934431173,13986.10633444786,8.15576434135437,roc_auc,binary,0.23963851756680588,hpo,xRFM_GPU,tabarena-2025-09-03,tuned_ensemble,XRFM_GPU,False,
bank-marketing,0,BETA_GPU (default),0.22818862787680028,3444.1060180664062,9.19878625869751,roc_auc,binary,0.2409636105187496,config,BetaTabPFN_GPU,tabarena-2025-09-03,default,BETA_GPU,False,
bank-marketing,0,TABFLEX_GPU (default),0.24234180933563898,4.634207487106323,0.43631982803344727,roc_auc,binary,0.2545861687865866,config,TabFlex_GPU,tabarena-2025-09-03,default,TABFLEX_GPU,False,
bank-marketing,0,REALTABPFN-V2.5 (default),0.22657045834618383,57.532140016555786,10.073397397994995,roc_auc,binary,0.2414478340184143,config,RealTabPFN-v2.5,tabarena-2025-11-12,default,REALTABPFN-V2.5,False,
bank-marketing,0,REALTABPFN-V2.5 (tuned),0.2252835051941855,29724.65978384018,13.33153748512268,roc_auc,binary,0.240463509091829,hpo,RealTabPFN-v2.5,tabarena-2025-11-12,tuned,REALTABPFN-V2.5,False,
bank-marketing,0,REALTABPFN-V2.5 (tuned + ensemble),0.22509924983390162,29724.65978384018,171.7724997997284,roc_auc,binary,0.23995733888667214,hpo,RealTabPFN-v2.5,tabarena-2025-11-12,tuned_ensemble,REALTABPFN-V2.5,False,
bank-marketing,0,SAP-RPT-OSS (default),0.22944734388417976,344.29481530189514,163.5637481212616,roc_auc,binary,0.24492421028411426,config,SAP-RPT-OSS,tabarena-2025-11-25,default,SAP-RPT-OSS,False,
bank-marketing,0,TABICLV2 (default),0.22311297449271594,13.257656812667847,1.671849012374878,roc_auc,binary,0.2487536359920599,config,TabICLv2,tabarena-2026-07-13,default,TABICLV2,False,
bank-marketing,0,TABSTAR (default),0.234122029814674,3427.7356584072113,19.146161317825317,roc_auc,binary,0.2502812364544762,config,TabSTAR,tabarena-2026-03-18,default,TABSTAR,False,
bank-marketing,0,TABSTAR (tuned),0.22965158901174854,222851.41199469566,46.091973543167114,roc_auc,binary,0.24719619781399516,hpo,TabSTAR,tabarena-2026-03-18,tuned,TABSTAR,False,
bank-marketing,0,TABSTAR (tuned + ensemble),0.23005475150375054,222851.41199469566,152.06508684158325,roc_auc,binary,0.24689849733427716,hpo,TabSTAR,tabarena-2026-03-18,tuned_ensemble,TABSTAR,False,
bank-marketing,0,PB (default),0.24475863187134395,22.12218976020813,0.15016436576843262,roc_auc,binary,0.26542329637619666,config,PerpetualBooster,tabarena-2026-03-18,default,PB,False,
bank-marketing,0,PB (tuned),0.24366989281904483,193.3651885986328,6.2022340297698975,roc_auc,binary,0.2555197216430982,hpo,PerpetualBooster,tabarena-2026-03-18,tuned,PB,False,
bank-marketing,0,PB (tuned + ensemble),0.23812754869532882,193.3651885986328,8.613415002822876,roc_auc,binary,0.25337622277622807,hpo,PerpetualBooster,tabarena-2026-03-18,tuned_ensemble,PB,False,
bank-marketing,0,TABPFN-V2.6 (default),0.2254517346429572,43.41304111480713,5.900408744812012,roc_auc,binary,0.24255043351856442,config,TabPFN-v2.6,tabarena-2026-03-18,default,TABPFN-V2.6,False,
bank-marketing,0,TA-LIMIX (default),0.2609569071763862,119.81503295898438,22.65483331680298,roc_auc,binary,0.2630571601971181,config,LimiX,tabarena-2026-05-13,default,TA-LIMIX,False,
bank-marketing,0,TA-ORION-MSP (default),0.24987699260472374,353.7362289428711,68.44069194793701,roc_auc,binary,0.36367821200131756,config,OrionMSP,tabarena-2026-05-13,default,TA-ORION-MSP,False,
bank-marketing,0,TA-TABPFN-3 (default),0.22277864670042669,22.34181046485901,3.0393316745758057,roc_auc,binary,0.24010036810789803,config,TabPFN-3,tabarena-2026-07-13,default,TA-TABPFN-3,False,
bank-marketing,0,TA-ILTM (default),0.22619770672616024,2769.0724759101868,159.20364379882812,roc_auc,binary,0.23779014034851542,config,iLTM,tabarena-2026-05-13,default,TA-ILTM,False,
bank-marketing,0,TA-ILTM (tuned),0.22441482407044178,61655.46218705177,202.97741889953613,roc_auc,binary,0.23689050658090005,hpo,iLTM,tabarena-2026-05-13,tuned,TA-ILTM,False,
bank-marketing,0,TA-ILTM (tuned + ensemble),0.22465222919576688,61655.46218705177,1048.6809964179993,roc_auc,binary,0.23508791427163944,hpo,iLTM,tabarena-2026-05-13,tuned_ensemble,TA-ILTM,False,
bank-marketing,0,TA-NORI (default),0.2661095787043595,2.588822841644287,0.3305351734161377,roc_auc,binary,0.28027561609448104,config,Nori,tabarena-2026-07-13,default,TA-NORI,True,
bank-marketing,0,TA-NORI-30M (default),0.2661095787043595,2.588822841644287,0.3305351734161377,roc_auc,binary,0.28027561609448104,config,Nori-30M,tabarena-2026-07-13,default,TA-NORI-30M,True,
bank-marketing,0,TABFM (default),0.2224873033011161,777.5996148586273,181.02687740325928,roc_auc,binary,0.23738792261341213,config,TabFM,tabarena-2026-07-13,default,TABFM,False,
bank-marketing,0,TA-TABSWIFT (default),0.22575320079222572,13.151535272598267,1.8907177448272705,roc_auc,binary,0.24189559689518958,config,TabSwift,tabarena-2026-07-13,default,TA-TABSWIFT,False,
bank-marketing,0,TA-EXAONE-TABULAR (default),0.223920791250398,47.86995196342468,7.23484468460083,roc_auc,binary,0.23790171742055,config,EXAONE-Tabular,tabarena-2026-08-06,default,TA-EXAONE-TABULAR,False,
bank-marketing,0,[Leakage] TabSTAR_base (default),0.23135400113306592,2715.9326314926147,38.90164613723755,roc_auc,binary,0.24747021993508078,config,[Leakage] TabSTAR_base,[Leakage] TabSTAR_base,default,[Leakage] TabSTAR_base,False,
bank-marketing,0,[Leakage] TabSTAR_correct (default),0.23200675867244758,2331.4401552677155,38.73333024978638,roc_auc,binary,0.2491681830975223,config,[Leakage] TabSTAR_correct,[Leakage] TabSTAR_correct,default,[Leakage] TabSTAR_correct,False,
bank-marketing,0,[Leakage] TabSTAR_wrong (default),0.2316323021682205,2700.540224790573,38.124696254730225,roc_auc,binary,0.24815396717365346,config,[Leakage] TabSTAR_wrong,[Leakage] TabSTAR_wrong,default,[Leakage] TabSTAR_wrong,False,
blood-transfusion-service-center,0,"AutoGluon 1.4 (best, 4h)",0.26096491228070184,3219.318698644638,0.34552741050720215,roc_auc,binary,0.19503791257805525,baseline,AutoGluon_v140_bq_4h8c,tabarena-2025-11-01,,,False,
blood-transfusion-service-center,0,"AutoGluon 1.5 (extreme, 4h)",0.27210526315789474,95.95327711105347,0.36490583419799805,roc_auc,binary,0.24173728813559325,baseline,AutoGluon_v150_eq_4h8c,tabarena-2025-12-18,,,False,
blood-transfusion-service-center,0,"AutoGluon 1.6 (extreme, 4h)",0.255701754385965,16.189053058624268,0.1805112361907959,roc_auc,binary,0.24240633363068687,baseline,AutoGluon_16_extreme,tabarena-2026-08-05,,,False,
blood-transfusion-service-center,0,"AutoGluon 1.6 (noncommercial, 4h)",0.2596491228070177,23.238647937774658,0.3778085708618164,roc_auc,binary,0.24151427297056194,baseline,AutoGluon_16_noncommercial,tabarena-2026-08-05,,,False,
blood-transfusion-service-center,0,TabFM+,0.24149122807017553,260.6100299358368,1.6636018753051758,roc_auc,binary,,baseline,TabFM+,tabarena-2026-07-07,,,False,
blood-transfusion-service-center,0,CAT (default),0.2941228070175439,5.362033843994141,0.006058931350708008,roc_auc,binary,0.23861507582515606,config,CatBoost,tabarena-2026-07-13,default,CAT,False,
blood-transfusion-service-center,0,CAT (tuned),0.2767543859649123,1160.203773021698,0.006200551986694336,roc_auc,binary,0.22849018733273863,hpo,CatBoost,tabarena-2026-07-13,tuned,CAT,False,
blood-transfusion-service-center,0,CAT (tuned + ensemble),0.28649122807017546,1160.203773021698,0.0978705883026123,roc_auc,binary,0.2213760035682426,hpo,CatBoost,tabarena-2026-07-13,tuned_ensemble,CAT,False,
blood-transfusion-service-center,0,CHIMERA (default),0.320219298245614,11.273772954940796,0.008326053619384766,roc_auc,binary,0.22921498661909,config,ChimeraBoost,tabarena-2026-08-10,default,CHIMERA,False,
blood-transfusion-service-center,0,CHIMERA (tuned),0.3048245614035088,2061.5305314064026,0.007809162139892578,roc_auc,binary,0.21898974130240856,hpo,ChimeraBoost,tabarena-2026-08-10,tuned,CHIMERA,False,
blood-transfusion-service-center,0,CHIMERA (tuned + ensemble),0.3158771929824561,2061.5305314064026,0.11831927299499512,roc_auc,binary,0.21139607493309542,hpo,ChimeraBoost,tabarena-2026-08-10,tuned_ensemble,CHIMERA,False,
blood-transfusion-service-center,0,EBM (default),0.2917543859649123,5.8476173877716064,0.0035979747772216797,roc_auc,binary,0.22028322925958965,config,ExplainableBM,tabarena-2026-07-13,default,EBM,False,
blood-transfusion-service-center,0,EBM (tuned),0.27929824561403505,1147.6788020133972,0.002773761749267578,roc_auc,binary,0.2163135593220339,hpo,ExplainableBM,tabarena-2026-07-13,tuned,EBM,False,
blood-transfusion-service-center,0,EBM (tuned + ensemble),0.28885964912280704,1147.6788020133972,0.014688253402709961,roc_auc,binary,0.21250000000000002,hpo,ExplainableBM,tabarena-2026-07-13,tuned_ensemble,EBM,False,
blood-transfusion-service-center,0,XT (default),0.32833333333333337,6.323571443557739,0.3689720630645752,roc_auc,binary,0.2842551293487957,config,ExtraTrees,tabarena-2026-07-13,default,XT,False,
blood-transfusion-service-center,0,XT (tuned),0.29263157894736846,1099.302011013031,0.1254284381866455,roc_auc,binary,0.24720115967885814,hpo,ExtraTrees,tabarena-2026-07-13,tuned,XT,False,
blood-transfusion-service-center,0,XT (tuned + ensemble),0.3063157894736842,1099.302011013031,0.4866480827331543,roc_auc,binary,0.24506021409455847,hpo,ExtraTrees,tabarena-2026-07-13,tuned_ensemble,XT,False,
blood-transfusion-service-center,0,KNN (default),0.32500000000000007,0.40009355545043945,0.0157010555267334,roc_auc,binary,0.31093889384478146,config,KNeighbors,tabarena-2025-10-20,default,KNN,False,
blood-transfusion-service-center,0,KNN (tuned),0.3012280701754386,79.06730055809021,0.015495061874389648,roc_auc,binary,0.2525312221231044,hpo,KNeighbors,tabarena-2025-10-20,tuned,KNN,False,
blood-transfusion-service-center,0,KNN (tuned + ensemble),0.29605263157894735,79.06730055809021,0.3102726936340332,roc_auc,binary,0.24565120428189113,hpo,KNeighbors,tabarena-2025-10-20,tuned_ensemble,KNN,False,
blood-transfusion-service-center,0,GBM (default),0.3370614035087718,3.811363458633423,0.008649587631225586,roc_auc,binary,0.25877564674397846,config,LightGBM,tabarena-2025-06-12,default,GBM,False,
blood-transfusion-service-center,0,GBM (tuned),0.28421052631578947,824.0458464622498,0.009019851684570312,roc_auc,binary,0.228099910793934,hpo,LightGBM,tabarena-2025-06-12,tuned,GBM,False,
blood-transfusion-service-center,0,GBM (tuned + ensemble),0.27807017543859647,824.0458464622498,0.1420896053314209,roc_auc,binary,0.22553523639607498,hpo,LightGBM,tabarena-2025-06-12,tuned_ensemble,GBM,False,
blood-transfusion-service-center,0,LR (default),0.2689473684210526,3.80189847946167,0.03318452835083008,roc_auc,binary,0.2589094558429973,config,LinearModel,tabarena-2025-10-20,default,LR,False,
blood-transfusion-service-center,0,LR (tuned),0.251140350877193,780.456814289093,0.028226613998413086,roc_auc,binary,0.24659901873327383,hpo,LinearModel,tabarena-2025-10-20,tuned,LR,False,
blood-transfusion-service-center,0,LR (tuned + ensemble),0.2460526315789474,780.456814289093,0.17809486389160156,roc_auc,binary,0.23894959857270293,hpo,LinearModel,tabarena-2025-10-20,tuned_ensemble,LR,False,
blood-transfusion-service-center,0,FASTAI (default),0.27315789473684216,6.2074134349823,0.09047341346740723,roc_auc,binary,0.24414585191793048,config,NeuralNetFastAI,tabarena-2025-06-12,default,FASTAI,False,
blood-transfusion-service-center,0,FASTAI (tuned),0.2562280701754386,1843.6496374607086,0.08379316329956055,roc_auc,binary,0.19949821587867977,hpo,NeuralNetFastAI,tabarena-2025-06-12,tuned,FASTAI,False,
blood-transfusion-service-center,0,FASTAI (tuned + ensemble),0.25631578947368416,1843.6496374607086,2.6668529510498047,roc_auc,binary,0.18292818911685993,hpo,NeuralNetFastAI,tabarena-2025-06-12,tuned_ensemble,FASTAI,False,
blood-transfusion-service-center,0,NN_TORCH (default),0.2583333333333333,10.617022514343262,0.05124664306640625,roc_auc,binary,0.23937332738626216,config,NeuralNetTorch,tabarena-2025-06-12,default,NN_TORCH,False,
blood-transfusion-service-center,0,NN_TORCH (tuned),0.25815789473684214,2278.5528852939606,0.06210899353027344,roc_auc,binary,0.21033675289919718,hpo,NeuralNetTorch,tabarena-2025-06-12,tuned,NN_TORCH,False,
blood-transfusion-service-center,0,NN_TORCH (tuned + ensemble),0.2593859649122807,2278.5528852939606,0.24073147773742676,roc_auc,binary,0.19775869759143627,hpo,NeuralNetTorch,tabarena-2025-06-12,tuned_ensemble,NN_TORCH,False,
blood-transfusion-service-center,0,RF (default),0.3349122807017544,0.4624326229095459,0.04098200798034668,roc_auc,binary,0.3089540588760036,config,RandomForest,tabarena-2025-06-12,default,RF,False,
blood-transfusion-service-center,0,RF (tuned),0.32508771929824565,657.6985356807709,0.12321877479553223,roc_auc,binary,0.25715878679750226,hpo,RandomForest,tabarena-2025-06-12,tuned,RF,False,
blood-transfusion-service-center,0,RF (tuned + ensemble),0.3335964912280702,657.6985356807709,1.0402019023895264,roc_auc,binary,0.24993309545049058,hpo,RandomForest,tabarena-2025-06-12,tuned_ensemble,RF,False,
blood-transfusion-service-center,0,XGB (default),0.33684210526315794,3.1845972537994385,0.055605173110961914,roc_auc,binary,0.27608162355040144,config,XGBoost,tabarena-2025-06-12,default,XGB,False,
blood-transfusion-service-center,0,XGB (tuned),0.29596491228070176,804.494523525238,0.05305051803588867,roc_auc,binary,0.2380575379125781,hpo,XGBoost,tabarena-2025-06-12,tuned,XGB,False,
blood-transfusion-service-center,0,XGB (tuned + ensemble),0.30061403508771933,804.494523525238,0.4645509719848633,roc_auc,binary,0.23605040142729705,hpo,XGBoost,tabarena-2025-06-12,tuned_ensemble,XGB,False,
blood-transfusion-service-center,0,MITRA_GPU (default),0.2779824561403509,77.20347905158997,0.985562801361084,roc_auc,binary,0.2404884032114183,config,Mitra_GPU,tabarena-2025-09-03,default,MITRA_GPU,False,
blood-transfusion-service-center,0,MNCA_GPU (default),0.254561403508772,6.68268084526062,0.0867619514465332,roc_auc,binary,0.23132247992863508,config,ModernNCA_GPU,tabarena-2025-06-12,default,MNCA_GPU,False,
blood-transfusion-service-center,0,MNCA_GPU (tuned),0.30991228070175436,4772.340257167816,0.09167647361755371,roc_auc,binary,0.20457181088314003,hpo,ModernNCA_GPU,tabarena-2025-06-12,tuned,MNCA_GPU,False,
blood-transfusion-service-center,0,MNCA_GPU (tuned + ensemble),0.3246491228070175,4772.340257167816,1.8913462162017822,roc_auc,binary,0.16001338090990191,hpo,ModernNCA_GPU,tabarena-2025-06-12,tuned_ensemble,MNCA_GPU,False,
blood-transfusion-service-center,0,REALMLP_GPU (default),0.2549999999999999,17.109717845916748,3.5343892574310303,roc_auc,binary,0.22258028545941133,config,RealMLP_GPU,tabarena-2025-09-03,default,REALMLP_GPU,False,
blood-transfusion-service-center,0,REALMLP_GPU (tuned),0.2751754385964912,3438.4245734214783,0.43492746353149414,roc_auc,binary,0.20817350579839433,hpo,RealMLP_GPU,tabarena-2025-09-03,tuned,REALMLP_GPU,False,
blood-transfusion-service-center,0,REALMLP_GPU (tuned + ensemble),0.2701754385964912,3438.4245734214783,22.15162229537964,roc_auc,binary,0.17523416592328278,hpo,RealMLP_GPU,tabarena-2025-09-03,tuned_ensemble,REALMLP_GPU,False,
blood-transfusion-service-center,0,TABDPT_GPU (default),0.2717105263157895,37.33067727088928,15.064556360244751,roc_auc,binary,0.24130240856378238,config,TabDPT_GPU,tabarena-2025-10-20,default,TABDPT_GPU,False,
blood-transfusion-service-center,0,TABDPT_GPU (tuned),0.2718859649122807,7041.333491563797,0.15762734413146973,roc_auc,binary,0.2390945584299733,hpo,TabDPT_GPU,tabarena-2025-10-20,tuned,TABDPT_GPU,False,
blood-transfusion-service-center,0,TABDPT_GPU (tuned + ensemble),0.2724561403508772,7041.333491563797,142.35968470573425,roc_auc,binary,0.23830285459411238,hpo,TabDPT_GPU,tabarena-2025-10-20,tuned_ensemble,TABDPT_GPU,False,
blood-transfusion-service-center,0,TABDPT_TURBO (default),0.27192982456140347,11.896296501159668,0.13457369804382324,roc_auc,binary,0.2518956289027653,config,TabDPT-Turbo,tabarena-2026-07-13,default,TABDPT_TURBO,False,
blood-transfusion-service-center,0,TABICL_GPU (default),0.2973684210526315,11.889585494995117,0.5723631381988525,roc_auc,binary,0.25260927743086525,config,TabICL_GPU,tabarena-2025-06-12,default,TABICL_GPU,False,
blood-transfusion-service-center,0,TA-TABM (default),0.2972807017543859,8.246544122695923,0.20104193687438965,roc_auc,binary,0.23500223015165023,config,TabM,tabarena-2026-06-26,default,TA-TABM,False,
blood-transfusion-service-center,0,TA-TABM (tuned),0.29701754385964907,1888.0725584030151,0.19484639167785645,roc_auc,binary,0.23395405887600362,hpo,TabM,tabarena-2026-06-26,tuned,TA-TABM,False,
blood-transfusion-service-center,0,TA-TABM (tuned + ensemble),0.2957017543859649,1888.0725584030151,4.617599010467529,roc_auc,binary,0.21974799286351476,hpo,TabM,tabarena-2026-06-26,tuned_ensemble,TA-TABM,False,
blood-transfusion-service-center,0,TABPFNV2_GPU (default),0.26131578947368417,9.025230646133423,0.22217774391174316,roc_auc,binary,0.2398862622658341,config,TabPFNv2_GPU,tabarena-2025-06-12,default,TABPFNV2_GPU,False,
blood-transfusion-service-center,0,TABPFNV2_GPU (tuned),0.27596491228070175,1141.733954668045,0.11373710632324219,roc_auc,binary,0.2358719892952721,hpo,TabPFNv2_GPU,tabarena-2025-06-12,tuned,TABPFNV2_GPU,False,
blood-transfusion-service-center,0,TABPFNV2_GPU (tuned + ensemble),0.27271929824561403,1141.733954668045,1.777663230895996,roc_auc,binary,0.23368644067796607,hpo,TabPFNv2_GPU,tabarena-2025-06-12,tuned_ensemble,TABPFNV2_GPU,False,
blood-transfusion-service-center,0,XRFM_GPU (default),0.32614035087719295,7.155456066131592,0.7144794464111328,roc_auc,binary,0.2992863514719001,config,xRFM_GPU,tabarena-2025-09-03,default,XRFM_GPU,False,
blood-transfusion-service-center,0,XRFM_GPU (tuned),0.27710526315789474,1943.2827775478363,0.04497885704040527,roc_auc,binary,0.22900312221231045,hpo,xRFM_GPU,tabarena-2025-09-03,tuned,XRFM_GPU,False,
blood-transfusion-service-center,0,XRFM_GPU (tuned + ensemble),0.29614035087719304,1943.2827775478363,2.4092092514038086,roc_auc,binary,0.216157448706512,hpo,xRFM_GPU,tabarena-2025-09-03,tuned_ensemble,XRFM_GPU,False,
blood-transfusion-service-center,0,BETA_GPU (default),0.28596491228070176,267.99698519706726,1.785409688949585,roc_auc,binary,0.21800847457627115,config,BetaTabPFN_GPU,tabarena-2025-09-03,default,BETA_GPU,False,
blood-transfusion-service-center,0,TABFLEX_GPU (default),0.26763157894736844,3.958056926727295,0.3874475955963135,roc_auc,binary,0.24300847457627117,config,TabFlex_GPU,tabarena-2025-09-03,default,TABFLEX_GPU,False,
blood-transfusion-service-center,0,REALTABPFN-V2.5 (default),0.2555701754385964,14.239734649658203,0.6000611782073975,roc_auc,binary,0.2444692239072257,config,RealTabPFN-v2.5,tabarena-2025-11-12,default,REALTABPFN-V2.5,False,
blood-transfusion-service-center,0,REALTABPFN-V2.5 (tuned),0.2727631578947368,1632.15917801857,0.5608150959014893,roc_auc,binary,0.23317350579839424,hpo,RealTabPFN-v2.5,tabarena-2025-11-12,tuned,REALTABPFN-V2.5,False,
blood-transfusion-service-center,0,REALTABPFN-V2.5 (tuned + ensemble),0.2696491228070176,1632.15917801857,0.8521177768707275,roc_auc,binary,0.23194692239072257,hpo,RealTabPFN-v2.5,tabarena-2025-11-12,tuned_ensemble,REALTABPFN-V2.5,False,
blood-transfusion-service-center,0,SAP-RPT-OSS (default),0.32276315789473675,21.723697662353516,0.4704630374908447,roc_auc,binary,0.2529661016949152,config,SAP-RPT-OSS,tabarena-2025-11-25,default,SAP-RPT-OSS,False,
blood-transfusion-service-center,0,TABICLV2 (default),0.25482456140350873,4.392079591751099,0.03763771057128906,roc_auc,binary,0.24329839429081168,config,TabICLv2,tabarena-2026-07-13,default,TABICLV2,False,
blood-transfusion-service-center,0,TABSTAR (default),0.25798245614035087,187.47664260864258,1.413696527481079,roc_auc,binary,0.24944246208742193,config,TabSTAR,tabarena-2026-03-18,default,TABSTAR,False,
blood-transfusion-service-center,0,TABSTAR (tuned),0.258859649122807,28086.630388498306,1.472132921218872,roc_auc,binary,0.23529214986619085,hpo,TabSTAR,tabarena-2026-03-18,tuned,TABSTAR,False,
blood-transfusion-service-center,0,TABSTAR (tuned + ensemble),0.2571052631578947,28086.630388498306,9.77507734298706,roc_auc,binary,0.23326271186440672,hpo,TabSTAR,tabarena-2026-03-18,tuned_ensemble,TABSTAR,False,
blood-transfusion-service-center,0,PB (default),0.3085087719298246,24.902737379074097,0.00580143928527832,roc_auc,binary,0.2506690454950935,config,PerpetualBooster,tabarena-2026-03-18,default,PB,False,
blood-transfusion-service-center,0,PB (tuned),0.33614035087719296,161.05425882339478,0.004591464996337891,roc_auc,binary,0.2414362176628011,hpo,PerpetualBooster,tabarena-2026-03-18,tuned,PB,False,
blood-transfusion-service-center,0,PB (tuned + ensemble),0.32776315789473687,161.05425882339478,0.015342235565185547,roc_auc,binary,0.2390053523639607,hpo,PerpetualBooster,tabarena-2026-03-18,tuned_ensemble,PB,False,
blood-transfusion-service-center,0,TABPFN-V2.6 (default),0.27276315789473693,7.585706472396851,0.22791147232055664,roc_auc,binary,0.24586306868867092,config,TabPFN-v2.6,tabarena-2026-03-18,default,TABPFN-V2.6,False,
blood-transfusion-service-center,0,TA-LIMIX (default),0.2699999999999999,27.426424503326416,1.7982370853424072,roc_auc,binary,0.2469335414808207,config,LimiX,tabarena-2026-05-13,default,TA-LIMIX,False,
blood-transfusion-service-center,0,TA-ORION-MSP (default),0.2779824561403509,11.88159990310669,0.27741360664367676,roc_auc,binary,0.2418487957181088,config,OrionMSP,tabarena-2026-05-13,default,TA-ORION-MSP,False,
blood-transfusion-service-center,0,TA-TABPFN-3 (default),0.26421052631578945,14.99080753326416,0.19017887115478516,roc_auc,binary,0.24303077609277435,config,TabPFN-3,tabarena-2026-07-13,default,TA-TABPFN-3,False,
blood-transfusion-service-center,0,TA-ILTM (default),0.2885964912280701,488.9393608570099,119.63662934303284,roc_auc,binary,0.21241079393398754,config,iLTM,tabarena-2026-05-13,default,TA-ILTM,False,
blood-transfusion-service-center,0,TA-ILTM (tuned),0.28377192982456145,23416.022976398468,63.68128275871277,roc_auc,binary,0.18254906333630683,hpo,iLTM,tabarena-2026-05-13,tuned,TA-ILTM,False,
blood-transfusion-service-center,0,TA-ILTM (tuned + ensemble),0.30438596491228065,23416.022976398468,1414.062718629837,roc_auc,binary,0.17487734165923285,hpo,iLTM,tabarena-2026-05-13,tuned_ensemble,TA-ILTM,False,
blood-transfusion-service-center,0,TA-NORI (default),0.3349122807017544,0.4624326229095459,0.04098200798034668,roc_auc,binary,0.3089540588760036,config,Nori,tabarena-2026-07-13,default,TA-NORI,True,
blood-transfusion-service-center,0,TA-NORI-30M (default),0.3349122807017544,0.4624326229095459,0.04098200798034668,roc_auc,binary,0.3089540588760036,config,Nori-30M,tabarena-2026-07-13,default,TA-NORI-30M,True,
blood-transfusion-service-center,0,TABFM (default),0.25758771929824564,53.69192671775818,1.135693073272705,roc_auc,binary,0.24881801962533445,config,TabFM,tabarena-2026-07-13,default,TABFM,False,
blood-transfusion-service-center,0,TA-TABSWIFT (default),0.27192982456140347,2.649451732635498,0.02014303207397461,roc_auc,binary,0.24103479036574482,config,TabSwift,tabarena-2026-07-13,default,TA-TABSWIFT,False,
blood-transfusion-service-center,0,TA-EXAONE-TABULAR (default),0.26438596491228084,9.16063117980957,0.056284189224243164,roc_auc,binary,0.24802631578947354,config,EXAONE-Tabular,tabarena-2026-08-06,default,TA-EXAONE-TABULAR,False,
blood-transfusion-service-center,0,[Leakage] TabSTAR_base (default),0.27324561403508785,125.18415546417236,0.6798827648162842,roc_auc,binary,0.24735727029437993,config,[Leakage] TabSTAR_base,[Leakage] TabSTAR_base,default,[Leakage] TabSTAR_base,False,
blood-transfusion-service-center,0,[Leakage] TabSTAR_correct (default),0.26377192982456155,112.84571194648743,0.6884465217590332,roc_auc,binary,0.23826940231935767,config,[Leakage] TabSTAR_correct,[Leakage] TabSTAR_correct,default,[Leakage] TabSTAR_correct,False,
blood-transfusion-service-center,0,[Leakage] TabSTAR_wrong (default),0.27982456140350886,113.34180617332458,0.6867034435272217,roc_auc,binary,0.2538804638715433,config,[Leakage] TabSTAR_wrong,[Leakage] TabSTAR_wrong,default,[Leakage] TabSTAR_wrong,False,
churn,0,"AutoGluon 1.4 (best, 4h)",0.060965426571438774,6256.12321305275,3.4602582454681396,roc_auc,binary,0.06006074174964127,baseline,AutoGluon_v140_bq_4h8c,tabarena-2025-11-01,,,False,
churn,0,"AutoGluon 1.5 (extreme, 4h)",0.06284274360705444,1809.6052815914154,13.052637338638306,roc_auc,binary,0.07272615322529186,baseline,AutoGluon_v150_eq_4h8c,tabarena-2025-12-18,,,False,
churn,0,"AutoGluon 1.6 (extreme, 4h)",0.06089139987445069,38.22242259979248,0.8086707592010498,roc_auc,binary,0.07253624252782997,baseline,AutoGluon_16_extreme,tabarena-2026-08-05,,,False,
churn,0,"AutoGluon 1.6 (noncommercial, 4h)",0.06064267017257108,46.97260332107544,0.9423158168792725,roc_auc,binary,0.07148728265981807,baseline,AutoGluon_16_noncommercial,tabarena-2026-08-05,,,False,
churn,0,TabFM+,0.05352426299020485,346.81190729141235,9.384156703948975,roc_auc,binary,,baseline,TabFM+,tabarena-2026-07-07,,,False,
churn,0,CAT (default),0.06366295940968159,8.94909119606018,0.04131460189819336,roc_auc,binary,0.08339156766829714,config,CatBoost,tabarena-2026-07-13,default,CAT,False,
churn,0,CAT (tuned),0.057592770256665315,3155.8686997890472,0.05076408386230469,roc_auc,binary,0.07478104631892235,hpo,CatBoost,tabarena-2026-07-13,tuned,CAT,False,
churn,0,CAT (tuned + ensemble),0.06354155562662123,3155.8686997890472,0.2919957637786865,roc_auc,binary,0.0710406957853178,hpo,CatBoost,tabarena-2026-07-13,tuned_ensemble,CAT,False,
churn,0,CHIMERA (default),0.06785583152708208,14.100133180618286,0.08511877059936523,roc_auc,binary,0.07728771915768662,config,ChimeraBoost,tabarena-2026-08-10,default,CHIMERA,False,
churn,0,CHIMERA (tuned),0.06508575252579085,2298.33248090744,0.06117534637451172,roc_auc,binary,0.07074396032053365,hpo,ChimeraBoost,tabarena-2026-08-10,tuned,CHIMERA,False,
churn,0,CHIMERA (tuned + ensemble),0.06416930201707949,2298.33248090744,0.4825904369354248,roc_auc,binary,0.0678263088630432,hpo,ChimeraBoost,tabarena-2026-08-10,tuned_ensemble,CHIMERA,False,
churn,0,EBM (default),0.06790320861315424,10.478397130966187,0.025002002716064453,roc_auc,binary,0.08814230245949173,config,ExplainableBM,tabarena-2026-07-13,default,EBM,False,
churn,0,EBM (tuned),0.06118750666240269,3333.579026222229,0.02654552459716797,roc_auc,binary,0.07989454021581566,hpo,ExplainableBM,tabarena-2026-07-13,tuned,EBM,False,
churn,0,EBM (tuned + ensemble),0.06582453896173113,3333.579026222229,0.252211332321167,roc_auc,binary,0.0769865326609308,hpo,ExplainableBM,tabarena-2026-07-13,tuned_ensemble,EBM,False,
churn,0,XT (default),0.07957573819422237,6.6109459400177,0.4732990264892578,roc_auc,binary,0.09419904421506808,config,ExtraTrees,tabarena-2026-07-13,default,XT,False,
churn,0,XT (tuned),0.07256244892157904,1163.5504748821259,0.1273636817932129,roc_auc,binary,0.08192198527895356,hpo,ExtraTrees,tabarena-2026-07-13,tuned,XT,False,
churn,0,XT (tuned + ensemble),0.06791209181679281,1163.5504748821259,1.324629306793213,roc_auc,binary,0.07904587678653296,hpo,ExtraTrees,tabarena-2026-07-13,tuned_ensemble,XT,False,
churn,0,KNN (default),0.13669621812410415,0.4246349334716797,0.0231783390045166,roc_auc,binary,0.13700498960684027,config,KNeighbors,tabarena-2025-10-20,default,KNN,False,
churn,0,KNN (tuned),0.10379431238081704,225.80497026443481,0.04094552993774414,roc_auc,binary,0.11292713215559025,hpo,KNeighbors,tabarena-2025-10-20,tuned,KNN,False,
churn,0,KNN (tuned + ensemble),0.10254474173565953,225.80497026443481,3.067411184310913,roc_auc,binary,0.0967554202441836,hpo,KNeighbors,tabarena-2025-10-20,tuned_ensemble,KNN,False,
churn,0,GBM (default),0.07129955347096373,7.672364711761475,0.5343222618103027,roc_auc,binary,0.08626174145142207,config,LightGBM,tabarena-2025-06-12,default,GBM,False,
churn,0,GBM (tuned),0.06395018299399491,1268.8209474086761,0.6135821342468262,roc_auc,binary,0.07962005991089038,hpo,LightGBM,tabarena-2025-06-12,tuned,GBM,False,
churn,0,GBM (tuned + ensemble),0.06566760236411662,1268.8209474086761,3.546248435974121,roc_auc,binary,0.0781927623252785,hpo,LightGBM,tabarena-2025-06-12,tuned_ensemble,GBM,False,
churn,0,LR (default),0.23656563503061745,4.116144895553589,0.0821695327758789,roc_auc,binary,0.23209683665157765,config,LinearModel,tabarena-2025-10-20,default,LR,False,
churn,0,LR (tuned),0.18038825522036273,802.6026000976562,0.08078145980834961,roc_auc,binary,0.17837362259106437,hpo,LinearModel,tabarena-2025-10-20,tuned,LR,False,
churn,0,LR (tuned + ensemble),0.18038825522036273,802.6026000976562,0.08078145980834961,roc_auc,binary,0.17837362259106437,hpo,LinearModel,tabarena-2025-10-20,tuned_ensemble,LR,False,
churn,0,FASTAI (default),0.07643108410617205,9.91067624092102,0.953364372253418,roc_auc,binary,0.09427211532327107,config,NeuralNetFastAI,tabarena-2025-06-12,default,FASTAI,False,
churn,0,FASTAI (tuned),0.06720735766146702,2169.197350502014,0.7355852127075195,roc_auc,binary,0.08332443126938982,hpo,NeuralNetFastAI,tabarena-2025-06-12,tuned,FASTAI,False,
churn,0,FASTAI (tuned + ensemble),0.07296959575501305,2169.197350502014,7.748254299163818,roc_auc,binary,0.06718721485576429,hpo,NeuralNetFastAI,tabarena-2025-06-12,tuned_ensemble,FASTAI,False,
churn,0,NN_TORCH (default),0.11337928910682349,15.845984697341919,0.12732529640197754,roc_auc,binary,0.12882028364943088,config,NeuralNetTorch,tabarena-2025-06-12,default,NN_TORCH,False,
churn,0,NN_TORCH (tuned),0.07904422650984855,8405.223999500275,0.12288546562194824,roc_auc,binary,0.08013934697426262,hpo,NeuralNetTorch,tabarena-2025-06-12,tuned,NN_TORCH,False,
churn,0,NN_TORCH (tuned + ensemble),0.07491205628397823,8405.223999500275,2.638180732727051,roc_auc,binary,0.06651770546334501,hpo,NeuralNetTorch,tabarena-2025-06-12,tuned_ensemble,NN_TORCH,False,
churn,0,RF (default),0.07484839332456861,0.7245135307312012,0.05844616889953613,roc_auc,binary,0.0897331754700661,config,RandomForest,tabarena-2025-06-12,default,RF,False,
churn,0,RF (tuned),0.07320055904961564,850.1041204929352,0.12934398651123047,roc_auc,binary,0.0858815491371675,hpo,RandomForest,tabarena-2025-06-12,tuned,RF,False,
churn,0,RF (tuned + ensemble),0.07172890831349421,850.1041204929352,0.5704469680786133,roc_auc,binary,0.08368533577843351,hpo,RandomForest,tabarena-2025-06-12,tuned_ensemble,RF,False,
churn,0,XGB (default),0.06367776474907916,4.284018039703369,0.31861376762390137,roc_auc,binary,0.08599764688776412,config,XGBoost,tabarena-2025-06-12,default,XGB,False,
churn,0,XGB (tuned),0.06785287045920241,1542.8871898651123,0.18860101699829102,roc_auc,binary,0.07910448204082787,hpo,XGBoost,tabarena-2025-06-12,tuned,XGB,False,
churn,0,XGB (tuned + ensemble),0.06967984934086624,1542.8871898651123,0.9008803367614746,roc_auc,binary,0.07845351861495753,hpo,XGBoost,tabarena-2025-06-12,tuned_ensemble,XGB,False,
churn,0,MITRA_GPU (default),0.06140958675336672,401.98637342453003,4.2512922286987305,roc_auc,binary,0.0741719967774529,config,Mitra_GPU,tabarena-2025-09-03,default,MITRA_GPU,False,
churn,0,MNCA_GPU (default),0.09076265264304917,15.929197072982788,0.4631385803222656,roc_auc,binary,0.10426839129318788,config,ModernNCA_GPU,tabarena-2025-06-12,default,MNCA_GPU,False,
churn,0,MNCA_GPU (tuned),0.05379816176906038,14222.733614444733,0.40321969985961914,roc_auc,binary,0.0636950093545855,hpo,ModernNCA_GPU,tabarena-2025-06-12,tuned,MNCA_GPU,False,
churn,0,MNCA_GPU (tuned + ensemble),0.05982541543782349,14222.733614444733,6.953777551651001,roc_auc,binary,0.042658690417373246,hpo,ModernNCA_GPU,tabarena-2025-06-12,tuned_ensemble,MNCA_GPU,False,
churn,0,REALMLP_GPU (default),0.07064219640171032,34.81177091598511,3.097555637359619,roc_auc,binary,0.08076212053097831,config,RealMLP_GPU,tabarena-2025-09-03,default,REALMLP_GPU,False,
churn,0,REALMLP_GPU (tuned),0.06177972023830669,9172.206282377243,4.6694581508636475,roc_auc,binary,0.05607892273156867,hpo,RealMLP_GPU,tabarena-2025-09-03,tuned,REALMLP_GPU,False,
churn,0,REALMLP_GPU (tuned + ensemble),0.06209063236565637,9172.206282377243,40.462467432022095,roc_auc,binary,0.04350216097602233,hpo,RealMLP_GPU,tabarena-2025-09-03,tuned_ensemble,REALMLP_GPU,False,
churn,0,TABDPT_GPU (default),0.06249333759727116,228.02609419822693,67.0130603313446,roc_auc,binary,0.08495610540637177,config,TabDPT_GPU,tabarena-2025-10-20,default,TABDPT_GPU,False,
churn,0,TABDPT_GPU (tuned),0.06314033092894622,26842.023709774017,21.515743732452393,roc_auc,binary,0.08269498116471641,hpo,TabDPT_GPU,tabarena-2025-10-20,tuned,TABDPT_GPU,False,
churn,0,TABDPT_GPU (tuned + ensemble),0.059191746911606224,26842.023709774017,449.70578694343567,roc_auc,binary,0.07763230321616732,hpo,TabDPT_GPU,tabarena-2025-10-20,tuned_ensemble,TABDPT_GPU,False,
churn,0,TABDPT_TURBO (default),0.06113420744057152,7.991408586502075,0.19334101676940918,roc_auc,binary,0.08999838279171679,config,TabDPT-Turbo,tabarena-2026-07-13,default,TABDPT_TURBO,False,
churn,0,TABICL_GPU (default),0.06651446777765935,22.79742741584778,3.5646302700042725,roc_auc,binary,0.090369302122697,config,TabICL_GPU,tabarena-2025-06-12,default,TABICL_GPU,False,
churn,0,TA-TABM (default),0.06174418742375265,16.742176294326782,0.3357574939727783,roc_auc,binary,0.07933222651004956,config,TabM,tabarena-2026-06-26,default,TA-TABM,False,
churn,0,TA-TABM (tuned),0.06265323526276512,5342.197740793228,0.3490586280822754,roc_auc,binary,0.06759262968452573,hpo,TabM,tabarena-2026-06-26,tuned,TA-TABM,False,
churn,0,TA-TABM (tuned + ensemble),0.06432179701287477,5342.197740793228,2.1884868144989014,roc_auc,binary,0.06496355346653793,hpo,TabM,tabarena-2026-06-26,tuned_ensemble,TA-TABM,False,
churn,0,TABPFNV2_GPU (default),0.0574032619123761,9.928094387054443,1.0481431484222412,roc_auc,binary,0.0868247969958501,config,TabPFNv2_GPU,tabarena-2025-06-12,default,TABPFNV2_GPU,False,
churn,0,TABPFNV2_GPU (tuned),0.06658257233888831,16063.36455130577,50.37931966781616,roc_auc,binary,0.07644610319569256,hpo,TabPFNv2_GPU,tabarena-2025-06-12,tuned,TABPFNV2_GPU,False,
churn,0,TABPFNV2_GPU (tuned + ensemble),0.06999964467185449,16063.36455130577,154.43760514259338,roc_auc,binary,0.07493015588997642,hpo,TabPFNv2_GPU,tabarena-2025-06-12,tuned_ensemble,TABPFNV2_GPU,False,
churn,0,XRFM_GPU (default),0.0639116891115612,8.875633955001831,0.6746659278869629,roc_auc,binary,0.0819227271176155,config,xRFM_GPU,tabarena-2025-09-03,default,XRFM_GPU,False,
churn,0,XRFM_GPU (tuned),0.0701891530161437,1787.8070118427277,0.0544893741607666,roc_auc,binary,0.07203698510833068,hpo,xRFM_GPU,tabarena-2025-09-03,tuned,XRFM_GPU,False,
churn,0,XRFM_GPU (tuned + ensemble),0.06946073031778177,1787.8070118427277,0.611882209777832,roc_auc,binary,0.0697172556123804,hpo,xRFM_GPU,tabarena-2025-09-03,tuned_ensemble,XRFM_GPU,False,
churn,0,BETA_GPU (default),0.060059339800305644,786.7247710227966,2.25789213180542,roc_auc,binary,0.07160968603904139,config,BetaTabPFN_GPU,tabarena-2025-09-03,default,BETA_GPU,False,
churn,0,TABFLEX_GPU (default),0.08218740006395908,4.305320978164673,0.18689417839050293,roc_auc,binary,0.09733850543248446,config,TabFlex_GPU,tabarena-2025-09-03,default,TABFLEX_GPU,False,
churn,0,REALTABPFN-V2.5 (default),0.06069448886046258,8.077662467956543,0.521221399307251,roc_auc,binary,0.08365121119998342,config,RealTabPFN-v2.5,tabarena-2025-11-12,default,REALTABPFN-V2.5,False,
churn,0,REALTABPFN-V2.5 (tuned),0.061217117341197946,5111.887092113495,0.7263193130493164,roc_auc,binary,0.08002621657831366,hpo,RealTabPFN-v2.5,tabarena-2025-11-12,tuned,REALTABPFN-V2.5,False,
churn,0,REALTABPFN-V2.5 (tuned + ensemble),0.06122896161271596,5111.887092113495,8.752025604248047,roc_auc,binary,0.07995908017940623,hpo,RealTabPFN-v2.5,tabarena-2025-11-12,tuned_ensemble,REALTABPFN-V2.5,False,
churn,0,SAP-RPT-OSS (default),0.06656184486373173,23.276477336883545,1.194549560546875,roc_auc,binary,0.09161336555880473,config,SAP-RPT-OSS,tabarena-2025-11-25,default,SAP-RPT-OSS,False,
churn,0,TABICLV2 (default),0.054978147319049264,5.653665065765381,0.15025854110717773,roc_auc,binary,0.07484150616987217,config,TabICLv2,tabarena-2026-07-13,default,TABICLV2,False,
churn,0,TABSTAR (default),0.06010671688637792,1466.340208530426,5.522366523742676,roc_auc,binary,0.07197763801537382,config,TabSTAR,tabarena-2026-03-18,default,TABSTAR,False,
churn,0,TABSTAR (tuned),0.05978544102145,225437.29264855385,5.024502515792847,roc_auc,binary,0.06851918617331432,hpo,TabSTAR,tabarena-2026-03-18,tuned,TABSTAR,False,
churn,0,TABSTAR (tuned + ensemble),0.05846628528112374,225437.29264855385,16.389820337295532,roc_auc,binary,0.06714455913270156,hpo,TabSTAR,tabarena-2026-03-18,tuned_ensemble,TABSTAR,False,
churn,0,PB (default),0.08019164031316262,23.262014389038086,0.43343234062194824,roc_auc,binary,0.10865710881734603,config,PerpetualBooster,tabarena-2026-03-18,default,PB,False,
churn,0,PB (tuned),0.07719652015302803,324.3342282772064,0.7199149131774902,roc_auc,binary,0.10119013176538316,hpo,PerpetualBooster,tabarena-2026-03-18,tuned,PB,False,
churn,0,PB (tuned + ensemble),0.08293506970353792,324.3342282772064,11.567388534545898,roc_auc,binary,0.09472018587509512,hpo,PerpetualBooster,tabarena-2026-03-18,tuned_ensemble,PB,False,
churn,0,TABPFN-V2.6 (default),0.061117921567233946,9.576395511627197,0.41701316833496094,roc_auc,binary,0.08911003099401915,config,TabPFN-v2.6,tabarena-2026-03-18,default,TABPFN-V2.6,False,
churn,0,TA-LIMIX (default),0.061021686861149615,49.671629190444946,4.744328260421753,roc_auc,binary,0.08933146983461437,config,LimiX,tabarena-2026-05-13,default,TA-LIMIX,False,
churn,0,TA-ORION-MSP (default),0.07554868587807506,37.48551940917969,4.524388074874878,roc_auc,binary,0.0925673700780858,config,OrionMSP,tabarena-2026-05-13,default,TA-ORION-MSP,False,
churn,0,TA-TABPFN-3 (default),0.061912968292885284,11.959079265594482,0.3148665428161621,roc_auc,binary,0.07297466917704865,config,TabPFN-3,tabarena-2026-07-13,default,TA-TABPFN-3,False,
churn,0,TA-ILTM (default),0.07511044783190612,1119.3429136276245,142.3195116519928,roc_auc,binary,0.08358370388174485,config,iLTM,tabarena-2026-05-13,default,TA-ILTM,False,
churn,0,TA-ILTM (tuned),0.06478520413601963,51060.57109904289,301.51407742500305,roc_auc,binary,0.06361340710176988,hpo,iLTM,tabarena-2026-05-13,tuned,TA-ILTM,False,
churn,0,TA-ILTM (tuned + ensemble),0.06548549668952608,51060.57109904289,835.7308969497681,roc_auc,binary,0.060675726000406494,hpo,iLTM,tabarena-2026-05-13,tuned_ensemble,TA-ILTM,False,
churn,0,TA-NORI (default),0.07484839332456861,0.7245135307312012,0.05844616889953613,roc_auc,binary,0.0897331754700661,config,Nori,tabarena-2026-07-13,default,TA-NORI,True,
churn,0,TA-NORI-30M (default),0.07484839332456861,0.7245135307312012,0.05844616889953613,roc_auc,binary,0.0897331754700661,config,Nori-30M,tabarena-2026-07-13,default,TA-NORI-30M,True,
churn,0,TABFM (default),0.0493550794158405,69.91474080085754,7.998108863830566,roc_auc,binary,0.07518942850233157,config,TabFM,tabarena-2026-07-13,default,TABFM,False,
churn,0,TA-TABSWIFT (default),0.05823532198652126,3.9352517127990723,0.07288599014282227,roc_auc,binary,0.0859969050491024,config,TabSwift,tabarena-2026-07-13,default,TA-TABSWIFT,False,
churn,0,TA-EXAONE-TABULAR (default),0.059345722441341286,11.525490045547485,0.5933656692504883,roc_auc,binary,0.07874209385446018,config,EXAONE-Tabular,tabarena-2026-08-06,default,TA-EXAONE-TABULAR,False,
churn,0,[Leakage] TabSTAR_base (default),0.052449395349938976,618.720489025116,7.834819555282593,roc_auc,binary,0.08286374946031239,config,[Leakage] TabSTAR_base,[Leakage] TabSTAR_base,default,[Leakage] TabSTAR_base,False,
churn,0,[Leakage] TabSTAR_correct (default),0.05651494154851999,703.2363131046295,7.566426038742065,roc_auc,binary,0.08847909721202196,config,[Leakage] TabSTAR_correct,[Leakage] TabSTAR_correct,default,[Leakage] TabSTAR_correct,False,
churn,0,[Leakage] TabSTAR_wrong (default),0.05187198711343266,597.6353092193604,7.559044122695923,roc_auc,binary,0.07994980719613176,config,[Leakage] TabSTAR_wrong,[Leakage] TabSTAR_wrong,default,[Leakage] TabSTAR_wrong,False,
coil2000_insurance_policies,0,"AutoGluon 1.4 (best, 4h)",0.2553518041988325,8486.794112443924,4.364163637161255,roc_auc,binary,0.19747012009286413,baseline,AutoGluon_v140_bq_4h8c,tabarena-2025-11-01,,,False,
coil2000_insurance_policies,0,"AutoGluon 1.5 (extreme, 4h)",0.24420099765991288,1763.2485778331757,19.301860809326172,roc_auc,binary,0.22112875910686558,baseline,AutoGluon_v150_eq_4h8c,tabarena-2025-12-18,,,False,
coil2000_insurance_policies,0,"AutoGluon 1.6 (extreme, 4h)",0.2385997784828574,30.37469244003296,2.463019847869873,roc_auc,binary,0.22866389990475144,baseline,AutoGluon_16_extreme,tabarena-2026-08-05,,,False,
coil2000_insurance_policies,0,"AutoGluon 1.6 (noncommercial, 4h)",0.23772620148066714,43.28265428543091,1.9480476379394531,roc_auc,binary,0.22390729035256896,baseline,AutoGluon_16_noncommercial,tabarena-2026-08-05,,,False,
coil2000_insurance_policies,0,TabFM+,0.22445599220526136,164.46682810783386,49.78566551208496,roc_auc,binary,,baseline,TabFM+,tabarena-2026-07-07,,,False,
coil2000_insurance_policies,0,CAT (default),0.256857454551511,10.766605377197266,0.08129620552062988,roc_auc,binary,0.22868591547599115,config,CatBoost,tabarena-2026-07-13,default,CAT,False,
coil2000_insurance_policies,0,CAT (tuned),0.2539577451886643,2481.694569349289,0.0723884105682373,roc_auc,binary,0.22725573412168465,hpo,CatBoost,tabarena-2026-07-13,tuned,CAT,False,
coil2000_insurance_policies,0,CAT (tuned + ensemble),0.25285182501811276,2481.694569349289,1.0916028022766113,roc_auc,binary,0.21791614725841757,hpo,CatBoost,tabarena-2026-07-13,tuned_ensemble,CAT,False,
coil2000_insurance_policies,0,CHIMERA (default),0.25067496106794573,12.306654453277588,0.3863973617553711,roc_auc,binary,0.2264642120273973,config,ChimeraBoost,tabarena-2026-08-10,default,CHIMERA,False,
coil2000_insurance_policies,0,CHIMERA (tuned),0.25055337647088216,2337.722168445587,0.29833436012268066,roc_auc,binary,0.21659625145437766,hpo,ChimeraBoost,tabarena-2026-08-10,tuned,CHIMERA,False,
coil2000_insurance_policies,0,CHIMERA (tuned + ensemble),0.2505700318951375,2337.722168445587,3.1001358032226562,roc_auc,binary,0.2013718608599282,hpo,ChimeraBoost,tabarena-2026-08-10,tuned_ensemble,CHIMERA,False,
coil2000_insurance_policies,0,EBM (default),0.2554833820504492,9.074774265289307,0.07551956176757812,roc_auc,binary,0.24443078740559787,config,ExplainableBM,tabarena-2026-07-13,default,EBM,False,
coil2000_insurance_policies,0,EBM (tuned),0.2560338438220867,2686.891152381897,0.06781291961669922,roc_auc,binary,0.22941097546842282,hpo,ExplainableBM,tabarena-2026-07-13,tuned,EBM,False,
coil2000_insurance_policies,0,EBM (tuned + ensemble),0.2527402336756023,2686.891152381897,0.3923764228820801,roc_auc,binary,0.22422963154656894,hpo,ExplainableBM,tabarena-2026-07-13,tuned_ensemble,EBM,False,
coil2000_insurance_policies,0,XT (default),0.3170151814192086,7.4570512771606445,0.6511008739471436,roc_auc,binary,0.29440821106037374,config,ExtraTrees,tabarena-2026-07-13,default,XT,False,
coil2000_insurance_policies,0,XT (tuned),0.27254519865757276,1221.2399349212646,0.22194910049438477,roc_auc,binary,0.2515617555465739,hpo,ExtraTrees,tabarena-2026-07-13,tuned,XT,False,
coil2000_insurance_policies,0,XT (tuned + ensemble),0.26881355085317415,1221.2399349212646,1.4144153594970703,roc_auc,binary,0.24201883619044218,hpo,ExtraTrees,tabarena-2026-07-13,tuned_ensemble,XT,False,
coil2000_insurance_policies,0,KNN (default),0.35568907654000215,0.7716102600097656,0.08029389381408691,roc_auc,binary,0.34590990148239564,config,KNeighbors,tabarena-2025-10-20,default,KNN,False,
coil2000_insurance_policies,0,KNN (tuned),0.27535829981429205,1157.171599149704,0.9653098583221436,roc_auc,binary,0.275154763234993,hpo,KNeighbors,tabarena-2025-10-20,tuned,KNN,False,
coil2000_insurance_policies,0,KNN (tuned + ensemble),0.2749918804806756,1157.171599149704,23.939926385879517,roc_auc,binary,0.25120078325587036,hpo,KNeighbors,tabarena-2025-10-20,tuned_ensemble,KNN,False,
coil2000_insurance_policies,0,GBM (default),0.2520457024841565,4.958034992218018,0.7489354610443115,roc_auc,binary,0.24635507294838765,config,LightGBM,tabarena-2025-06-12,default,GBM,False,
coil2000_insurance_policies,0,GBM (tuned),0.2520948359857097,1314.2295961380005,0.1077263355255127,roc_auc,binary,0.2273726658821369,hpo,LightGBM,tabarena-2025-06-12,tuned,GBM,False,
coil2000_insurance_policies,0,GBM (tuned + ensemble),0.2519665892189439,1314.2295961380005,1.395841360092163,roc_auc,binary,0.2222365992671722,hpo,LightGBM,tabarena-2025-06-12,tuned_ensemble,GBM,False,
coil2000_insurance_policies,0,LR (default),0.26412754723894705,4.82606053352356,0.3876032829284668,roc_auc,binary,0.27177578843783734,config,LinearModel,tabarena-2025-10-20,default,LR,False,
coil2000_insurance_policies,0,LR (tuned),0.2709179637078305,1038.5464315414429,0.16828060150146484,roc_auc,binary,0.2607875260604132,hpo,LinearModel,tabarena-2025-10-20,tuned,LR,False,
coil2000_insurance_policies,0,LR (tuned + ensemble),0.26937733696421584,1038.5464315414429,0.838721752166748,roc_auc,binary,0.26061638614813487,hpo,LinearModel,tabarena-2025-10-20,tuned_ensemble,LR,False,
coil2000_insurance_policies,0,FASTAI (default),0.28814633455750704,18.209056615829468,0.8588557243347168,roc_auc,binary,0.28511265533958596,config,NeuralNetFastAI,tabarena-2025-06-12,default,FASTAI,False,
coil2000_insurance_policies,0,FASTAI (tuned),0.26321816107460794,3206.149112701416,0.5331907272338867,roc_auc,binary,0.24288824356034155,hpo,NeuralNetFastAI,tabarena-2025-06-12,tuned,FASTAI,False,
coil2000_insurance_policies,0,FASTAI (tuned + ensemble),0.2695980213355985,3206.149112701416,16.079208850860596,roc_auc,binary,0.21656343579158643,hpo,NeuralNetFastAI,tabarena-2025-06-12,tuned_ensemble,FASTAI,False,
coil2000_insurance_policies,0,NN_TORCH (default),0.27006187490110845,18.446563243865967,0.3546137809753418,roc_auc,binary,0.26637574266206465,config,NeuralNetTorch,tabarena-2025-06-12,default,NN_TORCH,False,
coil2000_insurance_policies,0,NN_TORCH (tuned),0.2641900050799044,9241.080730438232,0.3461122512817383,roc_auc,binary,0.23818916526507783,hpo,NeuralNetTorch,tabarena-2025-06-12,tuned,NN_TORCH,False,
coil2000_insurance_policies,0,NN_TORCH (tuned + ensemble),0.2634913100323948,9241.080730438232,6.7340922355651855,roc_auc,binary,0.21156756267272359,hpo,NeuralNetTorch,tabarena-2025-06-12,tuned_ensemble,NN_TORCH,False,
coil2000_insurance_policies,0,RF (default),0.3171825684329743,1.1514182090759277,0.09250092506408691,roc_auc,binary,0.296590660330059,config,RandomForest,tabarena-2025-06-12,default,RF,False,
coil2000_insurance_policies,0,RF (tuned),0.26502194352145636,1017.9782769680023,0.30381321907043457,roc_auc,binary,0.2550597390448648,hpo,RandomForest,tabarena-2025-06-12,tuned,RF,False,
coil2000_insurance_policies,0,RF (tuned + ensemble),0.26425329569207456,1017.9782769680023,1.7210140228271484,roc_auc,binary,0.24317631523307226,hpo,RandomForest,tabarena-2025-06-12,tuned_ensemble,RF,False,
coil2000_insurance_policies,0,XGB (default),0.2530142154046018,8.897321939468384,0.39388179779052734,roc_auc,binary,0.2332954776278181,config,XGBoost,tabarena-2025-06-12,default,XGB,False,
coil2000_insurance_policies,0,XGB (tuned),0.2551144644031945,1223.618827342987,0.25861454010009766,roc_auc,binary,0.23155624749988268,hpo,XGBoost,tabarena-2025-06-12,tuned,XGB,False,
coil2000_insurance_policies,0,XGB (tuned + ensemble),0.2464028447464628,1223.618827342987,1.802821397781372,roc_auc,binary,0.22432475542984986,hpo,XGBoost,tabarena-2025-06-12,tuned_ensemble,XGB,False,
coil2000_insurance_policies,0,MITRA_GPU (default),0.2494224731639476,3215.428687095642,59.59210920333862,roc_auc,binary,0.2275965600877632,config,Mitra_GPU,tabarena-2025-09-03,default,MITRA_GPU,False,
coil2000_insurance_policies,0,MNCA_GPU (default),0.259979513828166,23.970768690109253,0.9636616706848145,roc_auc,binary,0.24895976425892474,config,ModernNCA_GPU,tabarena-2025-06-12,default,MNCA_GPU,False,
coil2000_insurance_policies,0,MNCA_GPU (tuned),0.25515610296383273,16528.791197776794,1.3931481838226318,roc_auc,binary,0.22496632240682535,hpo,ModernNCA_GPU,tabarena-2025-06-12,tuned,MNCA_GPU,False,
coil2000_insurance_policies,0,MNCA_GPU (tuned + ensemble),0.25203154537353956,16528.791197776794,36.70097041130066,roc_auc,binary,0.18429421609404717,hpo,ModernNCA_GPU,tabarena-2025-06-12,tuned_ensemble,MNCA_GPU,False,
coil2000_insurance_policies,0,REALMLP_GPU (default),0.25468558722862056,61.99917936325073,3.576066732406616,roc_auc,binary,0.27328198582114127,config,RealMLP_GPU,tabarena-2025-09-03,default,REALMLP_GPU,False,
coil2000_insurance_policies,0,REALMLP_GPU (tuned),0.2453668773577835,18281.808689832687,0.6376757621765137,roc_auc,binary,0.22273714197177275,hpo,RealMLP_GPU,tabarena-2025-09-03,tuned,REALMLP_GPU,False,
coil2000_insurance_policies,0,REALMLP_GPU (tuned + ensemble),0.24455742373897615,18281.808689832687,27.37290334701538,roc_auc,binary,0.20420667719814056,hpo,RealMLP_GPU,tabarena-2025-09-03,tuned_ensemble,REALMLP_GPU,False,
coil2000_insurance_policies,0,TABDPT_GPU (default),0.28615684413021203,345.74799156188965,125.32289433479309,roc_auc,binary,0.268396398252545,config,TabDPT_GPU,tabarena-2025-10-20,default,TABDPT_GPU,False,
coil2000_insurance_policies,0,TABDPT_GPU (tuned),0.2763184850226097,40604.33643269539,124.87667107582092,roc_auc,binary,0.2565985443968918,hpo,TabDPT_GPU,tabarena-2025-10-20,tuned,TABDPT_GPU,False,
coil2000_insurance_policies,0,TABDPT_GPU (tuned + ensemble),0.2757596955388446,40604.33643269539,1345.9145245552063,roc_auc,binary,0.24608340910705262,hpo,TabDPT_GPU,tabarena-2025-10-20,tuned_ensemble,TABDPT_GPU,False,
coil2000_insurance_policies,0,TABDPT_TURBO (default),0.2731647804398698,12.033666133880615,0.33835268020629883,roc_auc,binary,0.256761999628643,config,TabDPT-Turbo,tabarena-2026-07-13,default,TABDPT_TURBO,False,
coil2000_insurance_policies,0,TABICL_GPU (default),0.2549370841348757,73.54388403892517,11.337240219116211,roc_auc,binary,0.24127217601490736,config,TabICL_GPU,tabarena-2025-06-12,default,TABICL_GPU,False,
coil2000_insurance_policies,0,TA-TABM (default),0.25077572638469037,23.110618114471436,0.497988224029541,roc_auc,binary,0.26000514250513107,config,TabM,tabarena-2026-06-26,default,TA-TABM,False,
coil2000_insurance_policies,0,TA-TABM (tuned),0.25250872327845375,6934.279853343964,0.7573034763336182,roc_auc,binary,0.23187485020065324,hpo,TabM,tabarena-2026-06-26,tuned,TA-TABM,False,
coil2000_insurance_policies,0,TA-TABM (tuned + ensemble),0.24793431100673713,6934.279853343964,6.684782028198242,roc_auc,binary,0.22451126470318228,hpo,TabM,tabarena-2026-06-26,tuned_ensemble,TA-TABM,False,
coil2000_insurance_policies,0,TABPFNV2_GPU (default),0.26006695480550635,75.8746223449707,15.50329327583313,roc_auc,binary,0.2425848025265568,config,TabPFNv2_GPU,tabarena-2025-06-12,default,TABPFNV2_GPU,False,
coil2000_insurance_policies,0,TABPFNV2_GPU (tuned),0.24585821237331473,47399.67737531662,7.214163303375244,roc_auc,binary,0.22254710189927918,hpo,TabPFNv2_GPU,tabarena-2025-06-12,tuned,TABPFNV2_GPU,False,
coil2000_insurance_policies,0,TABPFNV2_GPU (tuned + ensemble),0.24098067138015178,47399.67737531662,555.1340827941895,roc_auc,binary,0.2144169175957169,hpo,TabPFNv2_GPU,tabarena-2025-06-12,tuned_ensemble,TABPFNV2_GPU,False,
coil2000_insurance_policies,0,XRFM_GPU (default),0.30463603734146116,10.672045946121216,0.9138662815093994,roc_auc,binary,0.3176653774403535,config,xRFM_GPU,tabarena-2025-09-03,default,XRFM_GPU,False,
coil2000_insurance_policies,0,XRFM_GPU (tuned),0.24352145635029687,2522.534882545471,0.16962790489196777,roc_auc,binary,0.23448764157985402,hpo,xRFM_GPU,tabarena-2025-09-03,tuned,XRFM_GPU,False,
coil2000_insurance_policies,0,XRFM_GPU (tuned + ensemble),0.24197333466576731,2522.534882545471,3.7944464683532715,roc_auc,binary,0.21221224506072356,hpo,xRFM_GPU,tabarena-2025-09-03,tuned_ensemble,XRFM_GPU,False,
coil2000_insurance_policies,0,BETA_GPU (default),0.24529359349106006,1047.0041027069092,3.746382236480713,roc_auc,binary,0.23111925918018172,config,BetaTabPFN_GPU,tabarena-2025-09-03,default,BETA_GPU,False,
coil2000_insurance_policies,0,TABFLEX_GPU (default),0.2768606190821197,4.016227960586548,0.3370852470397949,roc_auc,binary,0.260240667578582,config,TabFlex_GPU,tabarena-2025-09-03,default,TABFLEX_GPU,False,
coil2000_insurance_policies,0,REALTABPFN-V2.5 (default),0.24257126439653232,38.27660775184631,4.958862543106079,roc_auc,binary,0.22406493015040796,config,RealTabPFN-v2.5,tabarena-2025-11-12,default,REALTABPFN-V2.5,False,
coil2000_insurance_policies,0,REALTABPFN-V2.5 (tuned),0.24202163539610766,14407.8875477314,11.610923767089844,roc_auc,binary,0.22100975040573034,hpo,RealTabPFN-v2.5,tabarena-2025-11-12,tuned,REALTABPFN-V2.5,False,
coil2000_insurance_policies,0,REALTABPFN-V2.5 (tuned + ensemble),0.2362447014931588,14407.8875477314,110.77186179161072,roc_auc,binary,0.2158381681050866,hpo,RealTabPFN-v2.5,tabarena-2025-11-12,tuned_ensemble,REALTABPFN-V2.5,False,
coil2000_insurance_policies,0,SAP-RPT-OSS (default),0.2674777858278995,51.24215221405029,19.962966442108154,roc_auc,binary,0.24660575968882448,config,SAP-RPT-OSS,tabarena-2025-11-25,default,SAP-RPT-OSS,False,
coil2000_insurance_policies,0,TABICLV2 (default),0.23683846736786007,10.462214231491089,0.8047347068786621,roc_auc,binary,0.22945957588040478,config,TabICLv2,tabarena-2026-07-13,default,TABICLV2,False,
coil2000_insurance_policies,0,TABSTAR (default),0.31905796920412055,3370.404520511627,18.908913135528564,roc_auc,binary,0.2909177045485416,config,TabSTAR,tabarena-2026-03-18,default,TABSTAR,False,
coil2000_insurance_policies,0,TABSTAR (tuned),0.28430975758029997,191416.65158700943,18.608912467956543,roc_auc,binary,0.2580837646792975,hpo,TabSTAR,tabarena-2026-03-18,tuned,TABSTAR,False,
coil2000_insurance_policies,0,TABSTAR (tuned + ensemble),0.2880580608089539,191416.65158700943,75.729012966156,roc_auc,binary,0.25695723205284404,hpo,TabSTAR,tabarena-2026-03-18,tuned_ensemble,TABSTAR,False,
coil2000_insurance_policies,0,PB (default),0.2837601285798752,739.7675857543945,0.045502424240112305,roc_auc,binary,0.27697395557922344,config,PerpetualBooster,tabarena-2026-03-18,default,PB,False,
coil2000_insurance_policies,0,PB (tuned),0.27190563036616955,3792.951117992401,0.1310288906097412,roc_auc,binary,0.2727677353080331,hpo,PerpetualBooster,tabarena-2026-03-18,tuned,PB,False,
coil2000_insurance_policies,0,PB (tuned + ensemble),0.2748053397290162,3792.951117992401,2.1988584995269775,roc_auc,binary,0.26702312507295256,hpo,PerpetualBooster,tabarena-2026-03-18,tuned_ensemble,PB,False,
coil2000_insurance_policies,0,TABPFN-V2.6 (default),0.23680432374813665,31.24578022956848,2.2424874305725098,roc_auc,binary,0.22599793884406627,config,TabPFN-v2.6,tabarena-2026-03-18,default,TABPFN-V2.6,False,
coil2000_insurance_policies,0,TA-LIMIX (default),0.23178271333516542,82.7022213935852,11.642953157424927,roc_auc,binary,0.22736415042533653,config,LimiX,tabarena-2026-05-13,default,TA-LIMIX,False,
coil2000_insurance_policies,0,TA-ORION-MSP (default),0.27512845495956895,89.79498839378357,13.61702585220337,roc_auc,binary,0.2533470937576716,config,OrionMSP,tabarena-2026-05-13,default,TA-ORION-MSP,False,
coil2000_insurance_policies,0,TA-TABPFN-3 (default),0.24233892122817102,21.422643899917603,1.1305351257324219,roc_auc,binary,0.22476174374955082,config,TabPFN-3,tabarena-2026-07-13,default,TA-TABPFN-3,False,
coil2000_insurance_policies,0,TA-ILTM (default),0.25230386156011364,1122.6648044586182,141.81513953208923,roc_auc,binary,0.24456537316185556,config,iLTM,tabarena-2026-05-13,default,TA-ILTM,False,
coil2000_insurance_policies,0,TA-ILTM (tuned),0.2551969087532582,55077.247431755066,212.6757788658142,roc_auc,binary,0.2310982820792835,hpo,iLTM,tabarena-2026-05-13,tuned,TA-ILTM,False,
coil2000_insurance_policies,0,TA-ILTM (tuned + ensemble),0.25722970328361694,55077.247431755066,852.6099028587341,roc_auc,binary,0.21712857135142793,hpo,iLTM,tabarena-2026-05-13,tuned_ensemble,TA-ILTM,False,
coil2000_insurance_policies,0,TA-NORI (default),0.3171825684329743,1.1514182090759277,0.09250092506408691,roc_auc,binary,0.296590660330059,config,Nori,tabarena-2026-07-13,default,TA-NORI,True,
coil2000_insurance_policies,0,TA-NORI-30M (default),0.3171825684329743,1.1514182090759277,0.09250092506408691,roc_auc,binary,0.296590660330059,config,Nori-30M,tabarena-2026-07-13,default,TA-NORI-30M,True,
coil2000_insurance_policies,0,TABFM (default),0.22632556357791822,261.70615124702454,43.07507038116455,roc_auc,binary,0.21217278318774668,config,TabFM,tabarena-2026-07-13,default,TABFM,False,
coil2000_insurance_policies,0,TA-TABSWIFT (default),0.26725626868530417,5.943171501159668,0.17725849151611328,roc_auc,binary,0.23954063056749908,config,TabSwift,tabarena-2026-07-13,default,TA-TABSWIFT,False,
coil2000_insurance_policies,0,TA-EXAONE-TABULAR (default),0.2312272549362513,38.589582681655884,4.82194447517395,roc_auc,binary,0.2203607064422961,config,EXAONE-Tabular,tabarena-2026-08-06,default,TA-EXAONE-TABULAR,False,
coil2000_insurance_policies,0,[Leakage] TabSTAR_base (default),0.26483873385464807,1714.9458322525024,30.242371797561646,roc_auc,binary,0.2491128347872611,config,[Leakage] TabSTAR_base,[Leakage] TabSTAR_base,default,[Leakage] TabSTAR_base,False,
coil2000_insurance_policies,0,[Leakage] TabSTAR_correct (default),0.27732030879156566,1484.8886423110962,30.183440446853638,roc_auc,binary,0.25618440242470364,config,[Leakage] TabSTAR_correct,[Leakage] TabSTAR_correct,default,[Leakage] TabSTAR_correct,False,
coil2000_insurance_policies,0,[Leakage] TabSTAR_wrong (default),0.3171825684329743,1.1514182090759277,0.09250092506408691,roc_auc,binary,0.296590660330059,config,[Leakage] TabSTAR_wrong,[Leakage] TabSTAR_wrong,default,[Leakage] TabSTAR_wrong,True,
concrete_compressive_strength,0,"AutoGluon 1.4 (best, 4h)",4.068823568126333,7582.305182218552,1.9517078399658203,rmse,regression,3.9959618277103925,baseline,AutoGluon_v140_bq_4h8c,tabarena-2025-11-01,,,False,
concrete_compressive_strength,0,"AutoGluon 1.5 (extreme, 4h)",3.8770507932039058,147.40913319587708,0.8818163871765137,rmse,regression,4.295192244383624,baseline,AutoGluon_v150_eq_4h8c,tabarena-2025-12-18,,,False,
concrete_compressive_strength,0,"AutoGluon 1.6 (extreme, 4h)",3.660705127965981,24.56061339378357,0.05974459648132324,rmse,regression,4.155468316439495,baseline,AutoGluon_16_extreme,tabarena-2026-08-05,,,False,
concrete_compressive_strength,0,"AutoGluon 1.6 (noncommercial, 4h)",3.682347045304187,35.44160270690918,0.25720977783203125,rmse,regression,4.144420027320231,baseline,AutoGluon_16_noncommercial,tabarena-2026-08-05,,,False,
concrete_compressive_strength,0,TabFM+,3.8022380684814,26.704930305480957,1.4764494895935059,rmse,regression,,baseline,TabFM+,tabarena-2026-07-07,,,False,
concrete_compressive_strength,0,CAT (default),4.542110859981243,38.475043535232544,0.012871026992797852,rmse,regression,4.3392675491227966,config,CatBoost,tabarena-2026-07-13,default,CAT,False,
concrete_compressive_strength,0,CAT (tuned),4.290327594290128,8626.548163414001,0.015919923782348633,rmse,regression,4.257035973516175,hpo,CatBoost,tabarena-2026-07-13,tuned,CAT,False,
concrete_compressive_strength,0,CAT (tuned + ensemble),4.346260589334592,8626.548163414001,0.18144989013671875,rmse,regression,4.192618147338968,hpo,CatBoost,tabarena-2026-07-13,tuned_ensemble,CAT,False,
concrete_compressive_strength,0,CHIMERA (default),4.651349700411794,8.995063543319702,0.01506662368774414,rmse,regression,4.616394372424711,config,ChimeraBoost,tabarena-2026-08-10,default,CHIMERA,False,
concrete_compressive_strength,0,CHIMERA (tuned),4.288907452989235,2002.7448470592499,0.025999784469604492,rmse,regression,4.271682845382767,hpo,ChimeraBoost,tabarena-2026-08-10,tuned,CHIMERA,False,
concrete_compressive_strength,0,CHIMERA (tuned + ensemble),4.266968605927694,2002.7448470592499,0.11497902870178223,rmse,regression,4.054424927728533,hpo,ChimeraBoost,tabarena-2026-08-10,tuned_ensemble,CHIMERA,False,
concrete_compressive_strength,0,EBM (default),4.428036811524854,25.512959241867065,0.005370140075683594,rmse,regression,4.493117106900918,config,ExplainableBM,tabarena-2026-07-13,default,EBM,False,
concrete_compressive_strength,0,EBM (tuned),4.379158668193299,6898.410323381424,0.005731105804443359,rmse,regression,4.331396246033313,hpo,ExplainableBM,tabarena-2026-07-13,tuned,EBM,False,
concrete_compressive_strength,0,EBM (tuned + ensemble),4.3780256583623105,6898.410323381424,0.03939485549926758,rmse,regression,4.199393574487634,hpo,ExplainableBM,tabarena-2026-07-13,tuned_ensemble,EBM,False,
concrete_compressive_strength,0,XT (default),5.306254793866741,6.197270631790161,0.6202254295349121,rmse,regression,5.394656222236665,config,ExtraTrees,tabarena-2026-07-13,default,XT,False,
concrete_compressive_strength,0,XT (tuned),5.075550446687249,1115.9098823070526,0.12119460105895996,rmse,regression,5.2554897136117225,hpo,ExtraTrees,tabarena-2026-07-13,tuned,XT,False,
concrete_compressive_strength,0,XT (tuned + ensemble),5.114349188122076,1115.9098823070526,0.6938357353210449,rmse,regression,5.15898673280781,hpo,ExtraTrees,tabarena-2026-07-13,tuned_ensemble,XT,False,
concrete_compressive_strength,0,KNN (default),8.986232450905673,0.3805375099182129,0.015067577362060547,rmse,regression,8.854597255427693,config,KNeighbors,tabarena-2025-10-20,default,KNN,False,
concrete_compressive_strength,0,KNN (tuned),6.260830250399818,79.0086133480072,0.01885700225830078,rmse,regression,6.659972708280757,hpo,KNeighbors,tabarena-2025-10-20,tuned,KNN,False,
concrete_compressive_strength,0,KNN (tuned + ensemble),6.060376754495909,79.0086133480072,0.21070265769958496,rmse,regression,6.200372681355123,hpo,KNeighbors,tabarena-2025-10-20,tuned_ensemble,KNN,False,
concrete_compressive_strength,0,GBM (default),4.609973311169731,7.332451343536377,0.33568358421325684,rmse,regression,4.525289974830005,config,LightGBM,tabarena-2025-06-12,default,GBM,False,
concrete_compressive_strength,0,GBM (tuned),4.3673334678741815,1280.6412847042084,0.16787505149841309,rmse,regression,4.229987853896841,hpo,LightGBM,tabarena-2025-06-12,tuned,GBM,False,
concrete_compressive_strength,0,GBM (tuned + ensemble),4.23183913566624,1280.6412847042084,2.1158533096313477,rmse,regression,4.090358421791798,hpo,LightGBM,tabarena-2025-06-12,tuned_ensemble,GBM,False,
concrete_compressive_strength,0,LR (default),8.079074721109023,3.9864485263824463,0.040181875228881836,rmse,regression,8.610251931839596,config,LinearModel,tabarena-2025-10-20,default,LR,False,
concrete_compressive_strength,0,LR (tuned),7.9501029449478455,787.6693110466003,0.049439430236816406,rmse,regression,8.551275671196919,hpo,LinearModel,tabarena-2025-10-20,tuned,LR,False,
concrete_compressive_strength,0,LR (tuned + ensemble),7.9030084866624035,787.6693110466003,0.17188549041748047,rmse,regression,8.483338525847573,hpo,LinearModel,tabarena-2025-10-20,tuned_ensemble,LR,False,
concrete_compressive_strength,0,FASTAI (default),6.271214783661322,7.105222225189209,0.24840831756591797,rmse,regression,6.19572637750232,config,NeuralNetFastAI,tabarena-2025-06-12,default,FASTAI,False,
concrete_compressive_strength,0,FASTAI (tuned),5.204748498170599,1901.0716726779938,0.28470778465270996,rmse,regression,4.935569068739806,hpo,NeuralNetFastAI,tabarena-2025-06-12,tuned,FASTAI,False,
concrete_compressive_strength,0,FASTAI (tuned + ensemble),5.229370285200833,1901.0716726779938,2.614231586456299,rmse,regression,4.864628610116892,hpo,NeuralNetFastAI,tabarena-2025-06-12,tuned_ensemble,FASTAI,False,
concrete_compressive_strength,0,NN_TORCH (default),4.489181374302094,41.744338512420654,0.04517936706542969,rmse,regression,4.870314222490842,config,NeuralNetTorch,tabarena-2025-06-12,default,NN_TORCH,False,
concrete_compressive_strength,0,NN_TORCH (tuned),4.350427102095671,7507.96986413002,0.04756331443786621,rmse,regression,4.659483566313086,hpo,NeuralNetTorch,tabarena-2025-06-12,tuned,NN_TORCH,False,
concrete_compressive_strength,0,NN_TORCH (tuned + ensemble),4.454149088455697,7507.96986413002,0.7180907726287842,rmse,regression,4.267632914152131,hpo,NeuralNetTorch,tabarena-2025-06-12,tuned_ensemble,NN_TORCH,False,
concrete_compressive_strength,0,RF (default),5.50373270046845,0.45929884910583496,0.045430898666381836,rmse,regression,5.40654144404498,config,RandomForest,tabarena-2025-06-12,default,RF,False,
concrete_compressive_strength,0,RF (tuned),5.50373270046845,628.3493106365204,0.045430898666381836,rmse,regression,5.40654144404498,hpo,RandomForest,tabarena-2025-06-12,tuned,RF,False,
concrete_compressive_strength,0,RF (tuned + ensemble),5.355749505698358,628.3493106365204,0.172623872756958,rmse,regression,5.280847519414148,hpo,RandomForest,tabarena-2025-06-12,tuned_ensemble,RF,False,
concrete_compressive_strength,0,XGB (default),5.037816906376259,4.937857389450073,0.14134812355041504,rmse,regression,5.010816983032423,config,XGBoost,tabarena-2025-06-12,default,XGB,False,
concrete_compressive_strength,0,XGB (tuned),4.271255724134107,1763.6515276432037,0.44248437881469727,rmse,regression,4.307096148016116,hpo,XGBoost,tabarena-2025-06-12,tuned,XGB,False,
concrete_compressive_strength,0,XGB (tuned + ensemble),4.2893139362250805,1763.6515276432037,2.946662425994873,rmse,regression,4.272221929083396,hpo,XGBoost,tabarena-2025-06-12,tuned_ensemble,XGB,False,
concrete_compressive_strength,0,MITRA_GPU (default),4.329742394231109,72.32899689674377,0.8399252891540527,rmse,regression,4.301871184851795,config,Mitra_GPU,tabarena-2025-09-03,default,MITRA_GPU,False,
concrete_compressive_strength,0,MNCA_GPU (default),5.113994006479045,21.360639572143555,0.09938907623291016,rmse,regression,4.827754362102603,config,ModernNCA_GPU,tabarena-2025-06-12,default,MNCA_GPU,False,
concrete_compressive_strength,0,MNCA_GPU (tuned),5.750049206465128,9893.872790813446,0.17904901504516602,rmse,regression,4.42269157350115,hpo,ModernNCA_GPU,tabarena-2025-06-12,tuned,MNCA_GPU,False,
concrete_compressive_strength,0,MNCA_GPU (tuned + ensemble),5.175840034325168,9893.872790813446,3.5404462814331055,rmse,regression,3.934805525389567,hpo,ModernNCA_GPU,tabarena-2025-06-12,tuned_ensemble,MNCA_GPU,False,
concrete_compressive_strength,0,REALMLP_GPU (default),5.013467964220634,16.899861812591553,3.4038751125335693,rmse,regression,4.784868424519744,config,RealMLP_GPU,tabarena-2025-09-03,default,REALMLP_GPU,False,
concrete_compressive_strength,0,REALMLP_GPU (tuned),4.1443805956176565,4228.254369258881,3.8519318103790283,rmse,regression,4.137959803198967,hpo,RealMLP_GPU,tabarena-2025-09-03,tuned,REALMLP_GPU,False,
concrete_compressive_strength,0,REALMLP_GPU (tuned + ensemble),4.141370860233445,4228.254369258881,30.013679027557373,rmse,regression,3.913746209718354,hpo,RealMLP_GPU,tabarena-2025-09-03,tuned_ensemble,REALMLP_GPU,False,
concrete_compressive_strength,0,TABDPT_GPU (default),4.194899538096949,37.59931993484497,16.523130893707275,rmse,regression,4.482453496147883,config,TabDPT_GPU,tabarena-2025-10-20,default,TABDPT_GPU,False,
concrete_compressive_strength,0,TABDPT_GPU (tuned),4.048292681068601,7277.509598970413,17.195857286453247,rmse,regression,4.395299056241155,hpo,TabDPT_GPU,tabarena-2025-10-20,tuned,TABDPT_GPU,False,
concrete_compressive_strength,0,TABDPT_GPU (tuned + ensemble),4.040272334480419,7277.509598970413,143.5340051651001,rmse,regression,4.336771796815654,hpo,TabDPT_GPU,tabarena-2025-10-20,tuned_ensemble,TABDPT_GPU,False,
concrete_compressive_strength,0,TABDPT_TURBO (default),4.019494861539782,7.953564643859863,0.13823390007019043,rmse,regression,4.450608287186792,config,TabDPT-Turbo,tabarena-2026-07-13,default,TABDPT_TURBO,False,
concrete_compressive_strength,0,TABICL_GPU (default),5.50373270046845,0.45929884910583496,0.045430898666381836,rmse,regression,5.40654144404498,config,TabICL_GPU,tabarena-2025-06-12,default,TABICL_GPU,True,RandomForest_c1_BAG_L1
concrete_compressive_strength,0,TA-TABM (default),4.505723864646812,11.829389810562134,0.18108320236206055,rmse,regression,4.183347694889528,config,TabM,tabarena-2026-06-26,default,TA-TABM,False,
concrete_compressive_strength,0,TA-TABM (tuned),4.230030530903285,4208.7588477134705,0.16381168365478516,rmse,regression,4.11783878426382,hpo,TabM,tabarena-2026-06-26,tuned,TA-TABM,False,
concrete_compressive_strength,0,TA-TABM (tuned + ensemble),4.357779172355698,4208.7588477134705,1.5872530937194824,rmse,regression,3.9632498297105627,hpo,TabM,tabarena-2026-06-26,tuned_ensemble,TA-TABM,False,
concrete_compressive_strength,0,TABPFNV2_GPU (default),3.9696752157329884,8.168430089950562,0.43659281730651855,rmse,regression,4.442926827937139,config,TabPFNv2_GPU,tabarena-2025-06-12,default,TABPFNV2_GPU,False,
concrete_compressive_strength,0,TABPFNV2_GPU (tuned),4.0663573897618885,4282.7905905246735,0.4960660934448242,rmse,regression,4.326653757729916,hpo,TabPFNv2_GPU,tabarena-2025-06-12,tuned,TABPFNV2_GPU,False,
concrete_compressive_strength,0,TABPFNV2_GPU (tuned + ensemble),3.9147441045180007,4282.7905905246735,25.231292009353638,rmse,regression,4.208927318460552,hpo,TabPFNv2_GPU,tabarena-2025-06-12,tuned_ensemble,TABPFNV2_GPU,False,
concrete_compressive_strength,0,XRFM_GPU (default),5.4829799128889,27.02800226211548,3.2992238998413086,rmse,regression,5.593811225010575,config,xRFM_GPU,tabarena-2025-09-03,default,XRFM_GPU,False,
concrete_compressive_strength,0,XRFM_GPU (tuned),4.401057216637763,2148.5705375671387,0.03330588340759277,rmse,regression,4.360903921920859,hpo,xRFM_GPU,tabarena-2025-09-03,tuned,XRFM_GPU,False,
concrete_compressive_strength,0,XRFM_GPU (tuned + ensemble),4.344043788976497,2148.5705375671387,2.0853259563446045,rmse,regression,4.301534760754039,hpo,xRFM_GPU,tabarena-2025-09-03,tuned_ensemble,XRFM_GPU,False,
concrete_compressive_strength,0,BETA_GPU (default),5.50373270046845,0.45929884910583496,0.045430898666381836,rmse,regression,5.40654144404498,config,BetaTabPFN_GPU,tabarena-2025-09-03,default,BETA_GPU,True,
concrete_compressive_strength,0,TABFLEX_GPU (default),5.50373270046845,0.45929884910583496,0.045430898666381836,rmse,regression,5.40654144404498,config,TabFlex_GPU,tabarena-2025-09-03,default,TABFLEX_GPU,True,
concrete_compressive_strength,0,REALTABPFN-V2.5 (default),3.816273829391835,6.786731004714966,0.2290511131286621,rmse,regression,4.304977175665907,config,RealTabPFN-v2.5,tabarena-2025-11-12,default,REALTABPFN-V2.5,False,
concrete_compressive_strength,0,REALTABPFN-V2.5 (tuned),3.757035054282707,1724.7577540874481,0.2677295207977295,rmse,regression,4.188340784894884,hpo,RealTabPFN-v2.5,tabarena-2025-11-12,tuned,REALTABPFN-V2.5,False,
concrete_compressive_strength,0,REALTABPFN-V2.5 (tuned + ensemble),3.7665874877665413,1724.7577540874481,2.3089935779571533,rmse,regression,4.159897397643218,hpo,RealTabPFN-v2.5,tabarena-2025-11-12,tuned_ensemble,REALTABPFN-V2.5,False,
concrete_compressive_strength,0,SAP-RPT-OSS (default),4.066818190608517,19.348917961120605,0.2370009422302246,rmse,regression,4.368844266658633,config,SAP-RPT-OSS,tabarena-2025-11-25,default,SAP-RPT-OSS,False,
concrete_compressive_strength,0,TABICLV2 (default),3.672947083412164,5.074742078781128,0.05025935173034668,rmse,regression,4.172370407638516,config,TabICLv2,tabarena-2026-07-13,default,TABICLV2,False,
concrete_compressive_strength,0,TABSTAR (default),5.572129581265982,427.6747694015503,2.1757588386535645,rmse,regression,5.403710715043733,config,TabSTAR,tabarena-2026-03-18,default,TABSTAR,False,
concrete_compressive_strength,0,TABSTAR (tuned),5.254541551836302,98879.83452343941,2.049767017364502,rmse,regression,5.0290598271137545,hpo,TabSTAR,tabarena-2026-03-18,tuned,TABSTAR,False,
concrete_compressive_strength,0,TABSTAR (tuned + ensemble),5.242517919143741,98879.83452343941,12.885581493377686,rmse,regression,4.9944078328044474,hpo,TabSTAR,tabarena-2026-03-18,tuned_ensemble,TABSTAR,False,
concrete_compressive_strength,0,PB (default),5.169644160540306,28.47585368156433,0.006155490875244141,rmse,regression,5.114337910328191,config,PerpetualBooster,tabarena-2026-03-18,default,PB,False,
concrete_compressive_strength,0,PB (tuned),5.1634651731672605,180.04935836791992,0.0412139892578125,rmse,regression,4.922878424417888,hpo,PerpetualBooster,tabarena-2026-03-18,tuned,PB,False,
concrete_compressive_strength,0,PB (tuned + ensemble),4.947675472523821,180.04935836791992,0.17790770530700684,rmse,regression,4.815582958321957,hpo,PerpetualBooster,tabarena-2026-03-18,tuned_ensemble,PB,False,
concrete_compressive_strength,0,TABPFN-V2.6 (default),3.7452367608343886,8.563395261764526,0.26488757133483887,rmse,regression,4.2708937481584766,config,TabPFN-v2.6,tabarena-2026-03-18,default,TABPFN-V2.6,False,
concrete_compressive_strength,0,TA-LIMIX (default),4.357856418030573,91.24011945724487,10.138119220733643,rmse,regression,4.612524168825485,config,LimiX,tabarena-2026-05-13,default,TA-LIMIX,False,
concrete_compressive_strength,0,TA-ORION-MSP (default),5.50373270046845,0.45929884910583496,0.045430898666381836,rmse,regression,5.40654144404498,config,OrionMSP,tabarena-2026-05-13,default,TA-ORION-MSP,True,
concrete_compressive_strength,0,TA-TABPFN-3 (default),3.8214857019264907,11.575741529464722,0.19330739974975586,rmse,regression,4.258773552252682,config,TabPFN-3,tabarena-2026-07-13,default,TA-TABPFN-3,False,
concrete_compressive_strength,0,TA-ILTM (default),5.943847402882313,838.489438533783,139.6646888256073,rmse,regression,5.505387284165416,config,iLTM,tabarena-2026-05-13,default,TA-ILTM,False,
concrete_compressive_strength,0,TA-ILTM (tuned),4.420762814198991,39623.97101163864,408.03887152671814,rmse,regression,4.229667697387606,hpo,iLTM,tabarena-2026-05-13,tuned,TA-ILTM,False,
concrete_compressive_strength,0,TA-ILTM (tuned + ensemble),4.485800435230907,39623.97101163864,637.066752910614,rmse,regression,3.999361246993688,hpo,iLTM,tabarena-2026-05-13,tuned_ensemble,TA-ILTM,False,
concrete_compressive_strength,0,TA-NORI (default),3.9771506743213667,17.72789454460144,0.7439978122711182,rmse,regression,4.334483044993449,config,Nori,tabarena-2026-07-13,default,TA-NORI,False,
concrete_compressive_strength,0,TA-NORI-30M (default),3.9227555130860825,19.259281396865845,1.0294604301452637,rmse,regression,4.429545283952183,config,Nori-30M,tabarena-2026-07-13,default,TA-NORI-30M,False,
concrete_compressive_strength,0,TABFM (default),3.8918309724314613,37.81180500984192,1.364551067352295,rmse,regression,4.205540740727247,config,TabFM,tabarena-2026-07-13,default,TABFM,False,
concrete_compressive_strength,0,TA-TABSWIFT (default),4.061623630055415,3.503906726837158,0.02388596534729004,rmse,regression,4.382955626113431,config,TabSwift,tabarena-2026-07-13,default,TA-TABSWIFT,False,
concrete_compressive_strength,0,TA-EXAONE-TABULAR (default),3.6917908405390794,8.651761054992676,0.21389031410217285,rmse,regression,4.172641529769173,config,EXAONE-Tabular,tabarena-2026-08-06,default,TA-EXAONE-TABULAR,False,
concrete_compressive_strength,0,[Leakage] TabSTAR_base (default),5.032819720098477,151.52440214157104,1.0707194805145264,rmse,regression,4.916638649118039,config,[Leakage] TabSTAR_base,[Leakage] TabSTAR_base,default,[Leakage] TabSTAR_base,False,
concrete_compressive_strength,0,[Leakage] TabSTAR_correct (default),5.4973653017741775,190.87584853172302,1.0698020458221436,rmse,regression,5.563191058222053,config,[Leakage] TabSTAR_correct,[Leakage] TabSTAR_correct,default,[Leakage] TabSTAR_correct,False,
concrete_compressive_strength,0,[Leakage] TabSTAR_wrong (default),5.307531969542902,105.94812083244324,1.0646841526031494,rmse,regression,5.274591133158434,config,[Leakage] TabSTAR_wrong,[Leakage] TabSTAR_wrong,default,[Leakage] TabSTAR_wrong,False,
credit-g,0,"AutoGluon 1.4 (best, 4h)",0.21512820512820519,3386.036979675293,0.5442836284637451,roc_auc,binary,0.14541845493562222,baseline,AutoGluon_v140_bq_4h8c,tabarena-2025-11-01,,,False,
credit-g,0,"AutoGluon 1.5 (extreme, 4h)",0.22901709401709414,121.16569018363953,1.5476250648498535,roc_auc,binary,0.20417381974248927,baseline,AutoGluon_v150_eq_4h8c,tabarena-2025-12-18,,,False,
credit-g,0,"AutoGluon 1.6 (extreme, 4h)",0.2104700854700856,11.44312834739685,0.20806884765625,roc_auc,binary,0.18946351931330474,baseline,AutoGluon_16_extreme,tabarena-2026-08-05,,,False,
credit-g,0,"AutoGluon 1.6 (noncommercial, 4h)",0.2104700854700856,22.10766887664795,0.21167612075805664,roc_auc,binary,0.18946351931330474,baseline,AutoGluon_16_noncommercial,tabarena-2026-08-05,,,False,
credit-g,0,TabFM+,0.19299145299145293,30.67857575416565,1.9066295623779297,roc_auc,binary,,baseline,TabFM+,tabarena-2026-07-07,,,False,
credit-g,0,CAT (default),0.20854700854700847,12.92047643661499,0.08153653144836426,roc_auc,binary,0.2088841201716738,config,CatBoost,tabarena-2026-07-13,default,CAT,False,
credit-g,0,CAT (tuned),0.21290598290598295,1712.9196965694427,0.09642744064331055,roc_auc,binary,0.17556866952789696,hpo,CatBoost,tabarena-2026-07-13,tuned,CAT,False,
credit-g,0,CAT (tuned + ensemble),0.20764957264957262,1712.9196965694427,1.1915771961212158,roc_auc,binary,0.15860515021459232,hpo,CatBoost,tabarena-2026-07-13,tuned_ensemble,CAT,False,
credit-g,0,CHIMERA (default),0.20952991452991454,9.539183139801025,0.028939247131347656,roc_auc,binary,0.22112660944206008,config,ChimeraBoost,tabarena-2026-08-10,default,CHIMERA,False,
credit-g,0,CHIMERA (tuned),0.2121367521367521,2016.1960966587067,0.032896995544433594,roc_auc,binary,0.20150214592274673,hpo,ChimeraBoost,tabarena-2026-08-10,tuned,CHIMERA,False,
credit-g,0,CHIMERA (tuned + ensemble),0.21247863247863252,2016.1960966587067,0.487044095993042,roc_auc,binary,0.1698712446351931,hpo,ChimeraBoost,tabarena-2026-08-10,tuned_ensemble,CHIMERA,False,
credit-g,0,EBM (default),0.2087179487179487,8.959162712097168,0.012898683547973633,roc_auc,binary,0.19032188841201703,config,ExplainableBM,tabarena-2026-07-13,default,EBM,False,
credit-g,0,EBM (tuned),0.22004273504273508,1830.0313665866852,0.015309572219848633,roc_auc,binary,0.1804291845493562,hpo,ExplainableBM,tabarena-2026-07-13,tuned,EBM,False,
credit-g,0,EBM (tuned + ensemble),0.21491452991452986,1830.0313665866852,0.1063082218170166,roc_auc,binary,0.17097639484978544,hpo,ExplainableBM,tabarena-2026-07-13,tuned_ensemble,EBM,False,
credit-g,0,XT (default),0.23228632478632472,6.466187477111816,0.3784976005554199,roc_auc,binary,0.21962982832618028,config,ExtraTrees,tabarena-2026-07-13,default,XT,False,
credit-g,0,XT (tuned),0.23628205128205126,1176.2381637096405,0.12117910385131836,roc_auc,binary,0.20553648068669528,hpo,ExtraTrees,tabarena-2026-07-13,tuned,XT,False,
credit-g,0,XT (tuned + ensemble),0.232008547008547,1176.2381637096405,0.39221882820129395,roc_auc,binary,0.20324034334763952,hpo,ExtraTrees,tabarena-2026-07-13,tuned_ensemble,XT,False,
credit-g,0,KNN (default),0.232051282051282,0.4489567279815674,0.020192384719848633,roc_auc,binary,0.24918454935622314,config,KNeighbors,tabarena-2025-10-20,default,KNN,False,
credit-g,0,KNN (tuned),0.23982905982905978,97.40011310577393,0.08256697654724121,roc_auc,binary,0.21656652360515016,hpo,KNeighbors,tabarena-2025-10-20,tuned,KNN,False,
credit-g,0,KNN (tuned + ensemble),0.2320940170940171,97.40011310577393,0.7659037113189697,roc_auc,binary,0.1891523605150215,hpo,KNeighbors,tabarena-2025-10-20,tuned_ensemble,KNN,False,
credit-g,0,GBM (default),0.2302991452991452,3.882800579071045,0.049593448638916016,roc_auc,binary,0.22865879828326185,config,LightGBM,tabarena-2025-06-12,default,GBM,False,
credit-g,0,GBM (tuned),0.2222222222222222,964.5000545978546,0.08305001258850098,roc_auc,binary,0.17551502145922748,hpo,LightGBM,tabarena-2025-06-12,tuned,GBM,False,
credit-g,0,GBM (tuned + ensemble),0.2202564102564103,964.5000545978546,1.345334529876709,roc_auc,binary,0.17274678111587982,hpo,LightGBM,tabarena-2025-06-12,tuned_ensemble,GBM,False,
credit-g,0,LR (default),0.2336324786324786,3.713348388671875,0.07664680480957031,roc_auc,binary,0.21504291845493562,config,LinearModel,tabarena-2025-10-20,default,LR,False,
credit-g,0,LR (tuned),0.23478632478632477,784.2970793247223,0.05362653732299805,roc_auc,binary,0.20042381974248924,hpo,LinearModel,tabarena-2025-10-20,tuned,LR,False,
credit-g,0,LR (tuned + ensemble),0.23465811965811967,784.2970793247223,0.11711788177490234,roc_auc,binary,0.20037553648068673,hpo,LinearModel,tabarena-2025-10-20,tuned_ensemble,LR,False,
credit-g,0,FASTAI (default),0.23658119658119647,6.958585262298584,0.3917815685272217,roc_auc,binary,0.20377682403433484,config,NeuralNetFastAI,tabarena-2025-06-12,default,FASTAI,False,
credit-g,0,FASTAI (tuned),0.25397435897435894,2012.6543209552765,1.2486896514892578,roc_auc,binary,0.16506437768240345,hpo,NeuralNetFastAI,tabarena-2025-06-12,tuned,FASTAI,False,
credit-g,0,FASTAI (tuned + ensemble),0.23064102564102562,2012.6543209552765,9.250242710113525,roc_auc,binary,0.13173819742489268,hpo,NeuralNetFastAI,tabarena-2025-06-12,tuned_ensemble,FASTAI,False,
credit-g,0,NN_TORCH (default),0.2200427350427352,14.81053352355957,0.10274863243103027,roc_auc,binary,0.24078326180257514,config,NeuralNetTorch,tabarena-2025-06-12,default,NN_TORCH,False,
credit-g,0,NN_TORCH (tuned),0.232008547008547,3254.5780062675476,0.11505675315856934,roc_auc,binary,0.17322961373390555,hpo,NeuralNetTorch,tabarena-2025-06-12,tuned,NN_TORCH,False,
credit-g,0,NN_TORCH (tuned + ensemble),0.22059829059829061,3254.5780062675476,1.8641695976257324,roc_auc,binary,0.13287553648068673,hpo,NeuralNetTorch,tabarena-2025-06-12,tuned_ensemble,NN_TORCH,False,
credit-g,0,RF (default),0.22166666666666646,0.542241096496582,0.056497812271118164,roc_auc,binary,0.21456545064377686,config,RandomForest,tabarena-2025-06-12,default,RF,False,
credit-g,0,RF (tuned),0.22166666666666668,636.7787394523621,0.056497812271118164,roc_auc,binary,0.21456545064377686,hpo,RandomForest,tabarena-2025-06-12,tuned,RF,False,
credit-g,0,RF (tuned + ensemble),0.21824786324786327,636.7787394523621,0.7180225849151611,roc_auc,binary,0.20999999999999996,hpo,RandomForest,tabarena-2025-06-12,tuned_ensemble,RF,False,
credit-g,0,XGB (default),0.22102564102564104,3.3047597408294678,0.12318897247314453,roc_auc,binary,0.20805257510729613,config,XGBoost,tabarena-2025-06-12,default,XGB,False,
credit-g,0,XGB (tuned),0.21833333333333338,1020.4654049873352,0.2685089111328125,roc_auc,binary,0.18569206008583694,hpo,XGBoost,tabarena-2025-06-12,tuned,XGB,False,
credit-g,0,XGB (tuned + ensemble),0.2152991452991453,1020.4654049873352,2.2409448623657227,roc_auc,binary,0.1806974248927039,hpo,XGBoost,tabarena-2025-06-12,tuned_ensemble,XGB,False,
credit-g,0,MITRA_GPU (default),0.22145299145299147,89.63339591026306,1.3933329582214355,roc_auc,binary,0.18296137339055807,config,Mitra_GPU,tabarena-2025-09-03,default,MITRA_GPU,False,
credit-g,0,MNCA_GPU (default),0.24076923076923085,9.977884292602539,0.19689631462097168,roc_auc,binary,0.19839055793991422,config,ModernNCA_GPU,tabarena-2025-06-12,default,MNCA_GPU,False,
credit-g,0,MNCA_GPU (tuned),0.23064102564102562,4946.258330583572,0.20600104331970215,roc_auc,binary,0.17979613733905575,hpo,ModernNCA_GPU,tabarena-2025-06-12,tuned,MNCA_GPU,False,
credit-g,0,MNCA_GPU (tuned + ensemble),0.22149572649572646,4946.258330583572,6.050624132156372,roc_auc,binary,0.08556866952789699,hpo,ModernNCA_GPU,tabarena-2025-06-12,tuned_ensemble,MNCA_GPU,False,
credit-g,0,REALMLP_GPU (default),0.2103846153846154,18.84049940109253,3.3693957328796387,roc_auc,binary,0.20343347639484977,config,RealMLP_GPU,tabarena-2025-09-03,default,REALMLP_GPU,False,
credit-g,0,REALMLP_GPU (tuned),0.20329059829059826,4236.4962639808655,0.4896829128265381,roc_auc,binary,0.1747371244635193,hpo,RealMLP_GPU,tabarena-2025-09-03,tuned,REALMLP_GPU,False,
credit-g,0,REALMLP_GPU (tuned + ensemble),0.20747863247863252,4236.4962639808655,32.62217450141907,roc_auc,binary,0.14733905579399142,hpo,RealMLP_GPU,tabarena-2025-09-03,tuned_ensemble,REALMLP_GPU,False,
credit-g,0,TABDPT_GPU (default),0.2350427350427351,37.17415261268616,15.060752391815186,roc_auc,binary,0.2101609442060085,config,TabDPT_GPU,tabarena-2025-10-20,default,TABDPT_GPU,False,
credit-g,0,TABDPT_GPU (tuned),0.23472222222222228,7120.323771238327,16.077760934829712,roc_auc,binary,0.20437768240343346,hpo,TabDPT_GPU,tabarena-2025-10-20,tuned,TABDPT_GPU,False,
credit-g,0,TABDPT_GPU (tuned + ensemble),0.23076923076923073,7120.323771238327,183.3681743144989,roc_auc,binary,0.19351931330472105,hpo,TabDPT_GPU,tabarena-2025-10-20,tuned_ensemble,TABDPT_GPU,False,
credit-g,0,TABDPT_TURBO (default),0.22756410256410253,5.954867839813232,0.14078617095947266,roc_auc,binary,0.20528969957081544,config,TabDPT-Turbo,tabarena-2026-07-13,default,TABDPT_TURBO,False,
credit-g,0,TABICL_GPU (default),0.21858974358974348,10.958436727523804,0.9319560527801514,roc_auc,binary,0.20623390557939913,config,TabICL_GPU,tabarena-2025-06-12,default,TABICL_GPU,False,
credit-g,0,TA-TABM (default),0.21273504273504262,9.51559329032898,0.2546861171722412,roc_auc,binary,0.21920600858369088,config,TabM,tabarena-2026-06-26,default,TA-TABM,False,
credit-g,0,TA-TABM (tuned),0.21594017094017093,2683.4555740356445,0.2822387218475342,roc_auc,binary,0.1784763948497854,hpo,TabM,tabarena-2026-06-26,tuned,TA-TABM,False,
credit-g,0,TA-TABM (tuned + ensemble),0.21570512820512822,2683.4555740356445,2.4822335243225098,roc_auc,binary,0.16071888412017166,hpo,TabM,tabarena-2026-06-26,tuned_ensemble,TA-TABM,False,
credit-g,0,TABPFNV2_GPU (default),0.22782051282051285,6.367313861846924,0.25758862495422363,roc_auc,binary,0.2256866952789699,config,TabPFNv2_GPU,tabarena-2025-06-12,default,TABPFNV2_GPU,False,
credit-g,0,TABPFNV2_GPU (tuned),0.22794871794871796,1926.0209152698517,0.5282588005065918,roc_auc,binary,0.20380364806866957,hpo,TabPFNv2_GPU,tabarena-2025-06-12,tuned,TABPFNV2_GPU,False,
credit-g,0,TABPFNV2_GPU (tuned + ensemble),0.21337606837606837,1926.0209152698517,17.426868438720703,roc_auc,binary,0.1816416309012876,hpo,TabPFNv2_GPU,tabarena-2025-06-12,tuned_ensemble,TABPFNV2_GPU,False,
credit-g,0,XRFM_GPU (default),0.23226495726495722,8.241883277893066,0.6149406433105469,roc_auc,binary,0.1869098712446352,config,xRFM_GPU,tabarena-2025-09-03,default,XRFM_GPU,False,
credit-g,0,XRFM_GPU (tuned),0.22576923076923072,1727.965188741684,0.061461687088012695,roc_auc,binary,0.17376609442060087,hpo,xRFM_GPU,tabarena-2025-09-03,tuned,XRFM_GPU,False,
credit-g,0,XRFM_GPU (tuned + ensemble),0.2333760683760684,1727.965188741684,6.976593732833862,roc_auc,binary,0.14675965665236046,hpo,xRFM_GPU,tabarena-2025-09-03,tuned_ensemble,XRFM_GPU,False,
credit-g,0,BETA_GPU (default),0.22978632478632488,299.68988728523254,1.7624757289886475,roc_auc,binary,0.17320278969957092,config,BetaTabPFN_GPU,tabarena-2025-09-03,default,BETA_GPU,False,
credit-g,0,TABFLEX_GPU (default),0.23260683760683754,3.6803297996520996,0.5323019027709961,roc_auc,binary,0.22797210300429183,config,TabFlex_GPU,tabarena-2025-09-03,default,TABFLEX_GPU,False,
credit-g,0,REALTABPFN-V2.5 (default),0.2150854700854702,7.706429481506348,0.2833068370819092,roc_auc,binary,0.20862124463519305,config,RealTabPFN-v2.5,tabarena-2025-11-12,default,REALTABPFN-V2.5,False,
credit-g,0,REALTABPFN-V2.5 (tuned),0.21508547008547008,2691.2485065460205,0.2833068370819092,roc_auc,binary,0.20862124463519316,hpo,RealTabPFN-v2.5,tabarena-2025-11-12,tuned,REALTABPFN-V2.5,False,
credit-g,0,REALTABPFN-V2.5 (tuned + ensemble),0.2188461538461538,2691.2485065460205,16.622724294662476,roc_auc,binary,0.20407725321888415,hpo,RealTabPFN-v2.5,tabarena-2025-11-12,tuned_ensemble,REALTABPFN-V2.5,False,
credit-g,0,SAP-RPT-OSS (default),0.2005982905982906,20.056421041488647,0.2917444705963135,roc_auc,binary,0.21494098712446352,config,SAP-RPT-OSS,tabarena-2025-11-25,default,SAP-RPT-OSS,False,
credit-g,0,TABICLV2 (default),0.2107264957264957,3.602034330368042,0.06496071815490723,roc_auc,binary,0.19459227467811158,config,TabICLv2,tabarena-2026-07-13,default,TABICLV2,False,
credit-g,0,TABSTAR (default),0.20247863247863251,224.41772603988647,2.074056386947632,roc_auc,binary,0.18779506437768245,config,TabSTAR,tabarena-2026-03-18,default,TABSTAR,False,
credit-g,0,TABSTAR (tuned),0.19944444444444442,67410.45622396469,1.8481857776641846,roc_auc,binary,0.18431330472103002,hpo,TabSTAR,tabarena-2026-03-18,tuned,TABSTAR,False,
credit-g,0,TABSTAR (tuned + ensemble),0.1992307692307692,67410.45622396469,12.263083457946777,roc_auc,binary,0.17990343347639481,hpo,TabSTAR,tabarena-2026-03-18,tuned_ensemble,TABSTAR,False,
credit-g,0,PB (default),0.22940170940170945,19.067134857177734,0.04416966438293457,roc_auc,binary,0.23377682403433475,config,PerpetualBooster,tabarena-2026-03-18,default,PB,False,
credit-g,0,PB (tuned),0.21965811965811965,167.68046975135803,0.7755863666534424,roc_auc,binary,0.23007510729613734,hpo,PerpetualBooster,tabarena-2026-03-18,tuned,PB,False,
credit-g,0,PB (tuned + ensemble),0.21260683760683763,167.68046975135803,0.9021501541137695,roc_auc,binary,0.2137660944206009,hpo,PerpetualBooster,tabarena-2026-03-18,tuned_ensemble,PB,False,
credit-g,0,TABPFN-V2.6 (default),0.21739316239316242,8.243739128112793,0.25058674812316895,roc_auc,binary,0.20937768240343346,config,TabPFN-v2.6,tabarena-2026-03-18,default,TABPFN-V2.6,False,
credit-g,0,TA-LIMIX (default),0.19183760683760676,43.06420159339905,3.409633159637451,roc_auc,binary,0.1977038626609442,config,LimiX,tabarena-2026-05-13,default,TA-LIMIX,False,
credit-g,0,TA-ORION-MSP (default),0.2512393162393163,18.21025562286377,0.9957613945007324,roc_auc,binary,0.2283476394849785,config,OrionMSP,tabarena-2026-05-13,default,TA-ORION-MSP,False,
credit-g,0,TA-TABPFN-3 (default),0.21901709401709413,8.294912815093994,0.20480132102966309,roc_auc,binary,0.19528969957081554,config,TabPFN-3,tabarena-2026-07-13,default,TA-TABPFN-3,False,
credit-g,0,TA-ILTM (default),0.24123931623931627,540.3647677898407,140.14166045188904,roc_auc,binary,0.18944206008583708,config,iLTM,tabarena-2026-05-13,default,TA-ILTM,False,
credit-g,0,TA-ILTM (tuned),0.2155982905982906,28533.690267324448,121.1443555355072,roc_auc,binary,0.14179184549356227,hpo,iLTM,tabarena-2026-05-13,tuned,TA-ILTM,False,
credit-g,0,TA-ILTM (tuned + ensemble),0.21423076923076922,28533.690267324448,1833.9551684856415,roc_auc,binary,0.1259442060085837,hpo,iLTM,tabarena-2026-05-13,tuned_ensemble,TA-ILTM,False,
credit-g,0,TA-NORI (default),0.22166666666666646,0.542241096496582,0.056497812271118164,roc_auc,binary,0.21456545064377686,config,Nori,tabarena-2026-07-13,default,TA-NORI,True,
credit-g,0,TA-NORI-30M (default),0.22166666666666646,0.542241096496582,0.056497812271118164,roc_auc,binary,0.21456545064377686,config,Nori-30M,tabarena-2026-07-13,default,TA-NORI-30M,True,
credit-g,0,TABFM (default),0.1973717948717948,36.84355664253235,1.7080323696136475,roc_auc,binary,0.18065450643776815,config,TabFM,tabarena-2026-07-13,default,TABFM,False,
credit-g,0,TA-TABSWIFT (default),0.22506410256410259,2.5473215579986572,0.02492523193359375,roc_auc,binary,0.21099785407725324,config,TabSwift,tabarena-2026-07-13,default,TA-TABSWIFT,False,
credit-g,0,TA-EXAONE-TABULAR (default),0.198931623931624,12.12180233001709,0.1695234775543213,roc_auc,binary,0.19192060085836915,config,EXAONE-Tabular,tabarena-2026-08-06,default,TA-EXAONE-TABULAR,False,
credit-g,0,[Leakage] TabSTAR_base (default),0.2351282051282052,154.16533589363098,1.270674228668213,roc_auc,binary,0.239087982832618,config,[Leakage] TabSTAR_base,[Leakage] TabSTAR_base,default,[Leakage] TabSTAR_base,False,
credit-g,0,[Leakage] TabSTAR_correct (default),0.282991452991453,162.54101753234863,1.2728502750396729,roc_auc,binary,0.2688572961373391,config,[Leakage] TabSTAR_correct,[Leakage] TabSTAR_correct,default,[Leakage] TabSTAR_correct,False,
credit-g,0,[Leakage] TabSTAR_wrong (default),0.25602564102564107,146.94521594047546,1.3032128810882568,roc_auc,binary,0.23350858369098704,config,[Leakage] TabSTAR_wrong,[Leakage] TabSTAR_wrong,default,[Leakage] TabSTAR_wrong,False,
credit_card_clients_default,0,"AutoGluon 1.4 (best, 4h)",0.20817076928292333,11713.052577972412,25.470249891281128,roc_auc,binary,0.20947118010181187,baseline,AutoGluon_v140_bq_4h8c,tabarena-2025-11-01,,,False,
credit_card_clients_default,0,"AutoGluon 1.5 (extreme, 4h)",0.20521701444518436,2481.73880815506,21.16544532775879,roc_auc,binary,0.2125804025946163,baseline,AutoGluon_v150_eq_4h8c,tabarena-2025-12-18,,,False,
credit_card_clients_default,0,"AutoGluon 1.6 (extreme, 4h)",0.20488283082147063,66.59994316101074,4.7844743728637695,roc_auc,binary,0.21310097180853194,baseline,AutoGluon_16_extreme,tabarena-2026-08-05,,,False,
credit_card_clients_default,0,"AutoGluon 1.6 (noncommercial, 4h)",0.20485479352943414,80.05383539199829,6.566149473190308,roc_auc,binary,0.21301414617796566,baseline,AutoGluon_16_noncommercial,tabarena-2026-08-05,,,False,
credit_card_clients_default,0,TabFM+,0.20274770105814954,71.98023629188538,112.71849656105042,roc_auc,binary,,baseline,TabFM+,tabarena-2026-07-07,,,False,
credit_card_clients_default,0,CAT (default),0.21020596902918287,11.50565218925476,0.05088019371032715,roc_auc,binary,0.21911493467020726,config,CatBoost,tabarena-2026-07-13,default,CAT,False,
credit_card_clients_default,0,CAT (tuned),0.20989674614165066,3290.101125240326,0.057183027267456055,roc_auc,binary,0.21853697753115797,hpo,CatBoost,tabarena-2026-07-13,tuned,CAT,False,
credit_card_clients_default,0,CAT (tuned + ensemble),0.2102262278592465,3290.101125240326,0.9680132865905762,roc_auc,binary,0.21703470401442937,hpo,CatBoost,tabarena-2026-07-13,tuned_ensemble,CAT,False,
credit_card_clients_default,0,CHIMERA (default),0.20860003589702147,10.652871131896973,0.35329341888427734,roc_auc,binary,0.2183090511808865,config,ChimeraBoost,tabarena-2026-08-10,default,CHIMERA,False,
credit_card_clients_default,0,CHIMERA (tuned),0.20868980747493937,2240.7169947624207,0.3496980667114258,roc_auc,binary,0.21613243144969174,hpo,ChimeraBoost,tabarena-2026-08-10,tuned,CHIMERA,False,
credit_card_clients_default,0,CHIMERA (tuned + ensemble),0.2073839256109692,2240.7169947624207,7.6908955574035645,roc_auc,binary,0.21173857274278318,hpo,ChimeraBoost,tabarena-2026-08-10,tuned_ensemble,CHIMERA,False,
credit_card_clients_default,0,EBM (default),0.21025754487592074,12.021506309509277,0.11012125015258789,roc_auc,binary,0.22006685297824546,config,ExplainableBM,tabarena-2026-07-13,default,EBM,False,
credit_card_clients_default,0,EBM (tuned),0.20988545576214535,3604.216828107834,0.0718545913696289,roc_auc,binary,0.21937367737122349,hpo,ExplainableBM,tabarena-2026-07-13,tuned,EBM,False,
credit_card_clients_default,0,EBM (tuned + ensemble),0.20864609716250992,3604.216828107834,1.129514455795288,roc_auc,binary,0.217793183873089,hpo,ExplainableBM,tabarena-2026-07-13,tuned_ensemble,EBM,False,
credit_card_clients_default,0,XT (default),0.22503055658494397,10.28662896156311,0.7246510982513428,roc_auc,binary,0.234343820847857,config,ExtraTrees,tabarena-2026-07-13,default,XT,False,
credit_card_clients_default,0,XT (tuned),0.21359758161812437,1317.7023029327393,0.21280932426452637,roc_auc,binary,0.22272190616899368,hpo,ExtraTrees,tabarena-2026-07-13,tuned,XT,False,
credit_card_clients_default,0,XT (tuned + ensemble),0.21269374175134736,1317.7023029327393,3.1270618438720703,roc_auc,binary,0.22004787846513063,hpo,ExtraTrees,tabarena-2026-07-13,tuned_ensemble,XT,False,
credit_card_clients_default,0,KNN (default),0.2594188177016432,0.9309475421905518,0.22920560836791992,roc_auc,binary,0.26169582457966123,config,KNeighbors,tabarena-2025-10-20,default,KNN,False,
credit_card_clients_default,0,KNN (tuned),0.2346152180616351,3011.682808637619,0.29732847213745117,roc_auc,binary,0.2430383128144472,hpo,KNeighbors,tabarena-2025-10-20,tuned,KNN,False,
credit_card_clients_default,0,KNN (tuned + ensemble),0.22370633148229158,3011.682808637619,118.62409567832947,roc_auc,binary,0.22962694554426477,hpo,KNeighbors,tabarena-2025-10-20,tuned_ensemble,KNN,False,
credit_card_clients_default,0,GBM (default),0.21110005679438204,6.992367506027222,0.7779974937438965,roc_auc,binary,0.2209250887092955,config,LightGBM,tabarena-2025-06-12,default,GBM,False,
credit_card_clients_default,0,GBM (tuned),0.20978825401159662,1894.7436757087708,1.1489555835723877,roc_auc,binary,0.2181558183824328,hpo,LightGBM,tabarena-2025-06-12,tuned,GBM,False,
credit_card_clients_default,0,GBM (tuned + ensemble),0.20939999846752688,1894.7436757087708,5.285810947418213,roc_auc,binary,0.21624328904486056,hpo,LightGBM,tabarena-2025-06-12,tuned_ensemble,GBM,False,
credit_card_clients_default,0,LR (default),0.25338232487315304,4.399640321731567,0.3715651035308838,roc_auc,binary,0.2576682719322443,config,LinearModel,tabarena-2025-10-20,default,LR,False,
credit_card_clients_default,0,LR (tuned),0.2535734776737244,879.2050166130066,0.40227198600769043,roc_auc,binary,0.2573628221792511,hpo,LinearModel,tabarena-2025-10-20,tuned,LR,False,
credit_card_clients_default,0,LR (tuned + ensemble),0.2535451211164578,879.2050166130066,1.5712966918945312,roc_auc,binary,0.2573453278958401,hpo,LinearModel,tabarena-2025-10-20,tuned_ensemble,LR,False,
credit_card_clients_default,0,FASTAI (default),0.21352487621796779,33.81458306312561,1.7981948852539062,roc_auc,binary,0.22891922160118372,config,NeuralNetFastAI,tabarena-2025-06-12,default,FASTAI,False,
credit_card_clients_default,0,FASTAI (tuned),0.2104549088364257,6820.791337013245,0.941673994064331,roc_auc,binary,0.22082435327313032,hpo,NeuralNetFastAI,tabarena-2025-06-12,tuned,FASTAI,False,
credit_card_clients_default,0,FASTAI (tuned + ensemble),0.2110843257257653,6820.791337013245,23.84264612197876,roc_auc,binary,0.21633881465295057,hpo,NeuralNetFastAI,tabarena-2025-06-12,tuned_ensemble,FASTAI,False,
credit_card_clients_default,0,NN_TORCH (default),0.21872097588816108,30.76021695137024,0.45589113235473633,roc_auc,binary,0.2268858576299978,config,NeuralNetTorch,tabarena-2025-06-12,default,NN_TORCH,False,
credit_card_clients_default,0,NN_TORCH (tuned),0.21109146565727777,22563.893216133118,0.547828197479248,roc_auc,binary,0.2192159095552949,hpo,NeuralNetTorch,tabarena-2025-06-12,tuned,NN_TORCH,False,
credit_card_clients_default,0,NN_TORCH (tuned + ensemble),0.21143572064779959,22563.893216133118,16.73704695701599,roc_auc,binary,0.2131224206271809,hpo,NeuralNetTorch,tabarena-2025-06-12,tuned_ensemble,NN_TORCH,False,
credit_card_clients_default,0,RF (default),0.2272898224746004,4.796244859695435,0.22704148292541504,roc_auc,binary,0.23989525546326673,config,RandomForest,tabarena-2025-06-12,default,RF,False,
credit_card_clients_default,0,RF (tuned),0.21234954480904922,2402.6530883312225,0.25020766258239746,roc_auc,binary,0.22475445746504796,hpo,RandomForest,tabarena-2025-06-12,tuned,RF,False,
credit_card_clients_default,0,RF (tuned + ensemble),0.2125647876224469,2402.6530883312225,2.993509292602539,roc_auc,binary,0.22243646128508554,hpo,RandomForest,tabarena-2025-06-12,tuned_ensemble,RF,False,
credit_card_clients_default,0,XGB (default),0.21152232859752707,5.356426000595093,0.39633631706237793,roc_auc,binary,0.22302433741435557,config,XGBoost,tabarena-2025-06-12,default,XGB,False,
credit_card_clients_default,0,XGB (tuned),0.20927136360385667,1478.88502907753,0.5078930854797363,roc_auc,binary,0.21790060211100493,hpo,XGBoost,tabarena-2025-06-12,tuned,XGB,False,
credit_card_clients_default,0,XGB (tuned + ensemble),0.20932552259654813,1478.88502907753,3.0405771732330322,roc_auc,binary,0.21720489415022504,hpo,XGBoost,tabarena-2025-06-12,tuned_ensemble,XGB,False,
credit_card_clients_default,0,MITRA_GPU (default),0.2272898224746004,4.796244859695435,0.22704148292541504,roc_auc,binary,0.23989525546326673,config,Mitra_GPU,tabarena-2025-09-03,default,MITRA_GPU,True,
credit_card_clients_default,0,MNCA_GPU (default),0.2129734180930276,68.75379681587219,1.5434694290161133,roc_auc,binary,0.22341244783786607,config,ModernNCA_GPU,tabarena-2025-06-12,default,MNCA_GPU,False,
credit_card_clients_default,0,MNCA_GPU (tuned),0.20815048142874792,23184.22045493126,1.8528709411621094,roc_auc,binary,0.21475515752662555,hpo,ModernNCA_GPU,tabarena-2025-06-12,tuned,MNCA_GPU,False,
credit_card_clients_default,0,MNCA_GPU (tuned + ensemble),0.20689504347115373,23184.22045493126,40.309650182724,roc_auc,binary,0.2074419956027309,hpo,ModernNCA_GPU,tabarena-2025-06-12,tuned_ensemble,MNCA_GPU,False,
credit_card_clients_default,0,REALMLP_GPU (default),0.21021476333507016,122.24272441864014,3.0059547424316406,roc_auc,binary,0.22119539026285162,config,RealMLP_GPU,tabarena-2025-09-03,default,REALMLP_GPU,False,
credit_card_clients_default,0,REALMLP_GPU (tuned),0.20978555476919558,33111.25466513634,0.8574869632720947,roc_auc,binary,0.21618513923679128,hpo,RealMLP_GPU,tabarena-2025-09-03,tuned,REALMLP_GPU,False,
credit_card_clients_default,0,REALMLP_GPU (tuned + ensemble),0.2094401388142002,33111.25466513634,29.98085594177246,roc_auc,binary,0.21204782465442729,hpo,RealMLP_GPU,tabarena-2025-09-03,tuned_ensemble,REALMLP_GPU,False,
credit_card_clients_default,0,TABDPT_GPU (default),0.2117071251176057,883.9919075965881,393.8741044998169,roc_auc,binary,0.22017606345506746,config,TabDPT_GPU,tabarena-2025-10-20,default,TABDPT_GPU,False,
credit_card_clients_default,0,TABDPT_GPU (tuned),0.20907611840351592,97875.02136898041,394.51515340805054,roc_auc,binary,0.21808706751751428,hpo,TabDPT_GPU,tabarena-2025-10-20,tuned,TABDPT_GPU,False,
credit_card_clients_default,0,TABDPT_GPU (tuned + ensemble),0.20929379924230818,97875.02136898041,5386.96727848053,roc_auc,binary,0.2143844615702184,hpo,TabDPT_GPU,tabarena-2025-10-20,tuned_ensemble,TABDPT_GPU,False,
credit_card_clients_default,0,TABDPT_TURBO (default),0.20707673441126562,11.740205526351929,1.2431392669677734,roc_auc,binary,0.21542570158244112,config,TabDPT-Turbo,tabarena-2026-07-13,default,TABDPT_TURBO,False,
credit_card_clients_default,0,TABICL_GPU (default),0.2089949379627024,139.3388044834137,29.112404584884644,roc_auc,binary,0.21594497922337974,config,TabICL_GPU,tabarena-2025-06-12,default,TABICL_GPU,False,
credit_card_clients_default,0,TA-TABM (default),0.2101328282673488,26.385963439941406,0.5323076248168945,roc_auc,binary,0.21944150672059126,config,TabM,tabarena-2026-06-26,default,TA-TABM,False,
credit_card_clients_default,0,TA-TABM (tuned),0.20692308076319021,11181.99405002594,0.5664646625518799,roc_auc,binary,0.215105797821752,hpo,TabM,tabarena-2026-06-26,tuned,TA-TABM,False,
credit_card_clients_default,0,TA-TABM (tuned + ensemble),0.20698011314295373,11181.99405002594,4.197698354721069,roc_auc,binary,0.21409329893627793,hpo,TabM,tabarena-2026-06-26,tuned_ensemble,TA-TABM,False,
credit_card_clients_default,0,TABPFNV2_GPU (default),0.2272898224746004,4.796244859695435,0.22704148292541504,roc_auc,binary,0.23989525546326673,config,TabPFNv2_GPU,tabarena-2025-06-12,default,TABPFNV2_GPU,True,RandomForest_c1_BAG_L1
credit_card_clients_default,0,TABPFNV2_GPU (tuned),0.2272898224746004,4.796244859695435,0.22704148292541504,roc_auc,binary,0.23989525546326662,hpo,TabPFNv2_GPU,tabarena-2025-06-12,tuned,TABPFNV2_GPU,True,RandomForest_c1_BAG_L1
credit_card_clients_default,0,TABPFNV2_GPU (tuned + ensemble),0.2272898224746004,4.796244859695435,0.22704148292541504,roc_auc,binary,0.23989525546326662,hpo,TabPFNv2_GPU,tabarena-2025-06-12,tuned_ensemble,TABPFNV2_GPU,True,RandomForest_c1_BAG_L1
credit_card_clients_default,0,XRFM_GPU (default),0.2611151899662948,55.32333064079285,0.8459231853485107,roc_auc,binary,0.262160123296749,config,xRFM_GPU,tabarena-2025-09-03,default,XRFM_GPU,False,
credit_card_clients_default,0,XRFM_GPU (tuned),0.21051887797891877,9365.676292419434,0.25240206718444824,roc_auc,binary,0.21878128073653447,hpo,xRFM_GPU,tabarena-2025-09-03,tuned,XRFM_GPU,False,
credit_card_clients_default,0,XRFM_GPU (tuned + ensemble),0.21198183833616147,9365.676292419434,5.371525287628174,roc_auc,binary,0.2155336712784819,hpo,xRFM_GPU,tabarena-2025-09-03,tuned_ensemble,XRFM_GPU,False,
credit_card_clients_default,0,BETA_GPU (default),0.20819570099499296,3182.077474594116,7.858204126358032,roc_auc,binary,0.21431682813360564,config,BetaTabPFN_GPU,tabarena-2025-09-03,default,BETA_GPU,False,
credit_card_clients_default,0,TABFLEX_GPU (default),0.2168010599141258,3.928518533706665,0.3629944324493408,roc_auc,binary,0.22609952188000082,config,TabFlex_GPU,tabarena-2025-09-03,default,TABFLEX_GPU,False,
credit_card_clients_default,0,REALTABPFN-V2.5 (default),0.20673378550577648,46.38527512550354,7.478281021118164,roc_auc,binary,0.2156909384284813,config,RealTabPFN-v2.5,tabarena-2025-11-12,default,REALTABPFN-V2.5,False,
credit_card_clients_default,0,REALTABPFN-V2.5 (tuned),0.20659832997582406,23762.163957595825,12.634274244308472,roc_auc,binary,0.21402038311131044,hpo,RealTabPFN-v2.5,tabarena-2025-11-12,tuned,REALTABPFN-V2.5,False,
credit_card_clients_default,0,REALTABPFN-V2.5 (tuned + ensemble),0.206250330874875,23762.163957595825,118.81938362121582,roc_auc,binary,0.21374794102950612,hpo,RealTabPFN-v2.5,tabarena-2025-11-12,tuned_ensemble,REALTABPFN-V2.5,False,
credit_card_clients_default,0,SAP-RPT-OSS (default),0.21191281899820846,400.9672632217407,165.67083930969238,roc_auc,binary,0.22085358055375215,config,SAP-RPT-OSS,tabarena-2025-11-25,default,SAP-RPT-OSS,False,
credit_card_clients_default,0,TABICLV2 (default),0.2049943995073794,11.216373443603516,1.1774981021881104,roc_auc,binary,0.21375838970976813,config,TabICLv2,tabarena-2026-07-13,default,TABICLV2,False,
credit_card_clients_default,0,TABSTAR (default),0.21786398093789217,3306.3281922340393,25.73486614227295,roc_auc,binary,0.22380937433534787,config,TabSTAR,tabarena-2026-03-18,default,TABSTAR,False,
credit_card_clients_default,0,TABSTAR (tuned),0.21340703832390162,188817.8506116867,27.336975574493408,roc_auc,binary,0.22000474863493802,hpo,TabSTAR,tabarena-2026-03-18,tuned,TABSTAR,False,
credit_card_clients_default,0,TABSTAR (tuned + ensemble),0.21342895152834007,188817.8506116867,52.323352575302124,roc_auc,binary,0.21989096686050125,hpo,TabSTAR,tabarena-2026-03-18,tuned_ensemble,TABSTAR,False,
credit_card_clients_default,0,PB (default),0.2452294228334777,40.26527667045593,0.20331311225891113,roc_auc,binary,0.25473941978246306,config,PerpetualBooster,tabarena-2026-03-18,default,PB,False,
credit_card_clients_default,0,PB (tuned),0.22052331518513668,492.0629062652588,2.4694087505340576,roc_auc,binary,0.22918285486504486,hpo,PerpetualBooster,tabarena-2026-03-18,tuned,PB,False,
credit_card_clients_default,0,PB (tuned + ensemble),0.21813883927700706,492.0629062652588,3.590684413909912,roc_auc,binary,0.2275366943138747,hpo,PerpetualBooster,tabarena-2026-03-18,tuned_ensemble,PB,False,
credit_card_clients_default,0,TABPFN-V2.6 (default),0.20665974499647533,40.78866386413574,4.491823434829712,roc_auc,binary,0.21474915679150286,config,TabPFN-v2.6,tabarena-2026-03-18,default,TABPFN-V2.6,False,
credit_card_clients_default,0,TA-LIMIX (default),0.21411328203727897,102.62974262237549,18.63878607749939,roc_auc,binary,0.22719571904799063,config,LimiX,tabarena-2026-05-13,default,TA-LIMIX,False,
credit_card_clients_default,0,TA-ORION-MSP (default),0.21676672438982036,202.95075392723083,37.064250230789185,roc_auc,binary,0.2365164860438138,config,OrionMSP,tabarena-2026-05-13,default,TA-ORION-MSP,False,
credit_card_clients_default,0,TA-TABPFN-3 (default),0.206290703414443,16.171425819396973,1.7765107154846191,roc_auc,binary,0.2140675400370209,config,TabPFN-3,tabarena-2026-07-13,default,TA-TABPFN-3,False,
credit_card_clients_default,0,TA-ILTM (default),0.2127733548901216,2773.203301668167,166.4529106616974,roc_auc,binary,0.21673060388263665,config,iLTM,tabarena-2026-05-13,default,TA-ILTM,False,
credit_card_clients_default,0,TA-ILTM (tuned),0.21051301510832732,60527.77106428146,99.40731501579285,roc_auc,binary,0.2165599421050236,hpo,iLTM,tabarena-2026-05-13,tuned,TA-ILTM,False,
credit_card_clients_default,0,TA-ILTM (tuned + ensemble),0.2107526091515579,60527.77106428146,1268.9238619804382,roc_auc,binary,0.2131664356927847,hpo,iLTM,tabarena-2026-05-13,tuned_ensemble,TA-ILTM,False,
credit_card_clients_default,0,TA-NORI (default),0.2272898224746004,4.796244859695435,0.22704148292541504,roc_auc,binary,0.23989525546326673,config,Nori,tabarena-2026-07-13,default,TA-NORI,True,
credit_card_clients_default,0,TA-NORI-30M (default),0.2272898224746004,4.796244859695435,0.22704148292541504,roc_auc,binary,0.23989525546326673,config,Nori-30M,tabarena-2026-07-13,default,TA-NORI-30M,True,
credit_card_clients_default,0,TABFM (default),0.20242196345098074,483.4945957660675,103.168949842453,roc_auc,binary,0.210451077653663,config,TabFM,tabarena-2026-07-13,default,TABFM,False,
credit_card_clients_default,0,TA-TABSWIFT (default),0.20855432292087517,8.990262746810913,0.920433521270752,roc_auc,binary,0.217551674238477,config,TabSwift,tabarena-2026-07-13,default,TA-TABSWIFT,False,
credit_card_clients_default,0,TA-EXAONE-TABULAR (default),0.2039984661337374,39.957988262176514,6.243016481399536,roc_auc,binary,0.21330244993689007,config,EXAONE-Tabular,tabarena-2026-08-06,default,TA-EXAONE-TABULAR,False,
credit_card_clients_default,0,[Leakage] TabSTAR_base (default),0.21469016528419016,2802.4665417671204,47.132967472076416,roc_auc,binary,0.22197975962927152,config,[Leakage] TabSTAR_base,[Leakage] TabSTAR_base,default,[Leakage] TabSTAR_base,False,
credit_card_clients_default,0,[Leakage] TabSTAR_correct (default),0.21412271487362666,2942.4996948242188,47.18573808670044,roc_auc,binary,0.22317704777879632,config,[Leakage] TabSTAR_correct,[Leakage] TabSTAR_correct,default,[Leakage] TabSTAR_correct,False,
credit_card_clients_default,0,[Leakage] TabSTAR_wrong (default),0.2134705430806052,3150.5812425613403,45.25595235824585,roc_auc,binary,0.22160517444187788,config,[Leakage] TabSTAR_wrong,[Leakage] TabSTAR_wrong,default,[Leakage] TabSTAR_wrong,False,
customer_satisfaction_in_airline,0,"AutoGluon 1.4 (best, 4h)",0.004454531224472147,14416.73066163063,270.62693309783936,roc_auc,binary,0.004550438702303983,baseline,AutoGluon_v140_bq_4h8c,tabarena-2025-11-01,,,False,
customer_satisfaction_in_airline,0,"AutoGluon 1.5 (extreme, 4h)",0.004721903206854838,14415.399065971375,96.50966715812683,roc_auc,binary,0.0046852135689143815,baseline,AutoGluon_v150_eq_4h8c,tabarena-2025-12-18,,,False,
customer_satisfaction_in_airline,0,"AutoGluon 1.6 (extreme, 4h)",0.004566075466643227,2013.7210986614227,53.652679681777954,roc_auc,binary,0.004635393118847864,baseline,AutoGluon_16_extreme,tabarena-2026-08-05,,,False,
customer_satisfaction_in_airline,0,"AutoGluon 1.6 (noncommercial, 4h)",0.004435560272965433,2116.3053164482117,60.334179162979126,roc_auc,binary,0.0045092920528365665,baseline,AutoGluon_16_noncommercial,tabarena-2026-08-05,,,False,
customer_satisfaction_in_airline,0,TabFM+,0.0038483016566821515,630.2940921783447,1334.6603181362152,roc_auc,binary,,baseline,TabFM+,tabarena-2026-07-07,,,False,
customer_satisfaction_in_airline,0,CAT (default),0.005235286009424245,889.4900670051575,0.8975925445556641,roc_auc,binary,0.005499659568871551,config,CatBoost,tabarena-2026-07-13,default,CAT,False,
customer_satisfaction_in_airline,0,CAT (tuned),0.005404673350275724,29407.74386048317,0.6258378028869629,roc_auc,binary,0.005492763166570547,hpo,CatBoost,tabarena-2026-07-13,tuned,CAT,False,
customer_satisfaction_in_airline,0,CAT (tuned + ensemble),0.0051768195179557885,29407.74386048317,7.421191453933716,roc_auc,binary,0.005237370977417943,hpo,CatBoost,tabarena-2026-07-13,tuned_ensemble,CAT,False,
customer_satisfaction_in_airline,0,CHIMERA (default),0.005979185252887542,37.198360204696655,3.511263847351074,roc_auc,binary,0.006400229305107308,config,ChimeraBoost,tabarena-2026-08-10,default,CHIMERA,False,
customer_satisfaction_in_airline,0,CHIMERA (tuned),0.005889298257570008,9930.066354036331,3.084765911102295,roc_auc,binary,0.006333031643996567,hpo,ChimeraBoost,tabarena-2026-08-10,tuned,CHIMERA,False,
customer_satisfaction_in_airline,0,CHIMERA (tuned + ensemble),0.005910792927029784,9930.066354036331,28.563348054885864,roc_auc,binary,0.005993422323464226,hpo,ChimeraBoost,tabarena-2026-08-10,tuned_ensemble,CHIMERA,False,
customer_satisfaction_in_airline,0,EBM (default),0.011143207453612303,49.10226559638977,0.17989134788513184,roc_auc,binary,0.011718374596362935,config,ExplainableBM,tabarena-2026-07-13,default,EBM,False,
customer_satisfaction_in_airline,0,EBM (tuned),0.008515143883965015,13803.058177947998,0.4329845905303955,roc_auc,binary,0.008942681688215326,hpo,ExplainableBM,tabarena-2026-07-13,tuned,EBM,False,
customer_satisfaction_in_airline,0,EBM (tuned + ensemble),0.00836051232576962,13803.058177947998,4.020212888717651,roc_auc,binary,0.008602367114988518,hpo,ExplainableBM,tabarena-2026-07-13,tuned_ensemble,EBM,False,
customer_satisfaction_in_airline,0,XT (default),0.008078973500031172,16.48849320411682,1.6004395484924316,roc_auc,binary,0.00814198138628719,config,ExtraTrees,tabarena-2026-07-13,default,XT,False,
customer_satisfaction_in_airline,0,XT (tuned),0.006205687862498088,1850.3460371494293,0.310868501663208,roc_auc,binary,0.006416618354838199,hpo,ExtraTrees,tabarena-2026-07-13,tuned,XT,False,
customer_satisfaction_in_airline,0,XT (tuned + ensemble),0.0061198491519515175,1850.3460371494293,5.325540542602539,roc_auc,binary,0.006079458845287267,hpo,ExtraTrees,tabarena-2026-07-13,tuned_ensemble,XT,False,
customer_satisfaction_in_airline,0,KNN (default),0.014873005263665973,12.191549062728882,5.683758735656738,roc_auc,binary,0.015450147357301547,config,KNeighbors,tabarena-2025-10-20,default,KNN,False,
customer_satisfaction_in_airline,0,KNN (tuned),0.014745979562260203,90918.55800318718,835.4915556907654,roc_auc,binary,0.01531278189835128,hpo,KNeighbors,tabarena-2025-10-20,tuned,KNN,False,
customer_satisfaction_in_airline,0,KNN (tuned + ensemble),0.011270466792729694,90918.55800318718,4699.408750772476,roc_auc,binary,0.011440892116232892,hpo,KNeighbors,tabarena-2025-10-20,tuned_ensemble,KNN,False,
customer_satisfaction_in_airline,0,GBM (default),0.005735930711694093,28.175132751464844,9.33078145980835,roc_auc,binary,0.00593895662692967,config,LightGBM,tabarena-2025-06-12,default,GBM,False,
customer_satisfaction_in_airline,0,GBM (tuned),0.0055382269108747995,17799.200991630554,32.28989505767822,roc_auc,binary,0.005558654225933823,hpo,LightGBM,tabarena-2025-06-12,tuned,GBM,False,
customer_satisfaction_in_airline,0,GBM (tuned + ensemble),0.005387281875832484,17799.200991630554,121.79895758628845,roc_auc,binary,0.005362319682061134,hpo,LightGBM,tabarena-2025-06-12,tuned_ensemble,GBM,False,
customer_satisfaction_in_airline,0,LR (default),0.035091729653958126,5.683676719665527,0.715595006942749,roc_auc,binary,0.03587208448569801,config,LinearModel,tabarena-2025-10-20,default,LR,False,
customer_satisfaction_in_airline,0,LR (tuned),0.03496251400275863,1223.0389957427979,0.6245837211608887,roc_auc,binary,0.035730906624492076,hpo,LinearModel,tabarena-2025-10-20,tuned,LR,False,
customer_satisfaction_in_airline,0,LR (tuned + ensemble),0.034936809547805536,1223.0389957427979,3.126220703125,roc_auc,binary,0.03567418492687702,hpo,LinearModel,tabarena-2025-10-20,tuned_ensemble,LR,False,
customer_satisfaction_in_airline,0,FASTAI (default),0.005286740139532675,120.1393461227417,3.7348780632019043,roc_auc,binary,0.005878180264682897,config,NeuralNetFastAI,tabarena-2025-06-12,default,FASTAI,False,
customer_satisfaction_in_airline,0,FASTAI (tuned),0.005354460622385759,31940.10423398018,2.0557663440704346,roc_auc,binary,0.005671657242000805,hpo,NeuralNetFastAI,tabarena-2025-06-12,tuned,FASTAI,False,
customer_satisfaction_in_airline,0,FASTAI (tuned + ensemble),0.005148699012197833,31940.10423398018,60.565346240997314,roc_auc,binary,0.005148287602447121,hpo,NeuralNetFastAI,tabarena-2025-06-12,tuned_ensemble,FASTAI,False,
customer_satisfaction_in_airline,0,NN_TORCH (default),0.006521748005952732,343.3527672290802,2.086988687515259,roc_auc,binary,0.00778788962092225,config,NeuralNetTorch,tabarena-2025-06-12,default,NN_TORCH,False,
customer_satisfaction_in_airline,0,NN_TORCH (tuned),0.005454446796201218,205438.84054470062,2.196011543273926,roc_auc,binary,0.005621371648172557,hpo,NeuralNetTorch,tabarena-2025-06-12,tuned,NN_TORCH,False,
customer_satisfaction_in_airline,0,NN_TORCH (tuned + ensemble),0.0053061934398630495,205438.84054470062,63.7587730884552,roc_auc,binary,0.005104274989072732,hpo,NeuralNetTorch,tabarena-2025-06-12,tuned_ensemble,NN_TORCH,False,
customer_satisfaction_in_airline,0,RF (default),0.0076684386640756275,6.833265542984009,0.4826641082763672,roc_auc,binary,0.007651177732026282,config,RandomForest,tabarena-2025-06-12,default,RF,False,
customer_satisfaction_in_airline,0,RF (tuned),0.00715213700511963,3076.9664328098297,0.7795143127441406,roc_auc,binary,0.007281409437496111,hpo,RandomForest,tabarena-2025-06-12,tuned,RF,False,
customer_satisfaction_in_airline,0,RF (tuned + ensemble),0.007077565661628538,3076.9664328098297,5.238658428192139,roc_auc,binary,0.006968486663573303,hpo,RandomForest,tabarena-2025-06-12,tuned_ensemble,RF,False,
customer_satisfaction_in_airline,0,XGB (default),0.0057476169039558656,39.01346182823181,4.392092227935791,roc_auc,binary,0.0062204593165978705,config,XGBoost,tabarena-2025-06-12,default,XGB,False,
customer_satisfaction_in_airline,0,XGB (tuned),0.005580850181490682,38636.67997956276,19.237293004989624,roc_auc,binary,0.005671542571142774,hpo,XGBoost,tabarena-2025-06-12,tuned,XGB,False,
customer_satisfaction_in_airline,0,XGB (tuned + ensemble),0.005539004267684611,38636.67997956276,58.590288162231445,roc_auc,binary,0.005632210736051579,hpo,XGBoost,tabarena-2025-06-12,tuned_ensemble,XGB,False,
customer_satisfaction_in_airline,0,MITRA_GPU (default),0.0076684386640756275,6.833265542984009,0.4826641082763672,roc_auc,binary,0.007651177732026282,config,Mitra_GPU,tabarena-2025-09-03,default,MITRA_GPU,True,
customer_satisfaction_in_airline,0,MNCA_GPU (default),0.006411733713957202,1050.0366361141205,8.762791156768799,roc_auc,binary,0.007015198618176344,config,ModernNCA_GPU,tabarena-2025-06-12,default,MNCA_GPU,False,
customer_satisfaction_in_airline,0,MNCA_GPU (tuned),0.0051755608889937355,218422.67842888832,13.284390926361084,roc_auc,binary,0.005376456230056781,hpo,ModernNCA_GPU,tabarena-2025-06-12,tuned,MNCA_GPU,False,
customer_satisfaction_in_airline,0,MNCA_GPU (tuned + ensemble),0.004810063221115768,218422.67842888832,262.44913935661316,roc_auc,binary,0.004741460163092293,hpo,ModernNCA_GPU,tabarena-2025-06-12,tuned_ensemble,MNCA_GPU,False,
customer_satisfaction_in_airline,0,REALMLP_GPU (default),0.005152703153438187,536.6845290660858,6.738550186157227,roc_auc,binary,0.005447489173758813,config,RealMLP_GPU,tabarena-2025-09-03,default,REALMLP_GPU,False,
customer_satisfaction_in_airline,0,REALMLP_GPU (tuned),0.004817412580649605,164253.20292901993,1.6574246883392334,roc_auc,binary,0.0049873890454805725,hpo,RealMLP_GPU,tabarena-2025-09-03,tuned,REALMLP_GPU,False,
customer_satisfaction_in_airline,0,REALMLP_GPU (tuned + ensemble),0.0047705601444538726,164253.20292901993,37.75124645233154,roc_auc,binary,0.004684268745648201,hpo,RealMLP_GPU,tabarena-2025-09-03,tuned_ensemble,REALMLP_GPU,False,
customer_satisfaction_in_airline,0,TABDPT_GPU (default),0.005614059036670893,3412.961328983307,1668.9292373657227,roc_auc,binary,0.005516352523294077,config,TabDPT_GPU,tabarena-2025-10-20,default,TABDPT_GPU,False,
customer_satisfaction_in_airline,0,TABDPT_GPU (tuned),0.005196956504677219,362585.1921546459,1723.3499875068665,roc_auc,binary,0.005242202765915471,hpo,TabDPT_GPU,tabarena-2025-10-20,tuned,TABDPT_GPU,False,
customer_satisfaction_in_airline,0,TABDPT_GPU (tuned + ensemble),0.005055829636876119,362585.1921546459,19273.104219675064,roc_auc,binary,0.005030416727706655,hpo,TabDPT_GPU,tabarena-2025-10-20,tuned_ensemble,TABDPT_GPU,False,
customer_satisfaction_in_airline,0,TABDPT_TURBO (default),0.004799312656371457,100.3693323135376,18.904077768325806,roc_auc,binary,0.004837753266370481,config,TabDPT-Turbo,tabarena-2026-07-13,default,TABDPT_TURBO,False,
customer_satisfaction_in_airline,0,TABICL_GPU (default),0.0054985214199743115,369.7803580760956,71.00615453720093,roc_auc,binary,0.00556336730586704,config,TabICL_GPU,tabarena-2025-06-12,default,TABICL_GPU,False,
customer_satisfaction_in_airline,0,TA-TABM (default),0.0051118531607525775,134.18252730369568,0.9756631851196289,roc_auc,binary,0.005092455007751573,config,TabM,tabarena-2026-06-26,default,TA-TABM,False,
customer_satisfaction_in_airline,0,TA-TABM (tuned),0.004596195351342591,113507.53590750694,1.910689115524292,roc_auc,binary,0.004625414869944611,hpo,TabM,tabarena-2026-06-26,tuned,TA-TABM,False,
customer_satisfaction_in_airline,0,TA-TABM (tuned + ensemble),0.004608398345915643,113507.53590750694,10.281337261199951,roc_auc,binary,0.0045633359436565435,hpo,TabM,tabarena-2026-06-26,tuned_ensemble,TA-TABM,False,
customer_satisfaction_in_airline,0,TABPFNV2_GPU (default),0.0076684386640756275,6.833265542984009,0.4826641082763672,roc_auc,binary,0.007651177732026282,config,TabPFNv2_GPU,tabarena-2025-06-12,default,TABPFNV2_GPU,True,RandomForest_c1_BAG_L1
customer_satisfaction_in_airline,0,TABPFNV2_GPU (tuned),0.0076684386640756275,6.833265542984009,0.4826641082763672,roc_auc,binary,0.007651177732026282,hpo,TabPFNv2_GPU,tabarena-2025-06-12,tuned,TABPFNV2_GPU,True,RandomForest_c1_BAG_L1
customer_satisfaction_in_airline,0,TABPFNV2_GPU (tuned + ensemble),0.0076684386640756275,6.833265542984009,0.4826641082763672,roc_auc,binary,0.007651177732026282,hpo,TabPFNv2_GPU,tabarena-2025-06-12,tuned_ensemble,TABPFNV2_GPU,True,RandomForest_c1_BAG_L1
customer_satisfaction_in_airline,0,XRFM_GPU (default),0.008404388841990018,220.42566585540771,2.596050977706909,roc_auc,binary,0.008886943306666062,config,xRFM_GPU,tabarena-2025-09-03,default,XRFM_GPU,False,
customer_satisfaction_in_airline,0,XRFM_GPU (tuned),0.007685394086568764,48457.78720617294,2.4379398822784424,roc_auc,binary,0.007842990314062215,hpo,xRFM_GPU,tabarena-2025-09-03,tuned,XRFM_GPU,False,
customer_satisfaction_in_airline,0,XRFM_GPU (tuned + ensemble),0.00703446650221784,48457.78720617294,33.98813223838806,roc_auc,binary,0.006912171159208391,hpo,xRFM_GPU,tabarena-2025-09-03,tuned_ensemble,XRFM_GPU,False,
customer_satisfaction_in_airline,0,BETA_GPU (default),0.00877562301552226,3424.246319770813,25.570844650268555,roc_auc,binary,0.009007275028784734,config,BetaTabPFN_GPU,tabarena-2025-09-03,default,BETA_GPU,False,
customer_satisfaction_in_airline,0,TABFLEX_GPU (default),0.024347770289159243,8.545600891113281,0.8448314666748047,roc_auc,binary,0.02387778865562762,config,TabFlex_GPU,tabarena-2025-09-03,default,TABFLEX_GPU,False,
customer_satisfaction_in_airline,0,REALTABPFN-V2.5 (default),0.005340702914192974,291.26658630371094,57.06385278701782,roc_auc,binary,0.005302213040693449,config,RealTabPFN-v2.5,tabarena-2025-11-12,default,REALTABPFN-V2.5,False,
customer_satisfaction_in_airline,0,REALTABPFN-V2.5 (tuned),0.005069964180087316,20362.31169772148,74.61796236038208,roc_auc,binary,0.005109307855342249,hpo,RealTabPFN-v2.5,tabarena-2025-11-12,tuned,REALTABPFN-V2.5,False,
customer_satisfaction_in_airline,0,REALTABPFN-V2.5 (tuned + ensemble),0.0050622950491234775,20362.31169772148,286.32463359832764,roc_auc,binary,0.0050590812120254736,hpo,RealTabPFN-v2.5,tabarena-2025-11-12,tuned_ensemble,REALTABPFN-V2.5,False,
customer_satisfaction_in_airline,0,SAP-RPT-OSS (default),0.010435634029268614,1435.258335351944,712.9795520305634,roc_auc,binary,0.010395276665369657,config,SAP-RPT-OSS,tabarena-2025-11-25,default,SAP-RPT-OSS,False,
customer_satisfaction_in_airline,0,TABICLV2 (default),0.004788948616689104,61.71865200996399,9.574849367141724,roc_auc,binary,0.004866591910419382,config,TabICLv2,tabarena-2026-07-13,default,TABICLV2,False,
customer_satisfaction_in_airline,0,TABSTAR (default),0.016769845243203463,3347.5855207443237,151.91610884666443,roc_auc,binary,0.018511468145018584,config,TabSTAR,tabarena-2026-03-18,default,TABSTAR,False,
customer_satisfaction_in_airline,0,TABSTAR (tuned),0.00966246762491918,183035.93185544014,65.24115633964539,roc_auc,binary,0.010602260794107199,hpo,TabSTAR,tabarena-2026-03-18,tuned,TABSTAR,False,
customer_satisfaction_in_airline,0,TABSTAR (tuned + ensemble),0.009712684659495152,183035.93185544014,132.54583740234375,roc_auc,binary,0.010426704825036603,hpo,TabSTAR,tabarena-2026-03-18,tuned_ensemble,TABSTAR,False,
customer_satisfaction_in_airline,0,PB (default),0.006749578151500235,70.07073092460632,2.906991958618164,roc_auc,binary,0.006764498782064865,config,PerpetualBooster,tabarena-2026-03-18,default,PB,False,
customer_satisfaction_in_airline,0,PB (tuned),0.005764542179647503,1011.7573068141937,143.5454216003418,roc_auc,binary,0.005912273041304705,hpo,PerpetualBooster,tabarena-2026-03-18,tuned,PB,False,
customer_satisfaction_in_airline,0,PB (tuned + ensemble),0.005567980727270383,1011.7573068141937,190.4612259864807,roc_auc,binary,0.00563534103512886,hpo,PerpetualBooster,tabarena-2026-03-18,tuned_ensemble,PB,False,
customer_satisfaction_in_airline,0,TABPFN-V2.6 (default),0.004688834318967383,312.75643944740295,56.92151641845703,roc_auc,binary,0.004751150388948577,config,TabPFN-v2.6,tabarena-2026-03-18,default,TABPFN-V2.6,False,
customer_satisfaction_in_airline,0,TA-LIMIX (default),0.0049815500713565886,534.2226510047913,185.08783411979675,roc_auc,binary,0.0050182163944553215,config,LimiX,tabarena-2026-05-13,default,TA-LIMIX,False,
customer_satisfaction_in_airline,0,TA-ORION-MSP (default),0.007397312328236372,2226.9327533245087,462.4848282337189,roc_auc,binary,0.008677053106138977,config,OrionMSP,tabarena-2026-05-13,default,TA-ORION-MSP,False,
customer_satisfaction_in_airline,0,TA-TABPFN-3 (default),0.004544895185256026,103.15851926803589,17.777900457382202,roc_auc,binary,0.004704359564483118,config,TabPFN-3,tabarena-2026-07-13,default,TA-TABPFN-3,False,
customer_satisfaction_in_airline,0,TA-ILTM (default),0.007299157572611237,2339.299142599106,251.91361737251282,roc_auc,binary,0.007754829420382747,config,iLTM,tabarena-2026-05-13,default,TA-ILTM,False,
customer_satisfaction_in_airline,0,TA-ILTM (tuned),0.005455439487307312,67653.1601729393,91.02573847770691,roc_auc,binary,0.006131398014421308,hpo,iLTM,tabarena-2026-05-13,tuned,TA-ILTM,False,
customer_satisfaction_in_airline,0,TA-ILTM (tuned + ensemble),0.0050679368076873565,67653.1601729393,888.7950465679169,roc_auc,binary,0.0051240341776330744,hpo,iLTM,tabarena-2026-05-13,tuned_ensemble,TA-ILTM,False,
customer_satisfaction_in_airline,0,TA-NORI (default),0.0076684386640756275,6.833265542984009,0.4826641082763672,roc_auc,binary,0.007651177732026282,config,Nori,tabarena-2026-07-13,default,TA-NORI,True,
customer_satisfaction_in_airline,0,TA-NORI-30M (default),0.0076684386640756275,6.833265542984009,0.4826641082763672,roc_auc,binary,0.007651177732026282,config,Nori-30M,tabarena-2026-07-13,default,TA-NORI-30M,True,
customer_satisfaction_in_airline,0,TABFM (default),0.003850451769631058,4813.588168621063,1284.5661523342133,roc_auc,binary,0.0038094173140597043,config,TabFM,tabarena-2026-07-13,default,TABFM,False,
customer_satisfaction_in_airline,0,TA-TABSWIFT (default),0.005444133360078318,77.8143572807312,13.77708911895752,roc_auc,binary,0.005434572013055083,config,TabSwift,tabarena-2026-07-13,default,TA-TABSWIFT,False,
customer_satisfaction_in_airline,0,TA-EXAONE-TABULAR (default),0.0042717307103021795,332.3062353134155,66.11644172668457,roc_auc,binary,0.004381286266189721,config,EXAONE-Tabular,tabarena-2026-08-06,default,TA-EXAONE-TABULAR,False,
customer_satisfaction_in_airline,0,[Leakage] TabSTAR_base (default),0.009055135545532056,3391.9073872566223,120.95539164543152,roc_auc,binary,0.010195296341919735,config,[Leakage] TabSTAR_base,[Leakage] TabSTAR_base,default,[Leakage] TabSTAR_base,False,
customer_satisfaction_in_airline,0,[Leakage] TabSTAR_correct (default),0.009248938565573184,3410.9726004600525,121.346999168396,roc_auc,binary,0.010293879093830727,config,[Leakage] TabSTAR_correct,[Leakage] TabSTAR_correct,default,[Leakage] TabSTAR_correct,False,
customer_satisfaction_in_airline,0,[Leakage] TabSTAR_wrong (default),0.0076684386640756275,6.833265542984009,0.4826641082763672,roc_auc,binary,0.007651177732026282,config,[Leakage] TabSTAR_wrong,[Leakage] TabSTAR_wrong,default,[Leakage] TabSTAR_wrong,True,
diabetes,0,"AutoGluon 1.4 (best, 4h)",0.15455153949129852,3982.3525359630585,0.7425792217254639,roc_auc,binary,0.12584942474601357,baseline,AutoGluon_v140_bq_4h8c,tabarena-2025-11-01,,,False,
diabetes,0,"AutoGluon 1.5 (extreme, 4h)",0.1525100401606425,103.23424339294434,0.2242906093597412,roc_auc,binary,0.16610038350265754,baseline,AutoGluon_v150_eq_4h8c,tabarena-2025-12-18,,,False,
diabetes,0,"AutoGluon 1.6 (extreme, 4h)",0.1529451137884874,11.913804531097412,0.18435239791870117,roc_auc,binary,0.1669582183946714,baseline,AutoGluon_16_extreme,tabarena-2026-08-05,,,False,
diabetes,0,"AutoGluon 1.6 (noncommercial, 4h)",0.1554886211512717,14.37667465209961,0.37540531158447266,roc_auc,binary,0.16655453138666487,baseline,AutoGluon_16_noncommercial,tabarena-2026-08-05,,,False,
diabetes,0,TabFM+,0.15649263721552886,13.030655860900879,1.3047540187835693,roc_auc,binary,,baseline,TabFM+,tabarena-2026-07-07,,,False,
diabetes,0,CAT (default),0.1659973226238287,5.57115626335144,0.006803035736083984,roc_auc,binary,0.16699185897867197,config,CatBoost,tabarena-2026-07-13,default,CAT,False,
diabetes,0,CAT (tuned),0.16365461847389562,1611.2666220664978,0.007529020309448242,roc_auc,binary,0.156125950346498,hpo,CatBoost,tabarena-2026-07-13,tuned,CAT,False,
diabetes,0,CAT (tuned + ensemble),0.16010709504685405,1611.2666220664978,0.09440159797668457,roc_auc,binary,0.14894368566238314,hpo,CatBoost,tabarena-2026-07-13,tuned_ensemble,CAT,False,
diabetes,0,CHIMERA (default),0.17751004016064253,8.52673077583313,0.008898735046386719,roc_auc,binary,0.16137388145058185,config,ChimeraBoost,tabarena-2026-08-10,default,CHIMERA,False,
diabetes,0,CHIMERA (tuned),0.1801204819277108,2085.3914544582367,0.008005142211914062,roc_auc,binary,0.15307306734844917,hpo,ChimeraBoost,tabarena-2026-08-10,tuned,CHIMERA,False,
diabetes,0,CHIMERA (tuned + ensemble),0.17563587684069615,2085.3914544582367,0.14246702194213867,roc_auc,binary,0.13839736257821433,hpo,ChimeraBoost,tabarena-2026-08-10,tuned_ensemble,CHIMERA,False,
diabetes,0,EBM (default),0.15742971887550206,8.001305341720581,0.005601406097412109,roc_auc,binary,0.1591367826145461,config,ExplainableBM,tabarena-2026-07-13,default,EBM,False,
diabetes,0,EBM (tuned),0.14638554216867472,1542.6419064998627,0.0034945011138916016,roc_auc,binary,0.1408867657942542,hpo,ExplainableBM,tabarena-2026-07-13,tuned,EBM,False,
diabetes,0,EBM (tuned + ensemble),0.1480589022757698,1542.6419064998627,0.03924226760864258,roc_auc,binary,0.13505012447016085,hpo,ExplainableBM,tabarena-2026-07-13,tuned_ensemble,EBM,False,
diabetes,0,XT (default),0.16248326639892907,6.74128270149231,0.4173727035522461,roc_auc,binary,0.19503969588912062,config,ExtraTrees,tabarena-2026-07-13,default,XT,False,
diabetes,0,XT (tuned),0.16198125836680055,1181.9734964370728,0.11562728881835938,roc_auc,binary,0.17373679607077974,hpo,ExtraTrees,tabarena-2026-07-13,tuned,XT,False,
diabetes,0,XT (tuned + ensemble),0.16291834002677374,1181.9734964370728,0.9655568599700928,roc_auc,binary,0.16919531723070713,hpo,ExtraTrees,tabarena-2026-07-13,tuned_ensemble,XT,False,
diabetes,0,KNN (default),0.18246318607764378,0.3924102783203125,0.01598048210144043,roc_auc,binary,0.19061595909304985,config,KNeighbors,tabarena-2025-10-20,default,KNN,False,
diabetes,0,KNN (tuned),0.18574297188755018,79.29962420463562,0.01559901237487793,roc_auc,binary,0.18040604184888653,hpo,KNeighbors,tabarena-2025-10-20,tuned,KNN,False,
diabetes,0,KNN (tuned + ensemble),0.17730923694779122,79.29962420463562,0.13471031188964844,roc_auc,binary,0.1777063849828433,hpo,KNeighbors,tabarena-2025-10-20,tuned_ensemble,KNN,False,
diabetes,0,GBM (default),0.18259705488621147,3.7357139587402344,0.010255813598632812,roc_auc,binary,0.17451052950279222,config,LightGBM,tabarena-2025-06-12,default,GBM,False,
diabetes,0,GBM (tuned),0.16465863453815266,835.3702208995819,0.031236648559570312,roc_auc,binary,0.1499781336203997,hpo,LightGBM,tabarena-2025-06-12,tuned,GBM,False,
diabetes,0,GBM (tuned + ensemble),0.16546184738955827,835.3702208995819,0.5723600387573242,roc_auc,binary,0.14768216376236287,hpo,LightGBM,tabarena-2025-06-12,tuned_ensemble,GBM,False,
diabetes,0,LR (default),0.17771084337349397,3.6692421436309814,0.06728529930114746,roc_auc,binary,0.1739554598667833,config,LinearModel,tabarena-2025-10-20,default,LR,False,
diabetes,0,LR (tuned),0.17376171352074965,778.849730014801,0.05676531791687012,roc_auc,binary,0.17107918993473725,hpo,LinearModel,tabarena-2025-10-20,tuned,LR,False,
diabetes,0,LR (tuned + ensemble),0.17362784471218207,778.849730014801,0.09781312942504883,roc_auc,binary,0.17101190876673622,hpo,LinearModel,tabarena-2025-10-20,tuned_ensemble,LR,False,
diabetes,0,FASTAI (default),0.1702141900937082,6.487259864807129,0.3451383113861084,roc_auc,binary,0.17869878221085922,config,NeuralNetFastAI,tabarena-2025-06-12,default,FASTAI,False,
diabetes,0,FASTAI (tuned),0.15836680053547525,1753.2222101688385,0.35050463676452637,roc_auc,binary,0.14620197806633928,hpo,NeuralNetFastAI,tabarena-2025-06-12,tuned,FASTAI,False,
diabetes,0,FASTAI (tuned + ensemble),0.156091030789826,1753.2222101688385,3.4229865074157715,roc_auc,binary,0.12150978940994417,hpo,NeuralNetFastAI,tabarena-2025-06-12,tuned_ensemble,FASTAI,False,
diabetes,0,NN_TORCH (default),0.19297188755020067,8.74642300605774,0.10657787322998047,roc_auc,binary,0.17592343403081478,config,NeuralNetTorch,tabarena-2025-06-12,default,NN_TORCH,False,
diabetes,0,NN_TORCH (tuned),0.16666666666666663,1926.7485435009003,0.06877660751342773,roc_auc,binary,0.15595774742649537,hpo,NeuralNetTorch,tabarena-2025-06-12,tuned,NN_TORCH,False,
diabetes,0,NN_TORCH (tuned + ensemble),0.17530120481927713,1926.7485435009003,1.3819606304168701,roc_auc,binary,0.1381786987822109,hpo,NeuralNetTorch,tabarena-2025-06-12,tuned_ensemble,NN_TORCH,False,
diabetes,0,RF (default),0.1744645247657296,0.49323558807373047,0.05073380470275879,roc_auc,binary,0.18497275112695966,config,RandomForest,tabarena-2025-06-12,default,RF,False,
diabetes,0,RF (tuned),0.17607095046854082,662.7782623767853,0.12320685386657715,roc_auc,binary,0.1792874924308686,hpo,RandomForest,tabarena-2025-06-12,tuned,RF,False,
diabetes,0,RF (tuned + ensemble),0.1741633199464525,662.7782623767853,1.1653718948364258,roc_auc,binary,0.17583092242481324,hpo,RandomForest,tabarena-2025-06-12,tuned_ensemble,RF,False,
diabetes,0,XGB (default),0.16934404283801885,3.2232186794281006,0.048526763916015625,roc_auc,binary,0.1673366749646774,config,XGBoost,tabarena-2025-06-12,default,XGB,False,
diabetes,0,XGB (tuned),0.17710843373493979,757.5611486434937,0.052980661392211914,roc_auc,binary,0.15782479983852515,hpo,XGBoost,tabarena-2025-06-12,tuned,XGB,False,
diabetes,0,XGB (tuned + ensemble),0.17329317269076305,757.5611486434937,0.10150742530822754,roc_auc,binary,0.15331696158245312,hpo,XGBoost,tabarena-2025-06-12,tuned_ensemble,XGB,False,
diabetes,0,MITRA_GPU (default),0.16077643908969208,74.79151487350464,0.7765781879425049,roc_auc,binary,0.16229899751059673,config,Mitra_GPU,tabarena-2025-09-03,default,MITRA_GPU,False,
diabetes,0,MNCA_GPU (default),0.161780455153949,7.421603441238403,0.09128308296203613,roc_auc,binary,0.1493137320863891,config,ModernNCA_GPU,tabarena-2025-06-12,default,MNCA_GPU,False,
diabetes,0,MNCA_GPU (tuned),0.1724230254350736,2957.677051782608,0.3305540084838867,roc_auc,binary,0.1361350333041782,hpo,ModernNCA_GPU,tabarena-2025-06-12,tuned,MNCA_GPU,False,
diabetes,0,MNCA_GPU (tuned + ensemble),0.19303882195448463,2957.677051782608,2.7453298568725586,roc_auc,binary,0.06544775617304721,hpo,ModernNCA_GPU,tabarena-2025-06-12,tuned_ensemble,MNCA_GPU,False,
diabetes,0,REALMLP_GPU (default),0.14993306559571629,18.621005535125732,3.578016757965088,roc_auc,binary,0.1709109870147345,config,RealMLP_GPU,tabarena-2025-09-03,default,REALMLP_GPU,False,
diabetes,0,REALMLP_GPU (tuned),0.1609772423025435,3627.403976917267,4.175041437149048,roc_auc,binary,0.14080266433425281,hpo,RealMLP_GPU,tabarena-2025-09-03,tuned,REALMLP_GPU,False,
diabetes,0,REALMLP_GPU (tuned + ensemble),0.15408299866131192,3627.403976917267,27.54158043861389,roc_auc,binary,0.12484020722599742,hpo,RealMLP_GPU,tabarena-2025-09-03,tuned_ensemble,REALMLP_GPU,False,
diabetes,0,TABDPT_GPU (default),0.15568942436412314,26.86981201171875,15.72978663444519,roc_auc,binary,0.168943012850703,config,TabDPT_GPU,tabarena-2025-10-20,default,TABDPT_GPU,False,
diabetes,0,TABDPT_GPU (tuned),0.15732931726907629,4322.855139493942,16.396236419677734,roc_auc,binary,0.16623494583865972,hpo,TabDPT_GPU,tabarena-2025-10-20,tuned,TABDPT_GPU,False,
diabetes,0,TABDPT_GPU (tuned + ensemble),0.15662650602409633,4322.855139493942,160.15204739570618,roc_auc,binary,0.16403148758662456,hpo,TabDPT_GPU,tabarena-2025-10-20,tuned_ensemble,TABDPT_GPU,False,
diabetes,0,TABDPT_TURBO (default),0.15190763052208833,10.35341501235962,0.13520002365112305,roc_auc,binary,0.1668825270806702,config,TabDPT-Turbo,tabarena-2026-07-13,default,TABDPT_TURBO,False,
diabetes,0,TABICL_GPU (default),0.161780455153949,9.611911058425903,0.6917974948883057,roc_auc,binary,0.1744600686267913,config,TabICL_GPU,tabarena-2025-06-12,default,TABICL_GPU,False,
diabetes,0,TA-TABM (default),0.18487282463186072,7.726653814315796,0.20129060745239258,roc_auc,binary,0.1611383973625783,config,TabM,tabarena-2026-06-26,default,TA-TABM,False,
diabetes,0,TA-TABM (tuned),0.17724230254350737,2108.285805940628,0.24082493782043457,roc_auc,binary,0.14806903047836906,hpo,TabM,tabarena-2026-06-26,tuned,TA-TABM,False,
diabetes,0,TA-TABM (tuned + ensemble),0.17804551539491298,2108.285805940628,3.569674253463745,roc_auc,binary,0.14162685864226598,hpo,TabM,tabarena-2026-06-26,tuned_ensemble,TA-TABM,False,
diabetes,0,TABPFNV2_GPU (default),0.1514056224899598,4.240835189819336,0.16179323196411133,roc_auc,binary,0.16739554598667827,config,TabPFNv2_GPU,tabarena-2025-06-12,default,TABPFNV2_GPU,False,
diabetes,0,TABPFNV2_GPU (tuned),0.16030789825970548,1457.6157999038696,0.10083723068237305,roc_auc,binary,0.16263540335060211,hpo,TabPFNv2_GPU,tabarena-2025-06-12,tuned,TABPFNV2_GPU,False,
diabetes,0,TABPFNV2_GPU (tuned + ensemble),0.15809906291833997,1457.6157999038696,4.934048414230347,roc_auc,binary,0.15841351005853466,hpo,TabPFNv2_GPU,tabarena-2025-06-12,tuned_ensemble,TABPFNV2_GPU,False,
diabetes,0,XRFM_GPU (default),0.18242971887550197,7.316246271133423,0.4941859245300293,roc_auc,binary,0.20220514028123515,config,xRFM_GPU,tabarena-2025-09-03,default,XRFM_GPU,False,
diabetes,0,XRFM_GPU (tuned),0.15729585006693436,1916.0379316806793,0.039708614349365234,roc_auc,binary,0.1594731884545516,hpo,xRFM_GPU,tabarena-2025-09-03,tuned,XRFM_GPU,False,
diabetes,0,XRFM_GPU (tuned + ensemble),0.15555555555555556,1916.0379316806793,2.2212631702423096,roc_auc,binary,0.15639507501850236,hpo,xRFM_GPU,tabarena-2025-09-03,tuned_ensemble,XRFM_GPU,False,
diabetes,0,BETA_GPU (default),0.16479250334672013,173.35803508758545,1.6393046379089355,roc_auc,binary,0.15100417143241607,config,BetaTabPFN_GPU,tabarena-2025-09-03,default,BETA_GPU,False,
diabetes,0,TABFLEX_GPU (default),0.1556224899598393,3.974097728729248,0.37718820571899414,roc_auc,binary,0.17176882190674825,config,TabFlex_GPU,tabarena-2025-09-03,default,TABFLEX_GPU,False,
diabetes,0,REALTABPFN-V2.5 (default),0.15130522088353415,7.18386173248291,0.25568199157714844,roc_auc,binary,0.17107918993473725,config,RealTabPFN-v2.5,tabarena-2025-11-12,default,REALTABPFN-V2.5,False,
diabetes,0,REALTABPFN-V2.5 (tuned),0.15809906291833997,1702.0371806621552,0.26360249519348145,roc_auc,binary,0.16454450649263275,hpo,RealTabPFN-v2.5,tabarena-2025-11-12,tuned,REALTABPFN-V2.5,False,
diabetes,0,REALTABPFN-V2.5 (tuned + ensemble),0.15682730923694777,1702.0371806621552,2.5050535202026367,roc_auc,binary,0.16329139473861265,hpo,RealTabPFN-v2.5,tabarena-2025-11-12,tuned_ensemble,REALTABPFN-V2.5,False,
diabetes,0,SAP-RPT-OSS (default),0.16030789825970548,22.10794997215271,0.4572615623474121,roc_auc,binary,0.17198748570275169,config,SAP-RPT-OSS,tabarena-2025-11-25,default,SAP-RPT-OSS,False,
diabetes,0,TABICLV2 (default),0.15481927710843368,4.093341588973999,0.04329633712768555,roc_auc,binary,0.1704063782547265,config,TabICLv2,tabarena-2026-07-13,default,TABICLV2,False,
diabetes,0,TABSTAR (default),0.10589022757697453,233.7244427204132,2.13993763923645,roc_auc,binary,0.1334269662921349,config,TabSTAR,tabarena-2026-03-18,default,TABSTAR,False,
diabetes,0,TABSTAR (tuned),0.10716198125836685,121187.74863529205,1.520491361618042,roc_auc,binary,0.1293648657740698,hpo,TabSTAR,tabarena-2026-03-18,tuned,TABSTAR,False,
diabetes,0,TABSTAR (tuned + ensemble),0.1075635876840696,121187.74863529205,17.0523419380188,roc_auc,binary,0.12838928883805423,hpo,TabSTAR,tabarena-2026-03-18,tuned_ensemble,TABSTAR,False,
diabetes,0,PB (default),0.17141900937081656,30.517985820770264,0.003521442413330078,roc_auc,binary,0.20334050999125342,config,PerpetualBooster,tabarena-2026-03-18,default,PB,False,
diabetes,0,PB (tuned),0.1714859437751004,163.7216408252716,0.013571023941040039,roc_auc,binary,0.19856354706317703,hpo,PerpetualBooster,tabarena-2026-03-18,tuned,PB,False,
diabetes,0,PB (tuned + ensemble),0.16934404283801874,163.7216408252716,0.022005558013916016,roc_auc,binary,0.19627598735114038,hpo,PerpetualBooster,tabarena-2026-03-18,tuned_ensemble,PB,False,
diabetes,0,TABPFN-V2.6 (default),0.1594042838018742,7.350898742675781,0.23249602317810059,roc_auc,binary,0.16759738949068148,config,TabPFN-v2.6,tabarena-2026-03-18,default,TABPFN-V2.6,False,
diabetes,0,TA-LIMIX (default),0.1609772423025435,40.33734130859375,3.2818989753723145,roc_auc,binary,0.17466191213079463,config,LimiX,tabarena-2026-05-13,default,TA-LIMIX,False,
diabetes,0,TA-ORION-MSP (default),0.1609772423025435,17.15480327606201,0.5058903694152832,roc_auc,binary,0.17767274439884284,config,OrionMSP,tabarena-2026-05-13,default,TA-ORION-MSP,False,
diabetes,0,TA-TABPFN-3 (default),0.15682730923694777,11.907723903656006,0.1936182975769043,roc_auc,binary,0.1690775751867052,config,TabPFN-3,tabarena-2026-07-13,default,TA-TABPFN-3,False,
diabetes,0,TA-ILTM (default),0.17637215528781802,477.7268259525299,125.96087551116943,roc_auc,binary,0.1725257350467604,config,iLTM,tabarena-2026-05-13,default,TA-ILTM,False,
diabetes,0,TA-ILTM (tuned),0.17931726907630519,23317.39474582672,612.6156587600708,roc_auc,binary,0.10877682836574043,hpo,iLTM,tabarena-2026-05-13,tuned,TA-ILTM,False,
diabetes,0,TA-ILTM (tuned + ensemble),0.16619812583668003,23317.39474582672,1051.7598280906677,roc_auc,binary,0.10468949740967504,hpo,iLTM,tabarena-2026-05-13,tuned_ensemble,TA-ILTM,False,
diabetes,0,TA-NORI (default),0.1744645247657296,0.49323558807373047,0.05073380470275879,roc_auc,binary,0.18497275112695966,config,Nori,tabarena-2026-07-13,default,TA-NORI,True,
diabetes,0,TA-NORI-30M (default),0.1744645247657296,0.49323558807373047,0.05073380470275879,roc_auc,binary,0.18497275112695966,config,Nori-30M,tabarena-2026-07-13,default,TA-NORI-30M,True,
diabetes,0,TABFM (default),0.15294511378848719,48.547605991363525,1.165942668914795,roc_auc,binary,0.17347608154477567,config,TabFM,tabarena-2026-07-13,default,TABFM,False,
diabetes,0,TA-TABSWIFT (default),0.14929718875502007,2.441786527633667,0.020684480667114258,roc_auc,binary,0.17424140483078787,config,TabSwift,tabarena-2026-07-13,default,TA-TABSWIFT,False,
diabetes,0,TA-EXAONE-TABULAR (default),0.1584672021419009,9.105056524276733,0.06802153587341309,roc_auc,binary,0.17273598869676376,config,EXAONE-Tabular,tabarena-2026-08-06,default,TA-EXAONE-TABULAR,False,
diabetes,0,[Leakage] TabSTAR_base (default),0.12423025435073631,107.78435969352722,0.8102381229400635,roc_auc,binary,0.14307340375428912,config,[Leakage] TabSTAR_base,[Leakage] TabSTAR_base,default,[Leakage] TabSTAR_base,False,
diabetes,0,[Leakage] TabSTAR_correct (default),0.16137884872824615,94.14367818832397,0.8053700923919678,roc_auc,binary,0.19242414048307876,config,[Leakage] TabSTAR_correct,[Leakage] TabSTAR_correct,default,[Leakage] TabSTAR_correct,False,
diabetes,0,[Leakage] TabSTAR_wrong (default),0.10990629183400258,71.16216278076172,0.833773136138916,roc_auc,binary,0.13279620534212477,config,[Leakage] TabSTAR_wrong,[Leakage] TabSTAR_wrong,default,[Leakage] TabSTAR_wrong,False,
diamonds,0,"AutoGluon 1.4 (best, 4h)",513.5609879139819,14414.736191272736,212.83195877075195,rmse,regression,514.2102150010548,baseline,AutoGluon_v140_bq_4h8c,tabarena-2025-11-01,,,False,
diamonds,0,"AutoGluon 1.5 (extreme, 4h)",513.8974249728417,6566.646813631058,64.12409043312073,rmse,regression,511.30340392326315,baseline,AutoGluon_v150_eq_4h8c,tabarena-2025-12-18,,,False,
diamonds,0,"AutoGluon 1.6 (extreme, 4h)",499.0176180334115,186.61326575279236,9.240478038787842,rmse,regression,500.9613535259966,baseline,AutoGluon_16_extreme,tabarena-2026-08-05,,,False,
diamonds,0,"AutoGluon 1.6 (noncommercial, 4h)",494.1279291679961,214.42263007164001,13.037122964859009,rmse,regression,499.320274148797,baseline,AutoGluon_16_noncommercial,tabarena-2026-08-05,,,False,
diamonds,0,TabFM+,495.1042598248156,453.11514043807983,247.9992048740387,rmse,regression,,baseline,TabFM+,tabarena-2026-07-07,,,False,
diamonds,0,CAT (default),529.7510173091334,67.61200046539307,0.13541722297668457,rmse,regression,535.5891967715701,config,CatBoost,tabarena-2026-07-13,default,CAT,False,
diamonds,0,CAT (tuned),529.7510240405288,12353.525380134583,0.13541722297668457,rmse,regression,535.5891967715677,hpo,CatBoost,tabarena-2026-07-13,tuned,CAT,False,
diamonds,0,CAT (tuned + ensemble),529.2964502713893,12353.525380134583,1.3686954975128174,rmse,regression,531.9572610932137,hpo,CatBoost,tabarena-2026-07-13,tuned_ensemble,CAT,False,
diamonds,0,CHIMERA (default),530.0037364116545,14.983187198638916,0.6968193054199219,rmse,regression,537.903035098088,config,ChimeraBoost,tabarena-2026-08-10,default,CHIMERA,False,
diamonds,0,CHIMERA (tuned),524.4713505304331,3031.516998529434,1.582920789718628,rmse,regression,531.5503538145549,hpo,ChimeraBoost,tabarena-2026-08-10,tuned,CHIMERA,False,
diamonds,0,CHIMERA (tuned + ensemble),518.7317882091455,3031.516998529434,14.953099966049194,rmse,regression,521.9645830429372,hpo,ChimeraBoost,tabarena-2026-08-10,tuned_ensemble,CHIMERA,False,
diamonds,0,EBM (default),602.3925641345238,20.328439712524414,0.07842445373535156,rmse,regression,607.7798180535282,config,ExplainableBM,tabarena-2026-07-13,default,EBM,False,
diamonds,0,EBM (tuned),602.02734451282,8402.641248703003,0.0830385684967041,rmse,regression,603.1813185912301,hpo,ExplainableBM,tabarena-2026-07-13,tuned,EBM,False,
diamonds,0,EBM (tuned + ensemble),599.0126749944286,8402.641248703003,1.5346956253051758,rmse,regression,598.863338814365,hpo,ExplainableBM,tabarena-2026-07-13,tuned_ensemble,EBM,False,
diamonds,0,XT (default),541.6839823634444,21.61315393447876,1.335421085357666,rmse,regression,549.6612339380076,config,ExtraTrees,tabarena-2026-07-13,default,XT,False,
diamonds,0,XT (tuned),537.1105543738446,1503.6832311153412,0.3005669116973877,rmse,regression,547.8406717719225,hpo,ExtraTrees,tabarena-2026-07-13,tuned,XT,False,
diamonds,0,XT (tuned + ensemble),536.2341734228329,1503.6832311153412,4.171260833740234,rmse,regression,545.2597813965425,hpo,ExtraTrees,tabarena-2026-07-13,tuned_ensemble,XT,False,
diamonds,0,KNN (default),978.9306711874992,1.7488653659820557,0.6438531875610352,rmse,regression,954.2333533202708,config,KNeighbors,tabarena-2025-10-20,default,KNN,False,
diamonds,0,KNN (tuned),725.5324458342941,5112.77796459198,4.034930944442749,rmse,regression,701.0633398445202,hpo,KNeighbors,tabarena-2025-10-20,tuned,KNN,False,
diamonds,0,KNN (tuned + ensemble),689.9259103235238,5112.77796459198,21.55528473854065,rmse,regression,667.0220421602287,hpo,KNeighbors,tabarena-2025-10-20,tuned_ensemble,KNN,False,
diamonds,0,GBM (default),535.0955907690841,6.004558086395264,1.039358377456665,rmse,regression,545.8376375250275,config,LightGBM,tabarena-2025-06-12,default,GBM,False,
diamonds,0,GBM (tuned),528.3670057247868,4832.353428602219,14.263652324676514,rmse,regression,538.6383840874134,hpo,LightGBM,tabarena-2025-06-12,tuned,GBM,False,
diamonds,0,GBM (tuned + ensemble),522.8995120636994,4832.353428602219,264.038614988327,rmse,regression,529.050401416089,hpo,LightGBM,tabarena-2025-06-12,tuned_ensemble,GBM,False,
diamonds,0,LR (default),1603.156652729203,4.362619161605835,0.2899019718170166,rmse,regression,1551.599624955023,config,LinearModel,tabarena-2025-10-20,default,LR,False,
diamonds,0,LR (tuned),1142.8162278223188,1738.8243007659912,0.23903536796569824,rmse,regression,1126.4625119487469,hpo,LinearModel,tabarena-2025-10-20,tuned,LR,False,
diamonds,0,LR (tuned + ensemble),1142.6505776767106,1738.8243007659912,1.2597286701202393,rmse,regression,1126.0590791901427,hpo,LinearModel,tabarena-2025-10-20,tuned_ensemble,LR,False,
diamonds,0,FASTAI (default),565.5554718148684,48.33965730667114,1.8777592182159424,rmse,regression,563.5244416378647,config,NeuralNetFastAI,tabarena-2025-06-12,default,FASTAI,False,
diamonds,0,FASTAI (tuned),566.8194115568243,11416.653916835785,1.5734808444976807,rmse,regression,561.3077371229584,hpo,NeuralNetFastAI,tabarena-2025-06-12,tuned,FASTAI,False,
diamonds,0,FASTAI (tuned + ensemble),551.8233813377865,11416.653916835785,12.923517942428589,rmse,regression,546.9720530162383,hpo,NeuralNetFastAI,tabarena-2025-06-12,tuned_ensemble,FASTAI,False,
diamonds,0,NN_TORCH (default),647.827625298468,56.08829116821289,0.3989980220794678,rmse,regression,637.8452654217613,config,NeuralNetTorch,tabarena-2025-06-12,default,NN_TORCH,False,
diamonds,0,NN_TORCH (tuned),567.6251986364856,90819.55054593086,0.6210818290710449,rmse,regression,555.2469413525727,hpo,NeuralNetTorch,tabarena-2025-06-12,tuned,NN_TORCH,False,
diamonds,0,NN_TORCH (tuned + ensemble),554.5514686175336,90819.55054593086,8.111287117004395,rmse,regression,537.3359276916103,hpo,NeuralNetTorch,tabarena-2025-06-12,tuned_ensemble,NN_TORCH,False,
diamonds,0,RF (default),548.8859346231707,8.854759216308594,0.7722945213317871,rmse,regression,559.9886654242642,config,RandomForest,tabarena-2025-06-12,default,RF,False,
diamonds,0,RF (tuned),548.8859346231707,1920.9372851848602,0.7722945213317871,rmse,regression,559.9886654242642,hpo,RandomForest,tabarena-2025-06-12,tuned,RF,False,
diamonds,0,RF (tuned + ensemble),549.2012499992644,1920.9372851848602,10.262630939483643,rmse,regression,555.4162167917602,hpo,RandomForest,tabarena-2025-06-12,tuned_ensemble,RF,False,
diamonds,0,XGB (default),538.6416003973401,9.639443397521973,0.7882390022277832,rmse,regression,555.6165802402884,config,XGBoost,tabarena-2025-06-12,default,XGB,False,
diamonds,0,XGB (tuned),535.6317699884536,4576.751154899597,2.275322675704956,rmse,regression,540.1124335040618,hpo,XGBoost,tabarena-2025-06-12,tuned,XGB,False,
diamonds,0,XGB (tuned + ensemble),534.4055505486775,4576.751154899597,17.740766286849976,rmse,regression,536.7831265758327,hpo,XGBoost,tabarena-2025-06-12,tuned_ensemble,XGB,False,
diamonds,0,MITRA_GPU (default),548.8859346231707,8.854759216308594,0.7722945213317871,rmse,regression,559.9886654242642,config,Mitra_GPU,tabarena-2025-09-03,default,MITRA_GPU,True,
diamonds,0,MNCA_GPU (default),525.480701989348,326.09645414352417,1.7114677429199219,rmse,regression,531.0989569720982,config,ModernNCA_GPU,tabarena-2025-06-12,default,MNCA_GPU,False,
diamonds,0,MNCA_GPU (tuned),521.1830750079731,81339.12079310417,2.628994941711426,rmse,regression,527.0317607908148,hpo,ModernNCA_GPU,tabarena-2025-06-12,tuned,MNCA_GPU,False,
diamonds,0,MNCA_GPU (tuned + ensemble),509.36577618986337,81339.12079310417,81.3020498752594,rmse,regression,508.78107049864576,hpo,ModernNCA_GPU,tabarena-2025-06-12,tuned_ensemble,MNCA_GPU,False,
diamonds,0,REALMLP_GPU (default),530.2863856542298,222.90688586235046,4.153016805648804,rmse,regression,537.5015990464366,config,RealMLP_GPU,tabarena-2025-09-03,default,REALMLP_GPU,False,
diamonds,0,REALMLP_GPU (tuned),516.1899219768566,68059.52623724937,1.2269229888916016,rmse,regression,519.4272870234751,hpo,RealMLP_GPU,tabarena-2025-09-03,tuned,REALMLP_GPU,False,
diamonds,0,REALMLP_GPU (tuned + ensemble),511.2788838410647,68059.52623724937,24.361424684524536,rmse,regression,510.1180035888571,hpo,RealMLP_GPU,tabarena-2025-09-03,tuned_ensemble,REALMLP_GPU,False,
diamonds,0,TABDPT_GPU (default),539.3796541619301,1483.017380475998,710.634108543396,rmse,regression,522.9548314319638,config,TabDPT_GPU,tabarena-2025-10-20,default,TABDPT_GPU,False,
diamonds,0,TABDPT_GPU (tuned),533.5794218382018,160270.9353427887,708.754017829895,rmse,regression,517.7000150306266,hpo,TabDPT_GPU,tabarena-2025-10-20,tuned,TABDPT_GPU,False,
diamonds,0,TABDPT_GPU (tuned + ensemble),532.0393477407109,160270.9353427887,6057.589903116226,rmse,regression,515.4802683617056,hpo,TabDPT_GPU,tabarena-2025-10-20,tuned_ensemble,TABDPT_GPU,False,
diamonds,0,TABDPT_TURBO (default),515.6537168758023,23.7757089138031,3.6318540573120117,rmse,regression,512.727746502468,config,TabDPT-Turbo,tabarena-2026-07-13,default,TABDPT_TURBO,False,
diamonds,0,TABICL_GPU (default),548.8859346231707,8.854759216308594,0.7722945213317871,rmse,regression,559.9886654242642,config,TabICL_GPU,tabarena-2025-06-12,default,TABICL_GPU,True,RandomForest_c1_BAG_L1
diamonds,0,TA-TABM (default),533.0590872733127,69.6171486377716,0.472184419631958,rmse,regression,528.5904029826748,config,TabM,tabarena-2026-06-26,default,TA-TABM,False,
diamonds,0,TA-TABM (tuned),524.7855853266477,42298.10186004639,0.5248959064483643,rmse,regression,523.5639991914489,hpo,TabM,tabarena-2026-06-26,tuned,TA-TABM,False,
diamonds,0,TA-TABM (tuned + ensemble),525.0079241501165,42298.10186004639,7.699005365371704,rmse,regression,518.4172372350306,hpo,TabM,tabarena-2026-06-26,tuned_ensemble,TA-TABM,False,
diamonds,0,TABPFNV2_GPU (default),548.8859346231707,8.854759216308594,0.7722945213317871,rmse,regression,559.9886654242642,config,TabPFNv2_GPU,tabarena-2025-06-12,default,TABPFNV2_GPU,True,RandomForest_c1_BAG_L1
diamonds,0,TABPFNV2_GPU (tuned),548.8859346231707,8.854759216308594,0.7722945213317871,rmse,regression,559.9886654242642,hpo,TabPFNv2_GPU,tabarena-2025-06-12,tuned,TABPFNV2_GPU,True,RandomForest_c1_BAG_L1
diamonds,0,TABPFNV2_GPU (tuned + ensemble),548.8859346231707,8.854759216308594,0.7722945213317871,rmse,regression,559.9886654242642,hpo,TabPFNv2_GPU,tabarena-2025-06-12,tuned_ensemble,TABPFNV2_GPU,True,RandomForest_c1_BAG_L1
diamonds,0,XRFM_GPU (default),535.32826024275,83.39487147331238,1.0221359729766846,rmse,regression,545.7039138566477,config,xRFM_GPU,tabarena-2025-09-03,default,XRFM_GPU,False,
diamonds,0,XRFM_GPU (tuned),523.3009974656652,17363.540580272675,0.6274383068084717,rmse,regression,522.8491472595592,hpo,xRFM_GPU,tabarena-2025-09-03,tuned,XRFM_GPU,False,
diamonds,0,XRFM_GPU (tuned + ensemble),513.566298373981,17363.540580272675,7.838219881057739,rmse,regression,512.6171746819041,hpo,xRFM_GPU,tabarena-2025-09-03,tuned_ensemble,XRFM_GPU,False,
diamonds,0,BETA_GPU (default),548.8859346231707,8.854759216308594,0.7722945213317871,rmse,regression,559.9886654242642,config,BetaTabPFN_GPU,tabarena-2025-09-03,default,BETA_GPU,True,
diamonds,0,TABFLEX_GPU (default),548.8859346231707,8.854759216308594,0.7722945213317871,rmse,regression,559.9886654242642,config,TabFlex_GPU,tabarena-2025-09-03,default,TABFLEX_GPU,True,
diamonds,0,REALTABPFN-V2.5 (default),502.81415691337486,59.93660545349121,10.11039113998413,rmse,regression,516.2311613666238,config,RealTabPFN-v2.5,tabarena-2025-11-12,default,REALTABPFN-V2.5,False,
diamonds,0,REALTABPFN-V2.5 (tuned),498.88063188817733,27535.042813539505,12.39635443687439,rmse,regression,509.5825211041104,hpo,RealTabPFN-v2.5,tabarena-2025-11-12,tuned,REALTABPFN-V2.5,False,
diamonds,0,REALTABPFN-V2.5 (tuned + ensemble),501.4371263942917,27535.042813539505,237.66806173324585,rmse,regression,507.9489743419975,hpo,RealTabPFN-v2.5,tabarena-2025-11-12,tuned_ensemble,REALTABPFN-V2.5,False,
diamonds,0,SAP-RPT-OSS (default),577.263245124182,312.2340648174286,135.09370160102844,rmse,regression,564.5544788292665,config,SAP-RPT-OSS,tabarena-2025-11-25,default,SAP-RPT-OSS,False,
diamonds,0,TABICLV2 (default),503.00363094360927,16.274023056030273,2.0262978076934814,rmse,regression,506.6848977530548,config,TabICLv2,tabarena-2026-07-13,default,TABICLV2,False,
diamonds,0,TABSTAR (default),649.36325304809,3447.5912902355194,22.588062047958374,rmse,regression,642.1868538366475,config,TabSTAR,tabarena-2026-03-18,default,TABSTAR,False,
diamonds,0,TABSTAR (tuned),602.005992507336,173482.89506673813,21.939384698867798,rmse,regression,599.667587224952,hpo,TabSTAR,tabarena-2026-03-18,tuned,TABSTAR,False,
diamonds,0,TABSTAR (tuned + ensemble),598.9078869187063,173482.89506673813,44.596158504486084,rmse,regression,594.2360109036453,hpo,TabSTAR,tabarena-2026-03-18,tuned_ensemble,TABSTAR,False,
diamonds,0,PB (default),566.3266438680099,43.61011552810669,0.6785352230072021,rmse,regression,569.9463141018302,config,PerpetualBooster,tabarena-2026-03-18,default,PB,False,
diamonds,0,PB (tuned),538.4700648551463,358.1132185459137,7.6852946281433105,rmse,regression,545.1788570109728,hpo,PerpetualBooster,tabarena-2026-03-18,tuned,PB,False,
diamonds,0,PB (tuned + ensemble),535.1923014735537,358.1132185459137,48.854645013809204,rmse,regression,542.3552658372382,hpo,PerpetualBooster,tabarena-2026-03-18,tuned_ensemble,PB,False,
diamonds,0,TABPFN-V2.6 (default),514.9184153440721,99.87686824798584,13.753892421722412,rmse,regression,516.8221731241654,config,TabPFN-v2.6,tabarena-2026-03-18,default,TABPFN-V2.6,False,
diamonds,0,TA-LIMIX (default),547.760052928271,834.7717659473419,159.36117243766785,rmse,regression,549.7510292488573,config,LimiX,tabarena-2026-05-13,default,TA-LIMIX,False,
diamonds,0,TA-ORION-MSP (default),548.8859346231707,8.854759216308594,0.7722945213317871,rmse,regression,559.9886654242642,config,OrionMSP,tabarena-2026-05-13,default,TA-ORION-MSP,True,
diamonds,0,TA-TABPFN-3 (default),495.38944269824157,31.284017086029053,3.8421289920806885,rmse,regression,504.3930429101562,config,TabPFN-3,tabarena-2026-07-13,default,TA-TABPFN-3,False,
diamonds,0,TA-ILTM (default),564.5926429652333,2462.1477706432343,119.71339201927185,rmse,regression,561.0302870449384,config,iLTM,tabarena-2026-05-13,default,TA-ILTM,False,
diamonds,0,TA-ILTM (tuned),543.7380561864486,63957.38575673103,29.35521364212036,rmse,regression,536.9622006581532,hpo,iLTM,tabarena-2026-05-13,tuned,TA-ILTM,False,
diamonds,0,TA-ILTM (tuned + ensemble),531.7138587510049,63957.38575673103,759.5826525688171,rmse,regression,519.5652646675803,hpo,iLTM,tabarena-2026-05-13,tuned_ensemble,TA-ILTM,False,
diamonds,0,TA-NORI (default),508.60418220215433,75.31440949440002,12.091675758361816,rmse,regression,518.3127203759879,config,Nori,tabarena-2026-07-13,default,TA-NORI,False,
diamonds,0,TA-NORI-30M (default),507.96791275257846,186.29960823059082,36.63689088821411,rmse,regression,512.7292993390338,config,Nori-30M,tabarena-2026-07-13,default,TA-NORI-30M,False,
diamonds,0,TABFM (default),497.56277345062233,977.4664380550385,235.86231184005737,rmse,regression,501.6309427271747,config,TabFM,tabarena-2026-07-13,default,TABFM,False,
diamonds,0,TA-TABSWIFT (default),522.7003192788954,18.4166522026062,2.591705083847046,rmse,regression,520.8678215375633,config,TabSwift,tabarena-2026-07-13,default,TA-TABSWIFT,False,
diamonds,0,TA-EXAONE-TABULAR (default),497.2656981801147,236.11028909683228,24.21878457069397,rmse,regression,503.36229499622954,config,EXAONE-Tabular,tabarena-2026-08-06,default,TA-EXAONE-TABULAR,False,
diamonds,0,[Leakage] TabSTAR_base (default),583.5212395652484,3088.274973630905,44.82862710952759,rmse,regression,588.4778090958648,config,[Leakage] TabSTAR_base,[Leakage] TabSTAR_base,default,[Leakage] TabSTAR_base,False,
diamonds,0,[Leakage] TabSTAR_correct (default),580.0368690742796,3251.087985277176,46.2340292930603,rmse,regression,580.5950827909174,config,[Leakage] TabSTAR_correct,[Leakage] TabSTAR_correct,default,[Leakage] TabSTAR_correct,False,
diamonds,0,[Leakage] TabSTAR_wrong (default),593.5926966613006,2902.2848138809204,45.00037145614624,rmse,regression,590.2367894872493,config,[Leakage] TabSTAR_wrong,[Leakage] TabSTAR_wrong,default,[Leakage] TabSTAR_wrong,False,
hazelnut-spread-contaminant-detection,0,"AutoGluon 1.4 (best, 4h)",0.016112500000000085,5545.987393856049,0.5100343227386475,roc_auc,binary,0.009626562500000158,baseline,AutoGluon_v140_bq_4h8c,tabarena-2025-11-01,,,False,
hazelnut-spread-contaminant-detection,0,"AutoGluon 1.5 (extreme, 4h)",0.009431250000000002,1042.0366415977478,8.414391040802002,roc_auc,binary,0.006881250000000061,baseline,AutoGluon_v150_eq_4h8c,tabarena-2025-12-18,,,False,
hazelnut-spread-contaminant-detection,0,"AutoGluon 1.6 (extreme, 4h)",0.006449999999999845,9.628831624984741,0.23756909370422363,roc_auc,binary,0.005093749999999897,baseline,AutoGluon_16_extreme,tabarena-2026-08-05,,,False,
hazelnut-spread-contaminant-detection,0,"AutoGluon 1.6 (noncommercial, 4h)",0.006449999999999845,18.502983808517456,0.23735928535461426,roc_auc,binary,0.005093749999999897,baseline,AutoGluon_16_noncommercial,tabarena-2026-08-05,,,False,
hazelnut-spread-contaminant-detection,0,TabFM+,0.003968750000000076,25.28999352455139,5.271831274032593,roc_auc,binary,,baseline,TabFM+,tabarena-2026-07-07,,,False,
hazelnut-spread-contaminant-detection,0,CAT (default),0.03171249999999992,13.896063089370728,0.014669656753540039,roc_auc,binary,0.030268749999999955,config,CatBoost,tabarena-2026-07-13,default,CAT,False,
hazelnut-spread-contaminant-detection,0,CAT (tuned),0.031693749999999965,5471.675389051437,0.028994321823120117,roc_auc,binary,0.02818593749999998,hpo,CatBoost,tabarena-2026-07-13,tuned,CAT,False,
hazelnut-spread-contaminant-detection,0,CAT (tuned + ensemble),0.03260624999999995,5471.675389051437,0.2913544178009033,roc_auc,binary,0.02641093750000001,hpo,CatBoost,tabarena-2026-07-13,tuned_ensemble,CAT,False,
hazelnut-spread-contaminant-detection,0,CHIMERA (default),0.028337499999999904,10.992784976959229,0.053934574127197266,roc_auc,binary,0.027295312499999946,config,ChimeraBoost,tabarena-2026-08-10,default,CHIMERA,False,
hazelnut-spread-contaminant-detection,0,CHIMERA (tuned),0.024287500000000017,2053.8545382022858,0.03628993034362793,roc_auc,binary,0.023973437500000028,hpo,ChimeraBoost,tabarena-2026-08-10,tuned,CHIMERA,False,
hazelnut-spread-contaminant-detection,0,CHIMERA (tuned + ensemble),0.02542500000000003,2053.8545382022858,0.369171142578125,roc_auc,binary,0.02182187499999999,hpo,ChimeraBoost,tabarena-2026-08-10,tuned_ensemble,CHIMERA,False,
hazelnut-spread-contaminant-detection,0,EBM (default),0.035981249999999965,22.05921697616577,0.03333425521850586,roc_auc,binary,0.026767187499999956,config,ExplainableBM,tabarena-2026-07-13,default,EBM,False,
hazelnut-spread-contaminant-detection,0,EBM (tuned),0.03286250000000002,6410.834143400192,0.04456591606140137,roc_auc,binary,0.021389062499999945,hpo,ExplainableBM,tabarena-2026-07-13,tuned,EBM,False,
hazelnut-spread-contaminant-detection,0,EBM (tuned + ensemble),0.03192499999999998,6410.834143400192,0.11426186561584473,roc_auc,binary,0.020457812500000006,hpo,ExplainableBM,tabarena-2026-07-13,tuned_ensemble,EBM,False,
hazelnut-spread-contaminant-detection,0,XT (default),0.051715625000000154,7.050796747207642,0.5241365432739258,roc_auc,binary,0.04704140624999997,config,ExtraTrees,tabarena-2026-07-13,default,XT,False,
hazelnut-spread-contaminant-detection,0,XT (tuned),0.04353750000000001,1181.3065264225006,0.23010039329528809,roc_auc,binary,0.03798749999999995,hpo,ExtraTrees,tabarena-2026-07-13,tuned,XT,False,
hazelnut-spread-contaminant-detection,0,XT (tuned + ensemble),0.04163125000000001,1181.3065264225006,1.879127025604248,roc_auc,binary,0.035892187500000006,hpo,ExtraTrees,tabarena-2026-07-13,tuned_ensemble,XT,False,
hazelnut-spread-contaminant-detection,0,KNN (default),0.09697500000000003,0.4339768886566162,0.009181022644042969,roc_auc,binary,0.08228281250000002,config,KNeighbors,tabarena-2025-10-20,default,KNN,False,
hazelnut-spread-contaminant-detection,0,KNN (tuned),0.070359375,124.294837474823,0.020379066467285156,roc_auc,binary,0.06102968750000004,hpo,KNeighbors,tabarena-2025-10-20,tuned,KNN,False,
hazelnut-spread-contaminant-detection,0,KNN (tuned + ensemble),0.06026562499999999,124.294837474823,0.47826051712036133,roc_auc,binary,0.04859765625000001,hpo,KNeighbors,tabarena-2025-10-20,tuned_ensemble,KNN,False,
hazelnut-spread-contaminant-detection,0,GBM (default),0.033131249999999945,5.221571445465088,0.045456647872924805,roc_auc,binary,0.029546874999999972,config,LightGBM,tabarena-2025-06-12,default,GBM,False,
hazelnut-spread-contaminant-detection,0,GBM (tuned),0.029337500000000016,1670.2684843540192,1.2870135307312012,roc_auc,binary,0.023882812500000017,hpo,LightGBM,tabarena-2025-06-12,tuned,GBM,False,
hazelnut-spread-contaminant-detection,0,GBM (tuned + ensemble),0.028743749999999957,1670.2684843540192,5.1354615688323975,roc_auc,binary,0.02359687499999996,hpo,LightGBM,tabarena-2025-06-12,tuned_ensemble,GBM,False,
hazelnut-spread-contaminant-detection,0,LR (default),0.057287499999999936,3.9487788677215576,0.12026500701904297,roc_auc,binary,0.05107031249999994,config,LinearModel,tabarena-2025-10-20,default,LR,False,
hazelnut-spread-contaminant-detection,0,LR (tuned),0.057387500000000036,796.2103021144867,0.02371811866760254,roc_auc,binary,0.044906250000000036,hpo,LinearModel,tabarena-2025-10-20,tuned,LR,False,
hazelnut-spread-contaminant-detection,0,LR (tuned + ensemble),0.05550624999999998,796.2103021144867,0.6803224086761475,roc_auc,binary,0.04459843750000003,hpo,LinearModel,tabarena-2025-10-20,tuned_ensemble,LR,False,
hazelnut-spread-contaminant-detection,0,FASTAI (default),0.022518750000000032,7.7834436893463135,0.5574426651000977,roc_auc,binary,0.020079687499999888,config,NeuralNetFastAI,tabarena-2025-06-12,default,FASTAI,False,
hazelnut-spread-contaminant-detection,0,FASTAI (tuned),0.017340625,2324.9106018543243,1.089019536972046,roc_auc,binary,0.013360937500000003,hpo,NeuralNetFastAI,tabarena-2025-06-12,tuned,FASTAI,False,
hazelnut-spread-contaminant-detection,0,FASTAI (tuned + ensemble),0.017281250000000026,2324.9106018543243,4.492623805999756,roc_auc,binary,0.011151562500000045,hpo,NeuralNetFastAI,tabarena-2025-06-12,tuned_ensemble,FASTAI,False,
hazelnut-spread-contaminant-detection,0,NN_TORCH (default),0.022081250000000052,36.493624210357666,0.10308504104614258,roc_auc,binary,0.020819531249999912,config,NeuralNetTorch,tabarena-2025-06-12,default,NN_TORCH,False,
hazelnut-spread-contaminant-detection,0,NN_TORCH (tuned),0.016549999999999954,8026.183706998825,0.08922338485717773,roc_auc,binary,0.009980468750000027,hpo,NeuralNetTorch,tabarena-2025-06-12,tuned,NN_TORCH,False,
hazelnut-spread-contaminant-detection,0,NN_TORCH (tuned + ensemble),0.016862500000000002,8026.183706998825,1.4406991004943848,roc_auc,binary,0.006059374999999978,hpo,NeuralNetTorch,tabarena-2025-06-12,tuned_ensemble,NN_TORCH,False,
hazelnut-spread-contaminant-detection,0,RF (default),0.04707812500000008,0.668790340423584,0.05226445198059082,roc_auc,binary,0.03955312499999997,config,RandomForest,tabarena-2025-06-12,default,RF,False,
hazelnut-spread-contaminant-detection,0,RF (tuned),0.04707812499999997,896.1088798046112,0.05226445198059082,roc_auc,binary,0.03955312499999997,hpo,RandomForest,tabarena-2025-06-12,tuned,RF,False,
hazelnut-spread-contaminant-detection,0,RF (tuned + ensemble),0.04584374999999996,896.1088798046112,1.1737596988677979,roc_auc,binary,0.037823437499999946,hpo,RandomForest,tabarena-2025-06-12,tuned_ensemble,RF,False,
hazelnut-spread-contaminant-detection,0,XGB (default),0.032512499999999944,4.698106050491333,0.21862435340881348,roc_auc,binary,0.030293750000000008,config,XGBoost,tabarena-2025-06-12,default,XGB,False,
hazelnut-spread-contaminant-detection,0,XGB (tuned),0.030281250000000037,2913.410952091217,0.3651316165924072,roc_auc,binary,0.026328125000000036,hpo,XGBoost,tabarena-2025-06-12,tuned,XGB,False,
hazelnut-spread-contaminant-detection,0,XGB (tuned + ensemble),0.029956250000000018,2913.410952091217,0.6556210517883301,roc_auc,binary,0.025732812500000035,hpo,XGBoost,tabarena-2025-06-12,tuned_ensemble,XGB,False,
hazelnut-spread-contaminant-detection,0,MITRA_GPU (default),0.013056249999999991,275.9693908691406,2.371595859527588,roc_auc,binary,0.01091093750000005,config,Mitra_GPU,tabarena-2025-09-03,default,MITRA_GPU,False,
hazelnut-spread-contaminant-detection,0,MNCA_GPU (default),0.021437499999999887,16.270031213760376,0.16317105293273926,roc_auc,binary,0.02572968749999993,config,ModernNCA_GPU,tabarena-2025-06-12,default,MNCA_GPU,False,
hazelnut-spread-contaminant-detection,0,MNCA_GPU (tuned),0.015750000000000042,12454.26724600792,0.3756234645843506,roc_auc,binary,0.01249218750000003,hpo,ModernNCA_GPU,tabarena-2025-06-12,tuned,MNCA_GPU,False,
hazelnut-spread-contaminant-detection,0,MNCA_GPU (tuned + ensemble),0.01637500000000003,12454.26724600792,5.686235666275024,roc_auc,binary,0.007501562500000003,hpo,ModernNCA_GPU,tabarena-2025-06-12,tuned_ensemble,MNCA_GPU,False,
hazelnut-spread-contaminant-detection,0,REALMLP_GPU (default),0.017874999999999974,26.05776357650757,3.406834125518799,roc_auc,binary,0.020815625000000004,config,RealMLP_GPU,tabarena-2025-09-03,default,REALMLP_GPU,False,
hazelnut-spread-contaminant-detection,0,REALMLP_GPU (tuned),0.016924999999999968,6345.576763629913,0.41960978507995605,roc_auc,binary,0.012782812500000018,hpo,RealMLP_GPU,tabarena-2025-09-03,tuned,REALMLP_GPU,False,
hazelnut-spread-contaminant-detection,0,REALMLP_GPU (tuned + ensemble),0.017506249999999945,6345.576763629913,21.66552734375,roc_auc,binary,0.011406249999999951,hpo,RealMLP_GPU,tabarena-2025-09-03,tuned_ensemble,REALMLP_GPU,False,
hazelnut-spread-contaminant-detection,0,TABDPT_GPU (default),0.00880000000000003,25.693265914916992,16.116262674331665,roc_auc,binary,0.007179687499999976,config,TabDPT_GPU,tabarena-2025-10-20,default,TABDPT_GPU,False,
hazelnut-spread-contaminant-detection,0,TABDPT_GPU (tuned),0.010146875,6585.1246955394745,34.081148862838745,roc_auc,binary,0.00661640625000004,hpo,TabDPT_GPU,tabarena-2025-10-20,tuned,TABDPT_GPU,False,
hazelnut-spread-contaminant-detection,0,TABDPT_GPU (tuned + ensemble),0.009018749999999964,6585.1246955394745,219.0024139881134,roc_auc,binary,0.0061531249999999815,hpo,TabDPT_GPU,tabarena-2025-10-20,tuned_ensemble,TABDPT_GPU,False,
hazelnut-spread-contaminant-detection,0,TABDPT_TURBO (default),0.00864374999999995,8.182616472244263,0.14521145820617676,roc_auc,binary,0.0065531249999999375,config,TabDPT-Turbo,tabarena-2026-07-13,default,TABDPT_TURBO,False,
hazelnut-spread-contaminant-detection,0,TABICL_GPU (default),0.010043750000000018,15.200405359268188,1.6775519847869873,roc_auc,binary,0.008559374999999925,config,TabICL_GPU,tabarena-2025-06-12,default,TABICL_GPU,False,
hazelnut-spread-contaminant-detection,0,TA-TABM (default),0.04171875000000003,17.87797713279724,0.25570225715637207,roc_auc,binary,0.03890468749999998,config,TabM,tabarena-2026-06-26,default,TA-TABM,False,
hazelnut-spread-contaminant-detection,0,TA-TABM (tuned),0.02001249999999999,4249.909893512726,0.37579870223999023,roc_auc,binary,0.016742187500000005,hpo,TabM,tabarena-2026-06-26,tuned,TA-TABM,False,
hazelnut-spread-contaminant-detection,0,TA-TABM (tuned + ensemble),0.02098124999999995,4249.909893512726,1.4394280910491943,roc_auc,binary,0.015742187500000004,hpo,TabM,tabarena-2026-06-26,tuned_ensemble,TA-TABM,False,
hazelnut-spread-contaminant-detection,0,TABPFNV2_GPU (default),0.017749999999999932,8.003673315048218,0.5973677635192871,roc_auc,binary,0.012612499999999915,config,TabPFNv2_GPU,tabarena-2025-06-12,default,TABPFNV2_GPU,False,
hazelnut-spread-contaminant-detection,0,TABPFNV2_GPU (tuned),0.015106249999999988,5558.397243976593,0.16718316078186035,roc_auc,binary,0.011410937499999996,hpo,TabPFNv2_GPU,tabarena-2025-06-12,tuned,TABPFNV2_GPU,False,
hazelnut-spread-contaminant-detection,0,TABPFNV2_GPU (tuned + ensemble),0.014706250000000032,5558.397243976593,14.758544921875,roc_auc,binary,0.010687499999999961,hpo,TabPFNv2_GPU,tabarena-2025-06-12,tuned_ensemble,TABPFNV2_GPU,False,
hazelnut-spread-contaminant-detection,0,XRFM_GPU (default),0.017506250000000056,7.526816368103027,0.5614118576049805,roc_auc,binary,0.015898437500000084,config,xRFM_GPU,tabarena-2025-09-03,default,XRFM_GPU,False,
hazelnut-spread-contaminant-detection,0,XRFM_GPU (tuned),0.016112499999999974,1781.9711084365845,0.035814762115478516,roc_auc,binary,0.014236718749999988,hpo,xRFM_GPU,tabarena-2025-09-03,tuned,XRFM_GPU,False,
hazelnut-spread-contaminant-detection,0,XRFM_GPU (tuned + ensemble),0.016212499999999963,1781.9711084365845,1.605553150177002,roc_auc,binary,0.012275000000000036,hpo,xRFM_GPU,tabarena-2025-09-03,tuned_ensemble,XRFM_GPU,False,
hazelnut-spread-contaminant-detection,0,BETA_GPU (default),0.029518750000000038,560.6194977760315,2.2111573219299316,roc_auc,binary,0.021105468750000078,config,BetaTabPFN_GPU,tabarena-2025-09-03,default,BETA_GPU,False,
hazelnut-spread-contaminant-detection,0,TABFLEX_GPU (default),0.021049999999999902,4.091467380523682,0.463115930557251,roc_auc,binary,0.018201562500000046,config,TabFlex_GPU,tabarena-2025-09-03,default,TABFLEX_GPU,False,
hazelnut-spread-contaminant-detection,0,REALTABPFN-V2.5 (default),0.010300000000000087,7.937591552734375,0.3347470760345459,roc_auc,binary,0.008760156249999929,config,RealTabPFN-v2.5,tabarena-2025-11-12,default,REALTABPFN-V2.5,False,
hazelnut-spread-contaminant-detection,0,REALTABPFN-V2.5 (tuned),0.00990000000000002,3400.2776827812195,0.3135793209075928,roc_auc,binary,0.00814999999999999,hpo,RealTabPFN-v2.5,tabarena-2025-11-12,tuned,REALTABPFN-V2.5,False,
hazelnut-spread-contaminant-detection,0,REALTABPFN-V2.5 (tuned + ensemble),0.010475000000000012,3400.2776827812195,8.072603940963745,roc_auc,binary,0.007754687499999968,hpo,RealTabPFN-v2.5,tabarena-2025-11-12,tuned_ensemble,REALTABPFN-V2.5,False,
hazelnut-spread-contaminant-detection,0,SAP-RPT-OSS (default),0.014037500000000036,24.224281072616577,0.5698230266571045,roc_auc,binary,0.010732031249999996,config,SAP-RPT-OSS,tabarena-2025-11-25,default,SAP-RPT-OSS,False,
hazelnut-spread-contaminant-detection,0,TABICLV2 (default),0.0068187499999999845,6.012289762496948,0.10609173774719238,roc_auc,binary,0.004983593750000015,config,TabICLv2,tabarena-2026-07-13,default,TABICLV2,False,
hazelnut-spread-contaminant-detection,0,TABSTAR (default),0.05803749999999985,2630.3587493896484,6.499412298202515,roc_auc,binary,0.03829453125000004,config,TabSTAR,tabarena-2026-03-18,default,TABSTAR,False,
hazelnut-spread-contaminant-detection,0,TABSTAR (tuned),0.05206250000000001,153649.82711529732,12.980042457580566,roc_auc,binary,0.034719531250000046,hpo,TabSTAR,tabarena-2026-03-18,tuned,TABSTAR,False,
hazelnut-spread-contaminant-detection,0,TABSTAR (tuned + ensemble),0.052943749999999956,153649.82711529732,31.70506525039673,roc_auc,binary,0.03430624999999998,hpo,TabSTAR,tabarena-2026-03-18,tuned_ensemble,TABSTAR,False,
hazelnut-spread-contaminant-detection,0,PB (default),0.028259374999999975,43.245447397232056,0.05545639991760254,roc_auc,binary,0.025832031249999998,config,PerpetualBooster,tabarena-2026-03-18,default,PB,False,
hazelnut-spread-contaminant-detection,0,PB (tuned),0.025621875000000016,883.429548740387,0.16695237159729004,roc_auc,binary,0.025000000000000022,hpo,PerpetualBooster,tabarena-2026-03-18,tuned,PB,False,
hazelnut-spread-contaminant-detection,0,PB (tuned + ensemble),0.025959375000000007,883.429548740387,2.283587694168091,roc_auc,binary,0.024821093749999967,hpo,PerpetualBooster,tabarena-2026-03-18,tuned_ensemble,PB,False,
hazelnut-spread-contaminant-detection,0,TABPFN-V2.6 (default),0.009928124999999954,9.714865922927856,0.2939262390136719,roc_auc,binary,0.00945703124999997,config,TabPFN-v2.6,tabarena-2026-03-18,default,TABPFN-V2.6,False,
hazelnut-spread-contaminant-detection,0,TA-LIMIX (default),0.012199999999999989,46.14448165893555,3.891573429107666,roc_auc,binary,0.00912656249999999,config,LimiX,tabarena-2026-05-13,default,TA-LIMIX,False,
hazelnut-spread-contaminant-detection,0,TA-ORION-MSP (default),0.0139625000000001,25.055241346359253,2.0231246948242188,roc_auc,binary,0.01152656250000006,config,OrionMSP,tabarena-2026-05-13,default,TA-ORION-MSP,False,
hazelnut-spread-contaminant-detection,0,TA-TABPFN-3 (default),0.006181249999999916,13.96634554862976,0.31592845916748047,roc_auc,binary,0.006025000000000058,config,TabPFN-3,tabarena-2026-07-13,default,TA-TABPFN-3,False,
hazelnut-spread-contaminant-detection,0,TA-ILTM (default),0.0395875,935.8504414558411,133.39483880996704,roc_auc,binary,0.030973437499999923,config,iLTM,tabarena-2026-05-13,default,TA-ILTM,False,
hazelnut-spread-contaminant-detection,0,TA-ILTM (tuned),0.015537499999999982,45668.57325077057,88.01953148841858,roc_auc,binary,0.008948437499999962,hpo,iLTM,tabarena-2026-05-13,tuned,TA-ILTM,False,
hazelnut-spread-contaminant-detection,0,TA-ILTM (tuned + ensemble),0.01621874999999995,45668.57325077057,400.6262125968933,roc_auc,binary,0.00794687500000002,hpo,iLTM,tabarena-2026-05-13,tuned_ensemble,TA-ILTM,False,
hazelnut-spread-contaminant-detection,0,TA-NORI (default),0.04707812500000008,0.668790340423584,0.05226445198059082,roc_auc,binary,0.03955312499999997,config,Nori,tabarena-2026-07-13,default,TA-NORI,True,
hazelnut-spread-contaminant-detection,0,TA-NORI-30M (default),0.04707812500000008,0.668790340423584,0.05226445198059082,roc_auc,binary,0.03955312499999997,config,Nori-30M,tabarena-2026-07-13,default,TA-NORI-30M,True,
hazelnut-spread-contaminant-detection,0,TABFM (default),0.003906250000000111,69.46735787391663,4.338092803955078,roc_auc,binary,0.0026046875000000913,config,TabFM,tabarena-2026-07-13,default,TABFM,False,
hazelnut-spread-contaminant-detection,0,TA-TABSWIFT (default),0.010478124999999894,3.9801409244537354,0.03533625602722168,roc_auc,binary,0.009516406249999942,config,TabSwift,tabarena-2026-07-13,default,TA-TABSWIFT,False,
hazelnut-spread-contaminant-detection,0,TA-EXAONE-TABULAR (default),0.008837499999999943,10.999682664871216,0.41355061531066895,roc_auc,binary,0.006468750000000134,config,EXAONE-Tabular,tabarena-2026-08-06,default,TA-EXAONE-TABULAR,False,
hazelnut-spread-contaminant-detection,0,[Leakage] TabSTAR_base (default),0.04646875000000006,744.4883108139038,6.131975412368774,roc_auc,binary,0.04142812500000015,config,[Leakage] TabSTAR_base,[Leakage] TabSTAR_base,default,[Leakage] TabSTAR_base,False,
hazelnut-spread-contaminant-detection,0,[Leakage] TabSTAR_correct (default),0.040393750000000006,668.2012498378754,5.988052606582642,roc_auc,binary,0.038284374999999926,config,[Leakage] TabSTAR_correct,[Leakage] TabSTAR_correct,default,[Leakage] TabSTAR_correct,False,
hazelnut-spread-contaminant-detection,0,[Leakage] TabSTAR_wrong (default),0.04707812500000008,0.668790340423584,0.05226445198059082,roc_auc,binary,0.03955312499999997,config,[Leakage] TabSTAR_wrong,[Leakage] TabSTAR_wrong,default,[Leakage] TabSTAR_wrong,True,
healthcare_insurance_expenses,0,"AutoGluon 1.4 (best, 4h)",4099.462486425757,3968.4055852890015,0.43792128562927246,rmse,regression,4581.854208683809,baseline,AutoGluon_v140_bq_4h8c,tabarena-2025-11-01,,,False,
healthcare_insurance_expenses,0,"AutoGluon 1.5 (extreme, 4h)",4028.394237761725,302.7223768234253,1.1361379623413086,rmse,regression,4597.954356543058,baseline,AutoGluon_v150_eq_4h8c,tabarena-2025-12-18,,,False,
healthcare_insurance_expenses,0,"AutoGluon 1.6 (extreme, 4h)",4000.7894447882213,26.533891439437866,0.9471390247344971,rmse,regression,4595.191813371082,baseline,AutoGluon_16_extreme,tabarena-2026-08-05,,,False,
healthcare_insurance_expenses,0,"AutoGluon 1.6 (noncommercial, 4h)",4000.7894447882213,25.630135774612427,1.2273638248443604,rmse,regression,4595.191813371082,baseline,AutoGluon_16_noncommercial,tabarena-2026-08-05,,,False,
healthcare_insurance_expenses,0,TabFM+,4005.238529352541,28.825772523880005,1.6370303630828857,rmse,regression,,baseline,TabFM+,tabarena-2026-07-07,,,False,
healthcare_insurance_expenses,0,CAT (default),4110.344471234632,6.972932577133179,0.02382826805114746,rmse,regression,4754.0552569285765,config,CatBoost,tabarena-2026-07-13,default,CAT,False,
healthcare_insurance_expenses,0,CAT (tuned),4096.840222855796,1440.9532606601715,0.02174973487854004,rmse,regression,4697.60965269124,hpo,CatBoost,tabarena-2026-07-13,tuned,CAT,False,
healthcare_insurance_expenses,0,CAT (tuned + ensemble),4115.460091920263,1440.9532606601715,0.1585094928741455,rmse,regression,4662.932230897552,hpo,CatBoost,tabarena-2026-07-13,tuned_ensemble,CAT,False,
healthcare_insurance_expenses,0,CHIMERA (default),4197.564318811089,8.870946407318115,0.011278629302978516,rmse,regression,4804.010044147088,config,ChimeraBoost,tabarena-2026-08-10,default,CHIMERA,False,
healthcare_insurance_expenses,0,CHIMERA (tuned),4134.842447650571,2006.2871701717377,0.010782718658447266,rmse,regression,4665.303134672841,hpo,ChimeraBoost,tabarena-2026-08-10,tuned,CHIMERA,False,
healthcare_insurance_expenses,0,CHIMERA (tuned + ensemble),4128.964942839215,2006.2871701717377,0.12415885925292969,rmse,regression,4606.107475092281,hpo,ChimeraBoost,tabarena-2026-08-10,tuned_ensemble,CHIMERA,False,
healthcare_insurance_expenses,0,EBM (default),4180.362861666773,6.7731311321258545,0.0060880184173583984,rmse,regression,4734.006115784851,config,ExplainableBM,tabarena-2026-07-13,default,EBM,False,
healthcare_insurance_expenses,0,EBM (tuned),4036.85702312961,1518.7352862358093,0.005589008331298828,rmse,regression,4631.872677611251,hpo,ExplainableBM,tabarena-2026-07-13,tuned,EBM,False,
healthcare_insurance_expenses,0,EBM (tuned + ensemble),4058.6073322794073,1518.7352862358093,0.03938794136047363,rmse,regression,4602.853380011142,hpo,ExplainableBM,tabarena-2026-07-13,tuned_ensemble,EBM,False,
healthcare_insurance_expenses,0,XT (default),4328.143549019899,7.247618913650513,0.5853872299194336,rmse,regression,5098.00881290128,config,ExtraTrees,tabarena-2026-07-13,default,XT,False,
healthcare_insurance_expenses,0,XT (tuned),4136.035430952387,1252.3177580833435,0.13253164291381836,rmse,regression,4819.2187723229235,hpo,ExtraTrees,tabarena-2026-07-13,tuned,XT,False,
healthcare_insurance_expenses,0,XT (tuned + ensemble),4138.2396420157875,1252.3177580833435,0.3853628635406494,rmse,regression,4807.682730480153,hpo,ExtraTrees,tabarena-2026-07-13,tuned_ensemble,XT,False,
healthcare_insurance_expenses,0,KNN (default),5097.162999758122,0.39974045753479004,0.01771068572998047,rmse,regression,6089.654377144987,config,KNeighbors,tabarena-2025-10-20,default,KNN,False,
healthcare_insurance_expenses,0,KNN (tuned),4630.235613436097,81.05993247032166,0.016379833221435547,rmse,regression,5262.187856648114,hpo,KNeighbors,tabarena-2025-10-20,tuned,KNN,False,
healthcare_insurance_expenses,0,KNN (tuned + ensemble),4601.137288169586,81.05993247032166,0.08408045768737793,rmse,regression,5203.229006148408,hpo,KNeighbors,tabarena-2025-10-20,tuned_ensemble,KNN,False,
healthcare_insurance_expenses,0,GBM (default),4235.509729780342,3.934906482696533,0.024358510971069336,rmse,regression,4801.006269068233,config,LightGBM,tabarena-2025-06-12,default,GBM,False,
healthcare_insurance_expenses,0,GBM (tuned),4122.501833344633,889.4298858642578,0.16997933387756348,rmse,regression,4708.194705935851,hpo,LightGBM,tabarena-2025-06-12,tuned,GBM,False,
healthcare_insurance_expenses,0,GBM (tuned + ensemble),4101.070785897937,889.4298858642578,0.7782387733459473,rmse,regression,4655.718783712944,hpo,LightGBM,tabarena-2025-06-12,tuned_ensemble,GBM,False,
healthcare_insurance_expenses,0,LR (default),5575.862768468926,3.877168893814087,0.05402183532714844,rmse,regression,6331.167662555981,config,LinearModel,tabarena-2025-10-20,default,LR,False,
healthcare_insurance_expenses,0,LR (tuned),5585.882360476944,765.9013004302979,0.04583096504211426,rmse,regression,6330.211327629374,hpo,LinearModel,tabarena-2025-10-20,tuned,LR,False,
healthcare_insurance_expenses,0,LR (tuned + ensemble),5578.938995200396,765.9013004302979,0.3563241958618164,rmse,regression,6328.296666649604,hpo,LinearModel,tabarena-2025-10-20,tuned_ensemble,LR,False,
healthcare_insurance_expenses,0,FASTAI (default),4263.604669891753,7.010618448257446,0.20158028602600098,rmse,regression,4900.566471090712,config,NeuralNetFastAI,tabarena-2025-06-12,default,FASTAI,False,
healthcare_insurance_expenses,0,FASTAI (tuned),4165.877969169726,1977.4281823635101,0.6999359130859375,rmse,regression,4767.66461076361,hpo,NeuralNetFastAI,tabarena-2025-06-12,tuned,FASTAI,False,
healthcare_insurance_expenses,0,FASTAI (tuned + ensemble),4214.627144308174,1977.4281823635101,4.366992950439453,rmse,regression,4662.561372744264,hpo,NeuralNetFastAI,tabarena-2025-06-12,tuned_ensemble,FASTAI,False,
healthcare_insurance_expenses,0,NN_TORCH (default),4284.493211542226,18.287535667419434,0.051362037658691406,rmse,regression,4797.1593757233695,config,NeuralNetTorch,tabarena-2025-06-12,default,NN_TORCH,False,
healthcare_insurance_expenses,0,NN_TORCH (tuned),4149.197832312457,6719.513939142227,0.04883408546447754,rmse,regression,4601.67920900871,hpo,NeuralNetTorch,tabarena-2025-06-12,tuned,NN_TORCH,False,
healthcare_insurance_expenses,0,NN_TORCH (tuned + ensemble),4144.198944747313,6719.513939142227,0.6271276473999023,rmse,regression,4520.379224763676,hpo,NeuralNetTorch,tabarena-2025-06-12,tuned_ensemble,NN_TORCH,False,
healthcare_insurance_expenses,0,RF (default),4520.752203125408,0.5004377365112305,0.051499128341674805,rmse,regression,5160.637140845996,config,RandomForest,tabarena-2025-06-12,default,RF,False,
healthcare_insurance_expenses,0,RF (tuned),4289.116217210034,613.2202136516571,0.1155998706817627,rmse,regression,4826.460344689764,hpo,RandomForest,tabarena-2025-06-12,tuned,RF,False,
healthcare_insurance_expenses,0,RF (tuned + ensemble),4226.209636611783,613.2202136516571,0.8817336559295654,rmse,regression,4796.821011883399,hpo,RandomForest,tabarena-2025-06-12,tuned_ensemble,RF,False,
healthcare_insurance_expenses,0,XGB (default),4264.447087094856,3.5418570041656494,0.10715723037719727,rmse,regression,4911.721351537465,config,XGBoost,tabarena-2025-06-12,default,XGB,False,
healthcare_insurance_expenses,0,XGB (tuned),4137.510116549243,757.3028192520142,0.050827741622924805,rmse,regression,4699.642864670108,hpo,XGBoost,tabarena-2025-06-12,tuned,XGB,False,
healthcare_insurance_expenses,0,XGB (tuned + ensemble),4133.899611275165,757.3028192520142,0.3752317428588867,rmse,regression,4679.3780686966475,hpo,XGBoost,tabarena-2025-06-12,tuned_ensemble,XGB,False,
healthcare_insurance_expenses,0,MITRA_GPU (default),4032.357647014834,73.39119482040405,0.8561651706695557,rmse,regression,4594.42811137795,config,Mitra_GPU,tabarena-2025-09-03,default,MITRA_GPU,False,
healthcare_insurance_expenses,0,MNCA_GPU (default),4101.408056328212,24.494569301605225,0.14082908630371094,rmse,regression,4781.120161762224,config,ModernNCA_GPU,tabarena-2025-06-12,default,MNCA_GPU,False,
healthcare_insurance_expenses,0,MNCA_GPU (tuned),4147.3356749873055,9805.637067317963,0.2211625576019287,rmse,regression,4653.8845260274975,hpo,ModernNCA_GPU,tabarena-2025-06-12,tuned,MNCA_GPU,False,
healthcare_insurance_expenses,0,MNCA_GPU (tuned + ensemble),4117.0854826350915,9805.637067317963,3.3809256553649902,rmse,regression,4520.0577861954725,hpo,ModernNCA_GPU,tabarena-2025-06-12,tuned_ensemble,MNCA_GPU,False,
healthcare_insurance_expenses,0,REALMLP_GPU (default),4169.775918222015,19.49464702606201,3.5705032348632812,rmse,regression,4745.500600034513,config,RealMLP_GPU,tabarena-2025-09-03,default,REALMLP_GPU,False,
healthcare_insurance_expenses,0,REALMLP_GPU (tuned),4053.78243177254,4317.676448106766,0.5319652557373047,rmse,regression,4594.228929599754,hpo,RealMLP_GPU,tabarena-2025-09-03,tuned,REALMLP_GPU,False,
healthcare_insurance_expenses,0,REALMLP_GPU (tuned + ensemble),4071.1783567245207,4317.676448106766,14.912580490112305,rmse,regression,4566.986088524822,hpo,RealMLP_GPU,tabarena-2025-09-03,tuned_ensemble,REALMLP_GPU,False,
healthcare_insurance_expenses,0,TABDPT_GPU (default),4094.6992019149893,36.922821044921875,16.636596202850342,rmse,regression,4728.94350396044,config,TabDPT_GPU,tabarena-2025-10-20,default,TABDPT_GPU,False,
healthcare_insurance_expenses,0,TABDPT_GPU (tuned),4098.722576870162,9169.319046497345,6.955339193344116,rmse,regression,4687.47659609444,hpo,TabDPT_GPU,tabarena-2025-10-20,tuned,TABDPT_GPU,False,
healthcare_insurance_expenses,0,TABDPT_GPU (tuned + ensemble),4104.0711948039,9169.319046497345,13.53958010673523,rmse,regression,4684.405285717347,hpo,TabDPT_GPU,tabarena-2025-10-20,tuned_ensemble,TABDPT_GPU,False,
healthcare_insurance_expenses,0,TABDPT_TURBO (default),4104.7114827728565,6.325645685195923,0.13527297973632812,rmse,regression,4758.146153720001,config,TabDPT-Turbo,tabarena-2026-07-13,default,TABDPT_TURBO,False,
healthcare_insurance_expenses,0,TABICL_GPU (default),4520.752203125408,0.5004377365112305,0.051499128341674805,rmse,regression,5160.637140845996,config,TabICL_GPU,tabarena-2025-06-12,default,TABICL_GPU,True,RandomForest_c1_BAG_L1
healthcare_insurance_expenses,0,TA-TABM (default),4134.966387993962,9.724528074264526,0.22963666915893555,rmse,regression,4655.889716215281,config,TabM,tabarena-2026-06-26,default,TA-TABM,False,
healthcare_insurance_expenses,0,TA-TABM (tuned),4102.338423002473,3076.2694721221924,0.20175457000732422,rmse,regression,4625.137543608572,hpo,TabM,tabarena-2026-06-26,tuned,TA-TABM,False,
healthcare_insurance_expenses,0,TA-TABM (tuned + ensemble),4097.300441901512,3076.2694721221924,2.9771032333374023,rmse,regression,4593.725568463338,hpo,TabM,tabarena-2026-06-26,tuned_ensemble,TA-TABM,False,
healthcare_insurance_expenses,0,TABPFNV2_GPU (default),4321.7507912330075,9.203422546386719,0.27484941482543945,rmse,regression,4951.292520124048,config,TabPFNv2_GPU,tabarena-2025-06-12,default,TABPFNV2_GPU,False,
healthcare_insurance_expenses,0,TABPFNV2_GPU (tuned),4258.5479623916735,5595.9298593997955,0.23511195182800293,rmse,regression,4838.61542492784,hpo,TabPFNv2_GPU,tabarena-2025-06-12,tuned,TABPFNV2_GPU,False,
healthcare_insurance_expenses,0,TABPFNV2_GPU (tuned + ensemble),4147.532527898639,5595.9298593997955,13.010827541351318,rmse,regression,4755.641817265828,hpo,TabPFNv2_GPU,tabarena-2025-06-12,tuned_ensemble,TABPFNV2_GPU,False,
healthcare_insurance_expenses,0,XRFM_GPU (default),4588.086639568085,8.578768014907837,0.4600341320037842,rmse,regression,5314.316139880819,config,xRFM_GPU,tabarena-2025-09-03,default,XRFM_GPU,False,
healthcare_insurance_expenses,0,XRFM_GPU (tuned),4164.471571090113,1895.4032871723175,0.048380136489868164,rmse,regression,4791.425251585118,hpo,xRFM_GPU,tabarena-2025-09-03,tuned,XRFM_GPU,False,
healthcare_insurance_expenses,0,XRFM_GPU (tuned + ensemble),4217.97912318839,1895.4032871723175,0.8801453113555908,rmse,regression,4758.884818753463,hpo,xRFM_GPU,tabarena-2025-09-03,tuned_ensemble,XRFM_GPU,False,
healthcare_insurance_expenses,0,BETA_GPU (default),4520.752203125408,0.5004377365112305,0.051499128341674805,rmse,regression,5160.637140845996,config,BetaTabPFN_GPU,tabarena-2025-09-03,default,BETA_GPU,True,
healthcare_insurance_expenses,0,TABFLEX_GPU (default),4520.752203125408,0.5004377365112305,0.051499128341674805,rmse,regression,5160.637140845996,config,TabFlex_GPU,tabarena-2025-09-03,default,TABFLEX_GPU,True,
healthcare_insurance_expenses,0,REALTABPFN-V2.5 (default),4075.862737431688,6.978761196136475,0.24307680130004883,rmse,regression,4751.53531557976,config,RealTabPFN-v2.5,tabarena-2025-11-12,default,REALTABPFN-V2.5,False,
healthcare_insurance_expenses,0,REALTABPFN-V2.5 (tuned),4101.051858354645,2169.02122092247,0.27854084968566895,rmse,regression,4680.566785940053,hpo,RealTabPFN-v2.5,tabarena-2025-11-12,tuned,REALTABPFN-V2.5,False,
healthcare_insurance_expenses,0,REALTABPFN-V2.5 (tuned + ensemble),4030.724697336574,2169.02122092247,8.070806980133057,rmse,regression,4591.0536965564015,hpo,RealTabPFN-v2.5,tabarena-2025-11-12,tuned_ensemble,REALTABPFN-V2.5,False,
healthcare_insurance_expenses,0,SAP-RPT-OSS (default),4181.546869347977,20.33664894104004,0.4684743881225586,rmse,regression,4809.553138123972,config,SAP-RPT-OSS,tabarena-2025-11-25,default,SAP-RPT-OSS,False,
healthcare_insurance_expenses,0,TABICLV2 (default),4042.4650321295144,4.018398284912109,0.05850696563720703,rmse,regression,4647.3889569447565,config,TabICLv2,tabarena-2026-07-13,default,TABICLV2,False,
healthcare_insurance_expenses,0,TABSTAR (default),4258.845155409213,270.18600153923035,3.72446870803833,rmse,regression,4776.143245523389,config,TabSTAR,tabarena-2026-03-18,default,TABSTAR,False,
healthcare_insurance_expenses,0,TABSTAR (tuned),4111.575650656837,116188.12858986855,3.7507805824279785,rmse,regression,4654.567645214571,hpo,TabSTAR,tabarena-2026-03-18,tuned,TABSTAR,False,
healthcare_insurance_expenses,0,TABSTAR (tuned + ensemble),4095.1550947098003,116188.12858986855,28.606974601745605,rmse,regression,4638.927267867785,hpo,TabSTAR,tabarena-2026-03-18,tuned_ensemble,TABSTAR,False,
healthcare_insurance_expenses,0,PB (default),4216.491180632133,29.24120545387268,0.011067390441894531,rmse,regression,4938.584490291333,config,PerpetualBooster,tabarena-2026-03-18,default,PB,False,
healthcare_insurance_expenses,0,PB (tuned),4167.356818280457,179.15033960342407,0.17178964614868164,rmse,regression,4861.450452632817,hpo,PerpetualBooster,tabarena-2026-03-18,tuned,PB,False,
healthcare_insurance_expenses,0,PB (tuned + ensemble),4196.3823804697,179.15033960342407,0.21062254905700684,rmse,regression,4778.634973209276,hpo,PerpetualBooster,tabarena-2026-03-18,tuned_ensemble,PB,False,
healthcare_insurance_expenses,0,TABPFN-V2.6 (default),4029.2237105999457,8.212110996246338,0.267794132232666,rmse,regression,4637.8918874495,config,TabPFN-v2.6,tabarena-2026-03-18,default,TABPFN-V2.6,False,
healthcare_insurance_expenses,0,TA-LIMIX (default),4738.737780711161,115.5348768234253,10.23624563217163,rmse,regression,5256.258260434324,config,LimiX,tabarena-2026-05-13,default,TA-LIMIX,False,
healthcare_insurance_expenses,0,TA-ORION-MSP (default),4520.752203125408,0.5004377365112305,0.051499128341674805,rmse,regression,5160.637140845996,config,OrionMSP,tabarena-2026-05-13,default,TA-ORION-MSP,True,
healthcare_insurance_expenses,0,TA-TABPFN-3 (default),4085.4412134068334,10.059081077575684,0.20655536651611328,rmse,regression,4661.095288497648,config,TabPFN-3,tabarena-2026-07-13,default,TA-TABPFN-3,False,
healthcare_insurance_expenses,0,TA-ILTM (default),4385.794942064018,716.5071461200714,136.76394295692444,rmse,regression,4694.12900899798,config,iLTM,tabarena-2026-05-13,default,TA-ILTM,False,
healthcare_insurance_expenses,0,TA-ILTM (tuned),4166.836129217667,36763.38728880882,59.38741111755371,rmse,regression,4528.9614373729355,hpo,iLTM,tabarena-2026-05-13,tuned,TA-ILTM,False,
healthcare_insurance_expenses,0,TA-ILTM (tuned + ensemble),4093.1675375104733,36763.38728880882,741.5527901649475,rmse,regression,4423.249525945638,hpo,iLTM,tabarena-2026-05-13,tuned_ensemble,TA-ILTM,False,
healthcare_insurance_expenses,0,TA-NORI (default),4015.195336232637,12.275516271591187,0.6001057624816895,rmse,regression,4610.146531470307,config,Nori,tabarena-2026-07-13,default,TA-NORI,False,
healthcare_insurance_expenses,0,TA-NORI-30M (default),4008.3381464656486,10.530084133148193,0.8323361873626709,rmse,regression,4587.596505784795,config,Nori-30M,tabarena-2026-07-13,default,TA-NORI-30M,False,
healthcare_insurance_expenses,0,TABFM (default),4006.579893091727,51.29904341697693,1.545438528060913,rmse,regression,4637.121251565192,config,TabFM,tabarena-2026-07-13,default,TABFM,False,
healthcare_insurance_expenses,0,TA-TABSWIFT (default),4145.253373796387,2.5534207820892334,0.027225732803344727,rmse,regression,4751.418604443787,config,TabSwift,tabarena-2026-07-13,default,TA-TABSWIFT,False,
healthcare_insurance_expenses,0,TA-EXAONE-TABULAR (default),4031.117260507736,7.061888694763184,0.25814270973205566,rmse,regression,4583.034010596429,config,EXAONE-Tabular,tabarena-2026-08-06,default,TA-EXAONE-TABULAR,False,
healthcare_insurance_expenses,0,[Leakage] TabSTAR_base (default),4206.579853579821,136.7376880645752,1.2821495532989502,rmse,regression,4779.555225450385,config,[Leakage] TabSTAR_base,[Leakage] TabSTAR_base,default,[Leakage] TabSTAR_base,False,
healthcare_insurance_expenses,0,[Leakage] TabSTAR_correct (default),4164.660718103545,157.57917070388794,1.2945482730865479,rmse,regression,4835.57841035096,config,[Leakage] TabSTAR_correct,[Leakage] TabSTAR_correct,default,[Leakage] TabSTAR_correct,False,
healthcare_insurance_expenses,0,[Leakage] TabSTAR_wrong (default),4203.816508054069,130.17164826393127,1.282409429550171,rmse,regression,4787.509042792895,config,[Leakage] TabSTAR_wrong,[Leakage] TabSTAR_wrong,default,[Leakage] TabSTAR_wrong,False,
heloc,0,"AutoGluon 1.4 (best, 4h)",0.2008419744622505,5295.63387298584,0.6655385494232178,roc_auc,binary,0.19471951317143266,baseline,AutoGluon_v140_bq_4h8c,tabarena-2025-11-01,,,False,
heloc,0,"AutoGluon 1.5 (extreme, 4h)",0.19915324627382214,4676.593635797501,60.69050931930542,roc_auc,binary,0.19457506344204079,baseline,AutoGluon_v150_eq_4h8c,tabarena-2025-12-18,,,False,
heloc,0,"AutoGluon 1.6 (extreme, 4h)",0.19869048168388304,40.57110142707825,1.5669355392456055,roc_auc,binary,0.19788264894090402,baseline,AutoGluon_16_extreme,tabarena-2026-08-05,,,False,
heloc,0,"AutoGluon 1.6 (noncommercial, 4h)",0.19853952286465792,40.975098848342896,2.1282334327697754,roc_auc,binary,0.1966520229929012,baseline,AutoGluon_16_noncommercial,tabarena-2026-08-05,,,False,
heloc,0,TabFM+,0.19795150859937904,157.25459218025208,25.915400743484497,roc_auc,binary,,baseline,TabFM+,tabarena-2026-07-07,,,False,
heloc,0,CAT (default),0.20189753258139576,7.762768983840942,0.016332387924194336,roc_auc,binary,0.1998213423980486,config,CatBoost,tabarena-2026-07-13,default,CAT,False,
heloc,0,CAT (tuned),0.20104830682215202,2325.2931208610535,0.015106439590454102,roc_auc,binary,0.1988175322066419,hpo,CatBoost,tabarena-2026-07-13,tuned,CAT,False,
heloc,0,CAT (tuned + ensemble),0.20075545330494338,2325.2931208610535,0.3076045513153076,roc_auc,binary,0.19628121097352935,hpo,CatBoost,tabarena-2026-07-13,tuned_ensemble,CAT,False,
heloc,0,CHIMERA (default),0.20478618562001882,10.997844219207764,0.06467032432556152,roc_auc,binary,0.19957708878884595,config,ChimeraBoost,tabarena-2026-08-10,default,CHIMERA,False,
heloc,0,CHIMERA (tuned),0.2032604468117366,2071.0257699489594,0.05225086212158203,roc_auc,binary,0.19669683373943325,hpo,ChimeraBoost,tabarena-2026-08-10,tuned,CHIMERA,False,
heloc,0,CHIMERA (tuned + ensemble),0.2034315114998978,2071.0257699489594,0.7797725200653076,roc_auc,binary,0.1919319714329224,hpo,ChimeraBoost,tabarena-2026-08-10,tuned_ensemble,CHIMERA,False,
heloc,0,EBM (default),0.20221856727555598,12.60342812538147,0.047446489334106445,roc_auc,binary,0.19807343471362793,config,ExplainableBM,tabarena-2026-07-13,default,EBM,False,
heloc,0,EBM (tuned),0.2013210544704246,2708.5126736164093,0.038338422775268555,roc_auc,binary,0.19647273878253446,hpo,ExplainableBM,tabarena-2026-07-13,tuned,EBM,False,
heloc,0,EBM (tuned + ensemble),0.20086587078188756,2708.5126736164093,0.8052468299865723,roc_auc,binary,0.19560562816380567,hpo,ExplainableBM,tabarena-2026-07-13,tuned_ensemble,EBM,False,
heloc,0,XT (default),0.2066619643104346,8.081100940704346,0.837221622467041,roc_auc,binary,0.20935048987174065,config,ExtraTrees,tabarena-2026-07-13,default,XT,False,
heloc,0,XT (tuned),0.20615470312530904,1210.1770977973938,0.21198654174804688,roc_auc,binary,0.20844668968133417,hpo,ExtraTrees,tabarena-2026-07-13,tuned,XT,False,
heloc,0,XT (tuned + ensemble),0.20458117167775236,1210.1770977973938,3.0784003734588623,roc_auc,binary,0.20564694556842333,hpo,ExtraTrees,tabarena-2026-07-13,tuned_ensemble,XT,False,
heloc,0,KNN (default),0.2562740199212906,0.4872019290924072,0.046767234802246094,roc_auc,binary,0.2548854638143121,config,KNeighbors,tabarena-2025-10-20,default,KNN,False,
heloc,0,KNN (tuned),0.2112027594481104,394.7498245239258,0.28000450134277344,roc_auc,binary,0.21401006547480794,hpo,KNeighbors,tabarena-2025-10-20,tuned,KNN,False,
heloc,0,KNN (tuned + ensemble),0.21071280249444613,394.7498245239258,4.973586559295654,roc_auc,binary,0.21124903092122893,hpo,KNeighbors,tabarena-2025-10-20,tuned_ensemble,KNN,False,
heloc,0,GBM (default),0.20658285925232533,4.3830437660217285,0.6232860088348389,roc_auc,binary,0.20388823713368875,config,LightGBM,tabarena-2025-06-12,default,GBM,False,
heloc,0,GBM (tuned),0.2026458993915503,1330.3536114692688,0.8950226306915283,roc_auc,binary,0.19828701748987765,hpo,LightGBM,tabarena-2025-06-12,tuned,GBM,False,
heloc,0,GBM (tuned + ensemble),0.20195982781465682,1330.3536114692688,4.07795524597168,roc_auc,binary,0.19633789430055948,hpo,LightGBM,tabarena-2025-06-12,tuned_ensemble,GBM,False,
heloc,0,LR (default),0.21499864862192397,3.825307846069336,0.11326956748962402,roc_auc,binary,0.21382513354385724,config,LinearModel,tabarena-2025-10-20,default,LR,False,
heloc,0,LR (tuned),0.21502369855699188,805.8542728424072,0.16727519035339355,roc_auc,binary,0.21379916227401796,hpo,LinearModel,tabarena-2025-10-20,tuned,LR,False,
heloc,0,LR (tuned + ensemble),0.2160390449382651,805.8542728424072,1.937514066696167,roc_auc,binary,0.21352605169832728,hpo,LinearModel,tabarena-2025-10-20,tuned_ensemble,LR,False,
heloc,0,FASTAI (default),0.20917223148776842,15.883120775222778,0.359935998916626,roc_auc,binary,0.21088885475522,config,NeuralNetFastAI,tabarena-2025-06-12,default,FASTAI,False,
heloc,0,FASTAI (tuned),0.20631851651647692,2922.8539674282074,0.2479264736175537,roc_auc,binary,0.20379247322918603,hpo,NeuralNetFastAI,tabarena-2025-06-12,tuned,FASTAI,False,
heloc,0,FASTAI (tuned + ensemble),0.20499054035346775,2922.8539674282074,9.304506540298462,roc_auc,binary,0.1978309537466525,hpo,NeuralNetFastAI,tabarena-2025-06-12,tuned_ensemble,FASTAI,False,
heloc,0,NN_TORCH (default),0.20891283281805184,20.295628547668457,0.17162275314331055,roc_auc,binary,0.20702742162097487,config,NeuralNetTorch,tabarena-2025-06-12,default,NN_TORCH,False,
heloc,0,NN_TORCH (tuned),0.20363949188184338,9875.097659111023,0.1498711109161377,roc_auc,binary,0.19969589704230106,hpo,NeuralNetTorch,tabarena-2025-06-12,tuned,NN_TORCH,False,
heloc,0,NN_TORCH (tuned + ensemble),0.2033209292207493,9875.097659111023,3.3594472408294678,roc_auc,binary,0.1945644275886781,hpo,NeuralNetTorch,tabarena-2025-06-12,tuned_ensemble,NN_TORCH,False,
heloc,0,RF (default),0.20713774827452092,0.9701108932495117,0.09906578063964844,roc_auc,binary,0.21182109966973606,config,RandomForest,tabarena-2025-06-12,default,RF,False,
heloc,0,RF (tuned),0.20631274843932312,1015.5290634632111,0.17889714241027832,roc_auc,binary,0.20679095939272407,hpo,RandomForest,tabarena-2025-06-12,tuned,RF,False,
heloc,0,RF (tuned + ensemble),0.20611597460727638,1015.5290634632111,1.9832854270935059,roc_auc,binary,0.20440535397315496,hpo,RandomForest,tabarena-2025-06-12,tuned_ensemble,RF,False,
heloc,0,XGB (default),0.20902390950381344,7.364228248596191,0.1499159336090088,roc_auc,binary,0.2056680936024352,config,XGBoost,tabarena-2025-06-12,default,XGB,False,
heloc,0,XGB (tuned),0.20408297461386848,1149.778204202652,0.2559163570404053,roc_auc,binary,0.19880875144398202,hpo,XGBoost,tabarena-2025-06-12,tuned,XGB,False,
heloc,0,XGB (tuned + ensemble),0.20416751814472267,1149.778204202652,2.117103099822998,roc_auc,binary,0.19815394565012978,hpo,XGBoost,tabarena-2025-06-12,tuned_ensemble,XGB,False,
heloc,0,MITRA_GPU (default),0.19810708188032722,1013.9657771587372,18.41417360305786,roc_auc,binary,0.1958577968266737,config,Mitra_GPU,tabarena-2025-09-03,default,MITRA_GPU,False,
heloc,0,MNCA_GPU (default),0.20127820589728196,33.69050979614258,0.3986215591430664,roc_auc,binary,0.20130570352995725,config,ModernNCA_GPU,tabarena-2025-06-12,default,MNCA_GPU,False,
heloc,0,MNCA_GPU (tuned),0.19920186292411846,10316.81269621849,0.38191652297973633,roc_auc,binary,0.19642619661801297,hpo,ModernNCA_GPU,tabarena-2025-06-12,tuned,MNCA_GPU,False,
heloc,0,MNCA_GPU (tuned + ensemble),0.2004654014252094,10316.81269621849,13.772684574127197,roc_auc,binary,0.18568963244222192,hpo,ModernNCA_GPU,tabarena-2025-06-12,tuned_ensemble,MNCA_GPU,False,
heloc,0,REALMLP_GPU (default),0.20082532943960663,54.64430809020996,3.4986023902893066,roc_auc,binary,0.20202477791060225,config,RealMLP_GPU,tabarena-2025-09-03,default,REALMLP_GPU,False,
heloc,0,REALMLP_GPU (tuned),0.19849683909371973,11842.191468715668,0.7512588500976562,roc_auc,binary,0.19651837401382344,hpo,RealMLP_GPU,tabarena-2025-09-03,tuned,REALMLP_GPU,False,
heloc,0,REALMLP_GPU (tuned + ensemble),0.19969808236154962,11842.191468715668,18.54255962371826,roc_auc,binary,0.19198725313586595,hpo,RealMLP_GPU,tabarena-2025-09-03,tuned_ensemble,REALMLP_GPU,False,
heloc,0,TABDPT_GPU (default),0.2043766521420991,362.8714380264282,135.24029636383057,roc_auc,binary,0.20359373117855906,config,TabDPT_GPU,tabarena-2025-10-20,default,TABDPT_GPU,False,
heloc,0,TABDPT_GPU (tuned),0.2019365907038373,41695.232293605804,138.44089078903198,roc_auc,binary,0.2010467740920836,hpo,TabDPT_GPU,tabarena-2025-10-20,tuned,TABDPT_GPU,False,
heloc,0,TABDPT_GPU (tuned + ensemble),0.20249922542963938,41695.232293605804,1180.65100979805,roc_auc,binary,0.1996821693711004,hpo,TabDPT_GPU,tabarena-2025-10-20,tuned_ensemble,TABDPT_GPU,False,
heloc,0,TABDPT_TURBO (default),0.20129732295299174,7.347748041152954,0.3393361568450928,roc_auc,binary,0.2013814736791073,config,TabDPT-Turbo,tabarena-2026-07-13,default,TABDPT_TURBO,False,
heloc,0,TABICL_GPU (default),0.201809857808658,24.242511749267578,3.4208052158355713,roc_auc,binary,0.19990288394049616,config,TabICL_GPU,tabarena-2025-06-12,default,TABICL_GPU,False,
heloc,0,TA-TABM (default),0.203448321324746,15.566993713378906,0.3585026264190674,roc_auc,binary,0.20152711891139652,config,TabM,tabarena-2026-06-26,default,TA-TABM,False,
heloc,0,TA-TABM (tuned),0.20169120022149412,5446.632203817368,0.3278498649597168,roc_auc,binary,0.197927500911674,hpo,TabM,tabarena-2026-06-26,tuned,TA-TABM,False,
heloc,0,TA-TABM (tuned + ensemble),0.20137906484637136,5446.632203817368,3.884289264678955,roc_auc,binary,0.19635974314661475,hpo,TabM,tabarena-2026-06-26,tuned_ensemble,TA-TABM,False,
heloc,0,TABPFNV2_GPU (default),0.19923498816720175,17.11393666267395,0.9132039546966553,roc_auc,binary,0.19834188695044275,config,TabPFNv2_GPU,tabarena-2025-06-12,default,TABPFNV2_GPU,False,
heloc,0,TABPFNV2_GPU (tuned),0.19989848184209313,28654.48244357109,0.5597274303436279,roc_auc,binary,0.1975978719059045,hpo,TabPFNv2_GPU,tabarena-2025-06-12,tuned,TABPFNV2_GPU,False,
heloc,0,TABPFNV2_GPU (tuned + ensemble),0.19953855382769603,28654.48244357109,381.29260063171387,roc_auc,binary,0.19604017285487818,hpo,TabPFNv2_GPU,tabarena-2025-06-12,tuned_ensemble,TABPFNV2_GPU,False,
heloc,0,XRFM_GPU (default),0.2189077569101564,10.367485761642456,0.6193575859069824,roc_auc,binary,0.22706611139267274,config,xRFM_GPU,tabarena-2025-09-03,default,XRFM_GPU,False,
heloc,0,XRFM_GPU (tuned),0.20115130819989846,1896.5770907402039,0.06439542770385742,roc_auc,binary,0.1989485840587356,hpo,xRFM_GPU,tabarena-2025-09-03,tuned,XRFM_GPU,False,
heloc,0,XRFM_GPU (tuned + ensemble),0.20036717931139048,1896.5770907402039,2.2644095420837402,roc_auc,binary,0.1959207462378555,hpo,xRFM_GPU,tabarena-2025-09-03,tuned_ensemble,XRFM_GPU,False,
heloc,0,BETA_GPU (default),0.2003658608937553,1415.4470827579498,2.649787664413452,roc_auc,binary,0.1952646624926302,config,BetaTabPFN_GPU,tabarena-2025-09-03,default,BETA_GPU,False,
heloc,0,TABFLEX_GPU (default),0.20694311687113132,4.294569253921509,0.30896663665771484,roc_auc,binary,0.20864217501717197,config,TabFlex_GPU,tabarena-2025-09-03,default,TABFLEX_GPU,False,
heloc,0,REALTABPFN-V2.5 (default),0.19841196595845667,26.871850967407227,1.5789844989776611,roc_auc,binary,0.19787568204470907,config,RealTabPFN-v2.5,tabarena-2025-11-12,default,REALTABPFN-V2.5,False,
heloc,0,REALTABPFN-V2.5 (tuned),0.19977586900202382,9497.600450754166,1.4793877601623535,roc_auc,binary,0.19692843150761907,hpo,RealTabPFN-v2.5,tabarena-2025-11-12,tuned,REALTABPFN-V2.5,False,
heloc,0,REALTABPFN-V2.5 (tuned + ensemble),0.19893175211111624,9497.600450754166,59.114468812942505,roc_auc,binary,0.19631452015770412,hpo,RealTabPFN-v2.5,tabarena-2025-11-12,tuned_ensemble,REALTABPFN-V2.5,False,
heloc,0,SAP-RPT-OSS (default),0.20188797405354109,28.643813610076904,6.501167058944702,roc_auc,binary,0.20035334118737513,config,SAP-RPT-OSS,tabarena-2025-11-25,default,SAP-RPT-OSS,False,
heloc,0,TABICLV2 (default),0.19906260506140527,5.732588768005371,0.3558478355407715,roc_auc,binary,0.1978988500663752,config,TabICLv2,tabarena-2026-07-13,default,TABICLV2,False,
heloc,0,TABSTAR (default),0.21328734253149373,2780.608144760132,11.374732255935669,roc_auc,binary,0.2111071370945834,config,TabSTAR,tabarena-2026-03-18,default,TABSTAR,False,
heloc,0,TABSTAR (tuned),0.20691411168315788,402274.9215140343,10.916796207427979,roc_auc,binary,0.20726784137605847,hpo,TabSTAR,tabarena-2026-03-18,tuned,TABSTAR,False,
heloc,0,TABSTAR (tuned + ensemble),0.2079718122309604,402274.9215140343,56.38488435745239,roc_auc,binary,0.2068794678313668,hpo,TabSTAR,tabarena-2026-03-18,tuned_ensemble,TABSTAR,False,
heloc,0,PB (default),0.22719664858237154,25.47612428665161,0.037719011306762695,roc_auc,binary,0.2287746911541937,config,PerpetualBooster,tabarena-2026-03-18,default,PB,False,
heloc,0,PB (tuned),0.21511384536279554,280.58977365493774,0.273421049118042,roc_auc,binary,0.20889821875839687,hpo,PerpetualBooster,tabarena-2026-03-18,tuned,PB,False,
heloc,0,PB (tuned + ensemble),0.21371714668055397,280.58977365493774,1.0581986904144287,roc_auc,binary,0.20695923673158745,hpo,PerpetualBooster,tabarena-2026-03-18,tuned_ensemble,PB,False,
heloc,0,TABPFN-V2.6 (default),0.20007877545370034,14.73482894897461,0.952284574508667,roc_auc,binary,0.19741801055620822,config,TabPFN-v2.6,tabarena-2026-03-18,default,TABPFN-V2.6,False,
heloc,0,TA-LIMIX (default),0.1989815223768434,55.212828636169434,5.244746923446655,roc_auc,binary,0.20057747736851184,config,LimiX,tabarena-2026-05-13,default,TA-LIMIX,False,
heloc,0,TA-ORION-MSP (default),0.20629280737259148,56.63371014595032,9.152435064315796,roc_auc,binary,0.20690300687117358,config,OrionMSP,tabarena-2026-05-13,default,TA-ORION-MSP,False,
heloc,0,TA-TABPFN-3 (default),0.19955585805915732,10.579829454421997,0.584958553314209,roc_auc,binary,0.19687900364644872,config,TabPFN-3,tabarena-2026-07-13,default,TA-TABPFN-3,False,
heloc,0,TA-ILTM (default),0.20257223280618597,1365.2172887325287,160.43830609321594,roc_auc,binary,0.19625552827335502,config,iLTM,tabarena-2026-05-13,default,TA-ILTM,False,
heloc,0,TA-ILTM (tuned),0.20257223280618597,55027.23009800911,160.43830609321594,roc_auc,binary,0.19625556949759282,hpo,iLTM,tabarena-2026-05-13,tuned,TA-ILTM,False,
heloc,0,TA-ILTM (tuned + ensemble),0.20106429263597825,55027.23009800911,428.8440737724304,roc_auc,binary,0.19344164424686494,hpo,iLTM,tabarena-2026-05-13,tuned_ensemble,TA-ILTM,False,
heloc,0,TA-NORI (default),0.20713774827452092,0.9701108932495117,0.09906578063964844,roc_auc,binary,0.21182109966973606,config,Nori,tabarena-2026-07-13,default,TA-NORI,True,
heloc,0,TA-NORI-30M (default),0.20713774827452092,0.9701108932495117,0.09906578063964844,roc_auc,binary,0.21182109966973606,config,Nori-30M,tabarena-2026-07-13,default,TA-NORI-30M,True,
heloc,0,TABFM (default),0.19806769415347703,133.30917358398438,22.544095039367676,roc_auc,binary,0.1961195295127205,config,TabFM,tabarena-2026-07-13,default,TABFM,False,
heloc,0,TA-TABSWIFT (default),0.2040277658753964,3.692750930786133,0.17994403839111328,roc_auc,binary,0.20313016462404687,config,TabSwift,tabarena-2026-07-13,default,TA-TABSWIFT,False,
heloc,0,TA-EXAONE-TABULAR (default),0.199015636433153,20.277272939682007,1.517972707748413,roc_auc,binary,0.19719445151440118,config,EXAONE-Tabular,tabarena-2026-08-06,default,TA-EXAONE-TABULAR,False,
heloc,0,[Leakage] TabSTAR_base (default),0.20520412401036292,1146.9798610210419,17.068406343460083,roc_auc,binary,0.2078186384178402,config,[Leakage] TabSTAR_base,[Leakage] TabSTAR_base,default,[Leakage] TabSTAR_base,False,
heloc,0,[Leakage] TabSTAR_correct (default),0.2043497893827827,1309.0967371463776,16.961259841918945,roc_auc,binary,0.2049972515800632,config,[Leakage] TabSTAR_correct,[Leakage] TabSTAR_correct,default,[Leakage] TabSTAR_correct,False,
heloc,0,[Leakage] TabSTAR_wrong (default),0.2038408801756132,1270.0367231369019,16.91888165473938,roc_auc,binary,0.20638193250487458,config,[Leakage] TabSTAR_wrong,[Leakage] TabSTAR_wrong,default,[Leakage] TabSTAR_wrong,False,
hiva_agnostic,0,"AutoGluon 1.4 (best, 4h)",0.17447213092432942,8439.861976385117,1.4578189849853516,log_loss,multiclass,0.17341924294389366,baseline,AutoGluon_v140_bq_4h8c,tabarena-2025-11-01,,,False,
hiva_agnostic,0,"AutoGluon 1.5 (extreme, 4h)",0.17391561580806372,1247.1424136161804,0.577387809753418,log_loss,multiclass,0.17355810551735995,baseline,AutoGluon_v150_eq_4h8c,tabarena-2025-12-18,,,False,
hiva_agnostic,0,"AutoGluon 1.6 (extreme, 4h)",0.17421698431859303,79.158362865448,1.00642728805542,log_loss,multiclass,0.17370629865471243,baseline,AutoGluon_16_extreme,tabarena-2026-08-05,,,False,
hiva_agnostic,0,"AutoGluon 1.6 (noncommercial, 4h)",0.17421698431859303,108.705313205719,1.0094013214111328,log_loss,multiclass,0.17370629865471243,baseline,AutoGluon_16_noncommercial,tabarena-2026-08-05,,,False,
hiva_agnostic,0,TabFM+,0.17480404814754763,568.737377166748,71.02472043037415,log_loss,multiclass,,baseline,TabFM+,tabarena-2026-07-07,,,False,
hiva_agnostic,0,CAT (default),0.1759224702704449,75.81727313995361,0.4398539066314697,log_loss,multiclass,0.17504167381814295,config,CatBoost,tabarena-2026-07-13,default,CAT,False,
hiva_agnostic,0,CAT (tuned),0.17709885489355964,18665.685680627823,0.3052959442138672,log_loss,multiclass,0.17350932285689244,hpo,CatBoost,tabarena-2026-07-13,tuned,CAT,False,
hiva_agnostic,0,CAT (tuned + ensemble),0.17685699080180955,18665.685680627823,2.4146170616149902,log_loss,multiclass,0.1720483784705879,hpo,CatBoost,tabarena-2026-07-13,tuned_ensemble,CAT,False,
hiva_agnostic,0,CHIMERA (default),0.17392598092556,15.56980299949646,0.250152587890625,log_loss,multiclass,0.17326103150844574,config,ChimeraBoost,tabarena-2026-08-10,default,CHIMERA,False,
hiva_agnostic,0,CHIMERA (tuned),0.17749777388167046,2900.7887330055237,0.25023651123046875,log_loss,multiclass,0.17082533740204003,hpo,ChimeraBoost,tabarena-2026-08-10,tuned,CHIMERA,False,
hiva_agnostic,0,CHIMERA (tuned + ensemble),0.17673125073983195,2900.7887330055237,2.3591785430908203,log_loss,multiclass,0.1684251102547092,hpo,ChimeraBoost,tabarena-2026-08-10,tuned_ensemble,CHIMERA,False,
hiva_agnostic,0,EBM (default),0.17491029176755155,2890.648491859436,1.1670451164245605,log_loss,multiclass,0.17230044390989233,config,ExplainableBM,tabarena-2026-07-13,default,EBM,False,
hiva_agnostic,0,EBM (tuned),0.17524354638801312,524146.39466261864,0.7674152851104736,log_loss,multiclass,0.17072042585017344,hpo,ExplainableBM,tabarena-2026-07-13,tuned,EBM,False,
hiva_agnostic,0,EBM (tuned + ensemble),0.17565887465813323,524146.39466261864,11.636041641235352,log_loss,multiclass,0.16979088907280804,hpo,ExplainableBM,tabarena-2026-07-13,tuned_ensemble,EBM,False,
hiva_agnostic,0,XT (default),0.20048708562289458,11.16545295715332,0.7576982975006104,log_loss,multiclass,0.27651464681775567,config,ExtraTrees,tabarena-2026-07-13,default,XT,False,
hiva_agnostic,0,XT (tuned),0.17381306631526064,2295.04962515831,0.3498697280883789,log_loss,multiclass,0.17391238923949792,hpo,ExtraTrees,tabarena-2026-07-13,tuned,XT,False,
hiva_agnostic,0,XT (tuned + ensemble),0.17381306631526064,2295.04962515831,0.3498697280883789,log_loss,multiclass,0.17391238923949792,hpo,ExtraTrees,tabarena-2026-07-13,tuned_ensemble,XT,False,
hiva_agnostic,0,KNN (default),0.4752551445201789,27.801626920700073,0.4647791385650635,log_loss,multiclass,0.4560028071908562,config,KNeighbors,tabarena-2025-10-20,default,KNN,False,
hiva_agnostic,0,KNN (tuned),0.174601212143898,7535.934219837189,1.8642308712005615,log_loss,multiclass,0.17659004032611847,hpo,KNeighbors,tabarena-2025-10-20,tuned,KNN,False,
hiva_agnostic,0,KNN (tuned + ensemble),0.17398925125598907,7535.934219837189,24.78700304031372,log_loss,multiclass,0.17631492018699646,hpo,KNeighbors,tabarena-2025-10-20,tuned_ensemble,KNN,False,
hiva_agnostic,0,GBM (default),0.1743157762608173,37.63717770576477,0.8497495651245117,log_loss,multiclass,0.1735645633796673,config,LightGBM,tabarena-2025-06-12,default,GBM,False,
hiva_agnostic,0,GBM (tuned),0.1744419545540006,6913.3498775959015,0.8157703876495361,log_loss,multiclass,0.17309757104357854,hpo,LightGBM,tabarena-2025-06-12,tuned,GBM,False,
hiva_agnostic,0,GBM (tuned + ensemble),0.1744306225473209,6913.3498775959015,1.5496633052825928,log_loss,multiclass,0.17303902991071213,hpo,LightGBM,tabarena-2025-06-12,tuned_ensemble,GBM,False,
hiva_agnostic,0,LR (default),0.4482800636560701,31.718817710876465,0.49918365478515625,log_loss,multiclass,0.5085584212015936,config,LinearModel,tabarena-2025-10-20,default,LR,False,
hiva_agnostic,0,LR (tuned),0.3249020576477051,6229.16766500473,0.4699110984802246,log_loss,multiclass,0.35815203189849854,hpo,LinearModel,tabarena-2025-10-20,tuned,LR,False,
hiva_agnostic,0,LR (tuned + ensemble),0.3249020576477051,6229.16766500473,0.4699110984802246,log_loss,multiclass,0.35815203189849854,hpo,LinearModel,tabarena-2025-10-20,tuned_ensemble,LR,False,
hiva_agnostic,0,FASTAI (default),0.20902858064897428,41.01547408103943,0.8816378116607666,log_loss,multiclass,0.25072884016216,config,NeuralNetFastAI,tabarena-2025-06-12,default,FASTAI,False,
hiva_agnostic,0,FASTAI (tuned),0.18188657916891104,8912.825426101685,0.6837694644927979,log_loss,multiclass,0.18464646750153024,hpo,NeuralNetFastAI,tabarena-2025-06-12,tuned,FASTAI,False,
hiva_agnostic,0,FASTAI (tuned + ensemble),0.1822218452406509,8912.825426101685,14.881726503372192,log_loss,multiclass,0.1729083669316282,hpo,NeuralNetFastAI,tabarena-2025-06-12,tuned_ensemble,FASTAI,False,
hiva_agnostic,0,NN_TORCH (default),0.17629577749364883,38.13072609901428,0.6371939182281494,log_loss,multiclass,0.17815528367650024,config,NeuralNetTorch,tabarena-2025-06-12,default,NN_TORCH,False,
hiva_agnostic,0,NN_TORCH (tuned),0.17387777353330228,9829.277106285095,0.28230738639831543,log_loss,multiclass,0.1721118573233352,hpo,NeuralNetTorch,tabarena-2025-06-12,tuned,NN_TORCH,False,
hiva_agnostic,0,NN_TORCH (tuned + ensemble),0.1754972679684587,9829.277106285095,4.63454532623291,log_loss,multiclass,0.16926039902419712,hpo,NeuralNetTorch,tabarena-2025-06-12,tuned_ensemble,NN_TORCH,False,
hiva_agnostic,0,RF (default),0.25801727326811547,28.99634075164795,0.21139311790466309,log_loss,multiclass,0.2950107592786828,config,RandomForest,tabarena-2025-06-12,default,RF,False,
hiva_agnostic,0,RF (tuned),0.1752048842494605,7422.562759637833,0.42773914337158203,log_loss,multiclass,0.1737135809478486,hpo,RandomForest,tabarena-2025-06-12,tuned,RF,False,
hiva_agnostic,0,RF (tuned + ensemble),0.17445953198363645,7422.562759637833,1.0426998138427734,log_loss,multiclass,0.1735082048740541,hpo,RandomForest,tabarena-2025-06-12,tuned_ensemble,RF,False,
hiva_agnostic,0,XGB (default),0.18060524303062753,42.101638078689575,0.7171957492828369,log_loss,multiclass,0.18226387736146277,config,XGBoost,tabarena-2025-06-12,default,XGB,False,
hiva_agnostic,0,XGB (tuned),0.1789113632853901,10776.198678731918,1.210892677307129,log_loss,multiclass,0.1781262745773271,hpo,XGBoost,tabarena-2025-06-12,tuned,XGB,False,
hiva_agnostic,0,XGB (tuned + ensemble),0.17843171259548132,10776.198678731918,2.3650963306427,log_loss,multiclass,0.17805240792802732,hpo,XGBoost,tabarena-2025-06-12,tuned_ensemble,XGB,False,
hiva_agnostic,0,MITRA_GPU (default),0.25801727326811547,28.99634075164795,0.21139311790466309,log_loss,multiclass,0.2950107592786828,config,Mitra_GPU,tabarena-2025-09-03,default,MITRA_GPU,True,
hiva_agnostic,0,MNCA_GPU (default),0.21584327962425284,80.80522680282593,12.325416803359985,log_loss,multiclass,0.24982366187378646,config,ModernNCA_GPU,tabarena-2025-06-12,default,MNCA_GPU,False,
hiva_agnostic,0,MNCA_GPU (tuned),0.17901293386224781,17933.06173634529,13.133157968521118,log_loss,multiclass,0.17253972206142595,hpo,ModernNCA_GPU,tabarena-2025-06-12,tuned,MNCA_GPU,False,
hiva_agnostic,0,MNCA_GPU (tuned + ensemble),0.17899658946720606,17933.06173634529,163.37271332740784,log_loss,multiclass,0.16476614786224314,hpo,ModernNCA_GPU,tabarena-2025-06-12,tuned_ensemble,MNCA_GPU,False,
hiva_agnostic,0,REALMLP_GPU (default),0.18712801390708717,52.90544891357422,10.171431064605713,log_loss,multiclass,0.2105534581406089,config,RealMLP_GPU,tabarena-2025-09-03,default,REALMLP_GPU,False,
hiva_agnostic,0,REALMLP_GPU (tuned),0.1787802278995514,18078.506857395172,8.997070789337158,log_loss,multiclass,0.1722499579191208,hpo,RealMLP_GPU,tabarena-2025-09-03,tuned,REALMLP_GPU,False,
hiva_agnostic,0,REALMLP_GPU (tuned + ensemble),0.17671941220760345,18078.506857395172,54.23931336402893,log_loss,multiclass,0.16919328272342682,hpo,RealMLP_GPU,tabarena-2025-09-03,tuned_ensemble,REALMLP_GPU,False,
hiva_agnostic,0,TABDPT_GPU (default),0.17688195239714544,196.74451327323914,49.81247663497925,log_loss,multiclass,0.17822957282973353,config,TabDPT_GPU,tabarena-2025-10-20,default,TABDPT_GPU,False,
hiva_agnostic,0,TABDPT_GPU (tuned),0.17480740922398494,29734.530532360077,51.399150371551514,log_loss,multiclass,0.1746422197220205,hpo,TabDPT_GPU,tabarena-2025-10-20,tuned,TABDPT_GPU,False,
hiva_agnostic,0,TABDPT_GPU (tuned + ensemble),0.17469035403379768,29734.530532360077,205.4102919101715,log_loss,multiclass,0.1744964998403733,hpo,TabDPT_GPU,tabarena-2025-10-20,tuned_ensemble,TABDPT_GPU,False,
hiva_agnostic,0,TABDPT_TURBO (default),0.17582723546566387,10.169514417648315,0.33338427543640137,log_loss,multiclass,0.17861364180340797,config,TabDPT-Turbo,tabarena-2026-07-13,default,TABDPT_TURBO,False,
hiva_agnostic,0,TABICL_GPU (default),0.25801727326811547,28.99634075164795,0.21139311790466309,log_loss,multiclass,0.2950107592786828,config,TabICL_GPU,tabarena-2025-06-12,default,TABICL_GPU,True,RandomForest_c1_BAG_L1
hiva_agnostic,0,TA-TABM (default),0.17450639272085464,153.48967480659485,7.499845504760742,log_loss,multiclass,0.17560393330430185,config,TabM,tabarena-2026-06-26,default,TA-TABM,False,
hiva_agnostic,0,TA-TABM (tuned),0.1739248758074472,31990.39567422867,7.311661958694458,log_loss,multiclass,0.1739462571947784,hpo,TabM,tabarena-2026-06-26,tuned,TA-TABM,False,
hiva_agnostic,0,TA-TABM (tuned + ensemble),0.17395292167008974,31990.39567422867,29.652194261550903,log_loss,multiclass,0.1738474282402299,hpo,TabM,tabarena-2026-06-26,tuned_ensemble,TA-TABM,False,
hiva_agnostic,0,TABPFNV2_GPU (default),0.25801727326811547,28.99634075164795,0.21139311790466309,log_loss,multiclass,0.2950107592786828,config,TabPFNv2_GPU,tabarena-2025-06-12,default,TABPFNV2_GPU,True,RandomForest_c1_BAG_L1
hiva_agnostic,0,TABPFNV2_GPU (tuned),0.25911375150451993,28.99634075164795,0.21139311790466309,log_loss,multiclass,0.2966561184876111,hpo,TabPFNv2_GPU,tabarena-2025-06-12,tuned,TABPFNV2_GPU,True,RandomForest_c1_BAG_L1
hiva_agnostic,0,TABPFNV2_GPU (tuned + ensemble),0.25911375150451993,28.99634075164795,0.21139311790466309,log_loss,multiclass,0.2966561184876111,hpo,TabPFNv2_GPU,tabarena-2025-06-12,tuned_ensemble,TABPFNV2_GPU,True,RandomForest_c1_BAG_L1
hiva_agnostic,0,XRFM_GPU (default),0.1769585842391138,30.87929058074951,1.66562819480896,log_loss,multiclass,0.1853147790910929,config,xRFM_GPU,tabarena-2025-09-03,default,XRFM_GPU,False,
hiva_agnostic,0,XRFM_GPU (tuned),0.17346468567848206,7732.950885295868,0.6596817970275879,log_loss,multiclass,0.17260777950286865,hpo,xRFM_GPU,tabarena-2025-09-03,tuned,XRFM_GPU,False,
hiva_agnostic,0,XRFM_GPU (tuned + ensemble),0.1737430840730667,7732.950885295868,3.750422239303589,log_loss,multiclass,0.17172515392303467,hpo,xRFM_GPU,tabarena-2025-09-03,tuned_ensemble,XRFM_GPU,False,
hiva_agnostic,0,BETA_GPU (default),0.17516294288454134,617.6880061626434,11.744486093521118,log_loss,multiclass,0.17590046435935602,config,BetaTabPFN_GPU,tabarena-2025-09-03,default,BETA_GPU,False,
hiva_agnostic,0,TABFLEX_GPU (default),0.1896878194545044,41.58085370063782,2.8187026977539062,log_loss,multiclass,0.18812782817912094,config,TabFlex_GPU,tabarena-2025-09-03,default,TABFLEX_GPU,False,
hiva_agnostic,0,REALTABPFN-V2.5 (default),0.1766399109891916,120.8447015285492,9.274791717529297,log_loss,multiclass,0.18197790321415638,config,RealTabPFN-v2.5,tabarena-2025-11-12,default,REALTABPFN-V2.5,False,
hiva_agnostic,0,REALTABPFN-V2.5 (tuned),0.17574200654552347,35532.4783346653,18.75287699699402,log_loss,multiclass,0.17551318185488982,hpo,RealTabPFN-v2.5,tabarena-2025-11-12,tuned,REALTABPFN-V2.5,False,
hiva_agnostic,0,REALTABPFN-V2.5 (tuned + ensemble),0.17577663956702733,35532.4783346653,207.62010383605957,log_loss,multiclass,0.17325098030842828,hpo,RealTabPFN-v2.5,tabarena-2025-11-12,tuned_ensemble,REALTABPFN-V2.5,False,
hiva_agnostic,0,SAP-RPT-OSS (default),0.18854865992736958,85.68905425071716,20.575459718704224,log_loss,multiclass,0.19249002167466056,config,SAP-RPT-OSS,tabarena-2025-11-25,default,SAP-RPT-OSS,False,
hiva_agnostic,0,TABICLV2 (default),0.19663561302465224,52.80263614654541,4.698347330093384,log_loss,multiclass,0.2048077269591724,config,TabICLv2,tabarena-2026-07-13,default,TABICLV2,False,
hiva_agnostic,0,TABSTAR (default),0.21218637156647308,3379.8884115219116,200.09119057655334,log_loss,multiclass,0.21984545302903766,config,TabSTAR,tabarena-2026-03-18,default,TABSTAR,False,
hiva_agnostic,0,TABSTAR (tuned),0.1852909835392281,174255.64077210426,189.89301681518555,log_loss,multiclass,0.1904861512509081,hpo,TabSTAR,tabarena-2026-03-18,tuned,TABSTAR,False,
hiva_agnostic,0,TABSTAR (tuned + ensemble),0.18374387410524817,174255.64077210426,770.0613694190979,log_loss,multiclass,0.18782080977969473,hpo,TabSTAR,tabarena-2026-03-18,tuned_ensemble,TABSTAR,False,
hiva_agnostic,0,PB (default),0.34806281359425295,2760.41633272171,0.528846263885498,log_loss,multiclass,0.3582930251823471,config,PerpetualBooster,tabarena-2026-03-18,default,PB,False,
hiva_agnostic,0,PB (tuned),0.31152077932140027,38353.761155843735,0.22636795043945312,log_loss,multiclass,0.3281153154170382,hpo,PerpetualBooster,tabarena-2026-03-18,tuned,PB,False,
hiva_agnostic,0,PB (tuned + ensemble),0.31366237450167467,38353.761155843735,0.639970064163208,log_loss,multiclass,0.3263977497295035,hpo,PerpetualBooster,tabarena-2026-03-18,tuned_ensemble,PB,False,
hiva_agnostic,0,TABPFN-V2.6 (default),0.17581077403585535,101.42366576194763,4.441746950149536,log_loss,multiclass,0.17704581291085808,config,TabPFN-v2.6,tabarena-2026-03-18,default,TABPFN-V2.6,False,
hiva_agnostic,0,TA-LIMIX (default),0.17927302605850484,469.57862186431885,77.31346702575684,log_loss,multiclass,0.18864473821149388,config,LimiX,tabarena-2026-05-13,default,TA-LIMIX,False,
hiva_agnostic,0,TA-ORION-MSP (default),0.1829006713644751,950.342376947403,144.2261769771576,log_loss,multiclass,0.18413167202474726,config,OrionMSP,tabarena-2026-05-13,default,TA-ORION-MSP,False,
hiva_agnostic,0,TA-TABPFN-3 (default),0.17789080910440155,34.483341693878174,1.965266466140747,log_loss,multiclass,0.17998511433830838,config,TabPFN-3,tabarena-2026-07-13,default,TA-TABPFN-3,False,
hiva_agnostic,0,TA-ILTM (default),0.1840033053178864,1067.9541676044464,185.46477890014648,log_loss,multiclass,0.18428762923088882,config,iLTM,tabarena-2026-05-13,default,TA-ILTM,False,
hiva_agnostic,0,TA-ILTM (tuned),0.17924571233771214,47947.17715096474,415.8934659957886,log_loss,multiclass,0.17266937864759554,hpo,iLTM,tabarena-2026-05-13,tuned,TA-ILTM,False,
hiva_agnostic,0,TA-ILTM (tuned + ensemble),0.17876613464805347,47947.17715096474,664.7487442493439,log_loss,multiclass,0.1715700981096742,hpo,iLTM,tabarena-2026-05-13,tuned_ensemble,TA-ILTM,False,
hiva_agnostic,0,TA-NORI (default),0.25801727326811547,28.99634075164795,0.21139311790466309,log_loss,multiclass,0.2950107592786828,config,Nori,tabarena-2026-07-13,default,TA-NORI,True,
hiva_agnostic,0,TA-NORI-30M (default),0.25801727326811547,28.99634075164795,0.21139311790466309,log_loss,multiclass,0.2950107592786828,config,Nori-30M,tabarena-2026-07-13,default,TA-NORI-30M,True,
hiva_agnostic,0,TABFM (default),0.18718896535697357,407.20003747940063,67.0978615283966,log_loss,multiclass,0.19393726715151077,config,TabFM,tabarena-2026-07-13,default,TABFM,False,
hiva_agnostic,0,TA-TABSWIFT (default),0.17668982839815703,115.14887070655823,0.3323671817779541,log_loss,multiclass,0.17676487950076034,config,TabSwift,tabarena-2026-07-13,default,TA-TABSWIFT,False,
hiva_agnostic,0,TA-EXAONE-TABULAR (default),0.17494922131047186,48.223124980926514,2.2070322036743164,log_loss,multiclass,0.17461753832483676,config,EXAONE-Tabular,tabarena-2026-08-06,default,TA-EXAONE-TABULAR,False,
hiva_agnostic,0,[Leakage] TabSTAR_base (default),0.1777065247297287,3503.366048812866,267.9106059074402,log_loss,multiclass,0.17865052819252014,config,[Leakage] TabSTAR_base,[Leakage] TabSTAR_base,default,[Leakage] TabSTAR_base,False,
hiva_agnostic,0,[Leakage] TabSTAR_correct (default),0.1817195564508438,3488.5091786384583,266.1245927810669,log_loss,multiclass,0.18004880845546722,config,[Leakage] TabSTAR_correct,[Leakage] TabSTAR_correct,default,[Leakage] TabSTAR_correct,False,
hiva_agnostic,0,[Leakage] TabSTAR_wrong (default),0.17938067018985748,3476.6372451782227,264.599867105484,log_loss,multiclass,0.1798955649137497,config,[Leakage] TabSTAR_wrong,[Leakage] TabSTAR_wrong,default,[Leakage] TabSTAR_wrong,False,
houses,0,"AutoGluon 1.4 (best, 4h)",0.20533169621273437,14390.172828435898,68.36557960510254,rmse,regression,0.20354931946308563,baseline,AutoGluon_v140_bq_4h8c,tabarena-2025-11-01,,,False,
houses,0,"AutoGluon 1.5 (extreme, 4h)",0.20380392721256946,5159.924583673477,19.23096489906311,rmse,regression,0.20277669543144072,baseline,AutoGluon_v150_eq_4h8c,tabarena-2025-12-18,,,False,
houses,0,"AutoGluon 1.6 (extreme, 4h)",0.19579590083043347,152.58325147628784,2.5262134075164795,rmse,regression,0.19424342777302667,baseline,AutoGluon_16_extreme,tabarena-2026-08-05,,,False,
houses,0,"AutoGluon 1.6 (noncommercial, 4h)",0.1899505432669,172.12117266654968,1.5300862789154053,rmse,regression,0.18918764136800237,baseline,AutoGluon_16_noncommercial,tabarena-2026-08-05,,,False,
houses,0,TabFM+,0.1821820856217284,104.34836935997009,51.14832091331482,rmse,regression,,baseline,TabFM+,tabarena-2026-07-07,,,False,
houses,0,CAT (default),0.21331461661293485,61.47680425643921,0.06368637084960938,rmse,regression,0.2106886766277911,config,CatBoost,tabarena-2026-07-13,default,CAT,False,
houses,0,CAT (tuned),0.2129307871443824,15309.16198348999,0.11139297485351562,rmse,regression,0.21065464587419624,hpo,CatBoost,tabarena-2026-07-13,tuned,CAT,False,
houses,0,CAT (tuned + ensemble),0.21251352534376064,15309.16198348999,2.9259238243103027,rmse,regression,0.20861827855450288,hpo,CatBoost,tabarena-2026-07-13,tuned_ensemble,CAT,False,
houses,0,CHIMERA (default),0.21353520441441623,12.071640729904175,0.42114901542663574,rmse,regression,0.21436908301049815,config,ChimeraBoost,tabarena-2026-08-10,default,CHIMERA,False,
houses,0,CHIMERA (tuned),0.21574289907424815,2526.6040444374084,1.3938138484954834,rmse,regression,0.21431823601077818,hpo,ChimeraBoost,tabarena-2026-08-10,tuned,CHIMERA,False,
houses,0,CHIMERA (tuned + ensemble),0.21337301169929537,2526.6040444374084,5.443231105804443,rmse,regression,0.20942982936563595,hpo,ChimeraBoost,tabarena-2026-08-10,tuned_ensemble,CHIMERA,False,
houses,0,EBM (default),0.23209072755213841,32.65350365638733,0.04077792167663574,rmse,regression,0.2285386435563427,config,ExplainableBM,tabarena-2026-07-13,default,EBM,False,
houses,0,EBM (tuned),0.23041538940030973,14722.702018499374,0.03539562225341797,rmse,regression,0.2265991534224318,hpo,ExplainableBM,tabarena-2026-07-13,tuned,EBM,False,
houses,0,EBM (tuned + ensemble),0.22898075076551136,14722.702018499374,0.6556186676025391,rmse,regression,0.22410611407923525,hpo,ExplainableBM,tabarena-2026-07-13,tuned_ensemble,EBM,False,
houses,0,XT (default),0.24633862553766378,11.770240545272827,0.7966375350952148,rmse,regression,0.24236963669184175,config,ExtraTrees,tabarena-2026-07-13,default,XT,False,
houses,0,XT (tuned),0.24238684020178594,1151.7257192134857,0.2013852596282959,rmse,regression,0.23943409032759494,hpo,ExtraTrees,tabarena-2026-07-13,tuned,XT,False,
houses,0,XT (tuned + ensemble),0.24121770788290262,1151.7257192134857,2.8440074920654297,rmse,regression,0.2365435231589909,hpo,ExtraTrees,tabarena-2026-07-13,tuned_ensemble,XT,False,
houses,0,KNN (default),0.29272222810294224,0.821497917175293,0.20416021347045898,rmse,regression,0.28997254762227614,config,KNeighbors,tabarena-2025-10-20,default,KNN,False,
houses,0,KNN (tuned),0.28448999677825476,291.38967847824097,0.38901424407958984,rmse,regression,0.2807326740429032,hpo,KNeighbors,tabarena-2025-10-20,tuned,KNN,False,
houses,0,KNN (tuned + ensemble),0.27630138009737504,291.38967847824097,4.071542024612427,rmse,regression,0.2705902049376242,hpo,KNeighbors,tabarena-2025-10-20,tuned_ensemble,KNN,False,
houses,0,GBM (default),0.21882938874249858,9.036611080169678,1.4679560661315918,rmse,regression,0.2193457809686029,config,LightGBM,tabarena-2025-06-12,default,GBM,False,
houses,0,GBM (tuned),0.2133303076697149,3069.166275501251,7.3930604457855225,rmse,regression,0.21219325252856625,hpo,LightGBM,tabarena-2025-06-12,tuned,GBM,False,
houses,0,GBM (tuned + ensemble),0.21321526026234014,3069.166275501251,37.67934274673462,rmse,regression,0.2105825782054606,hpo,LightGBM,tabarena-2025-06-12,tuned_ensemble,GBM,False,
houses,0,LR (default),0.3217724260810055,4.41043496131897,0.14613556861877441,rmse,regression,0.32708129889077475,config,LinearModel,tabarena-2025-10-20,default,LR,False,
houses,0,LR (tuned),0.3217970268292019,864.213210105896,0.12804341316223145,rmse,regression,0.32677145693132026,hpo,LinearModel,tabarena-2025-10-20,tuned,LR,False,
houses,0,LR (tuned + ensemble),0.32148281437516457,864.213210105896,0.31789612770080566,rmse,regression,0.3247021531166705,hpo,LinearModel,tabarena-2025-10-20,tuned_ensemble,LR,False,
houses,0,FASTAI (default),0.24252386864646305,18.317797660827637,1.1824510097503662,rmse,regression,0.24545912033337008,config,NeuralNetFastAI,tabarena-2025-06-12,default,FASTAI,False,
houses,0,FASTAI (tuned),0.2333122523199531,4883.516680240631,1.4179210662841797,rmse,regression,0.2381284285182899,hpo,NeuralNetFastAI,tabarena-2025-06-12,tuned,FASTAI,False,
houses,0,FASTAI (tuned + ensemble),0.23340238623660736,4883.516680240631,7.457303285598755,rmse,regression,0.23529544025769691,hpo,NeuralNetFastAI,tabarena-2025-06-12,tuned_ensemble,FASTAI,False,
houses,0,NN_TORCH (default),0.22989768995565277,193.3617467880249,0.20416903495788574,rmse,regression,0.23860133202235376,config,NeuralNetTorch,tabarena-2025-06-12,default,NN_TORCH,False,
houses,0,NN_TORCH (tuned),0.22275421586277538,56529.35640668869,0.2652852535247803,rmse,regression,0.23253801525706072,hpo,NeuralNetTorch,tabarena-2025-06-12,tuned,NN_TORCH,False,
houses,0,NN_TORCH (tuned + ensemble),0.22278983190191606,56529.35640668869,3.293855905532837,rmse,regression,0.22510149330404994,hpo,NeuralNetTorch,tabarena-2025-06-12,tuned_ensemble,NN_TORCH,False,
houses,0,RF (default),0.23437821466866735,5.83245849609375,0.3870081901550293,rmse,regression,0.2296048199462065,config,RandomForest,tabarena-2025-06-12,default,RF,False,
houses,0,RF (tuned),0.23437821466866735,1100.1833860874176,0.3870081901550293,rmse,regression,0.2296048199462065,hpo,RandomForest,tabarena-2025-06-12,tuned,RF,False,
houses,0,RF (tuned + ensemble),0.23378259923606406,1100.1833860874176,1.5810585021972656,rmse,regression,0.22826108384744503,hpo,RandomForest,tabarena-2025-06-12,tuned_ensemble,RF,False,
houses,0,XGB (default),0.21745863756596343,7.854651689529419,0.7717041969299316,rmse,regression,0.21847338552832585,config,XGBoost,tabarena-2025-06-12,default,XGB,False,
houses,0,XGB (tuned),0.21637083419623365,4436.955669164658,3.266794443130493,rmse,regression,0.21492432830792907,hpo,XGBoost,tabarena-2025-06-12,tuned,XGB,False,
houses,0,XGB (tuned + ensemble),0.216042297916251,4436.955669164658,14.296066761016846,rmse,regression,0.21334029188163303,hpo,XGBoost,tabarena-2025-06-12,tuned_ensemble,XGB,False,
houses,0,MITRA_GPU (default),0.23437821466866735,5.83245849609375,0.3870081901550293,rmse,regression,0.2296048199462065,config,Mitra_GPU,tabarena-2025-09-03,default,MITRA_GPU,True,
houses,0,MNCA_GPU (default),0.2055241797052763,53.54817509651184,0.45156383514404297,rmse,regression,0.2056445077730314,config,ModernNCA_GPU,tabarena-2025-06-12,default,MNCA_GPU,False,
houses,0,MNCA_GPU (tuned),0.2043788820141145,26045.538578271866,0.6251811981201172,rmse,regression,0.20435086070671118,hpo,ModernNCA_GPU,tabarena-2025-06-12,tuned,MNCA_GPU,False,
houses,0,MNCA_GPU (tuned + ensemble),0.20209167178082685,26045.538578271866,13.568246603012085,rmse,regression,0.19557482920057537,hpo,ModernNCA_GPU,tabarena-2025-06-12,tuned_ensemble,MNCA_GPU,False,
houses,0,REALMLP_GPU (default),0.22671206467357857,90.03270626068115,3.421438694000244,rmse,regression,0.2291202189518248,config,RealMLP_GPU,tabarena-2025-09-03,default,REALMLP_GPU,False,
houses,0,REALMLP_GPU (tuned),0.20184177882136917,28458.03350687027,0.9565191268920898,rmse,regression,0.19868851037819957,hpo,RealMLP_GPU,tabarena-2025-09-03,tuned,REALMLP_GPU,False,
houses,0,REALMLP_GPU (tuned + ensemble),0.20022253813082494,28458.03350687027,5.738130807876587,rmse,regression,0.19526799281012722,hpo,RealMLP_GPU,tabarena-2025-09-03,tuned_ensemble,REALMLP_GPU,False,
houses,0,TABDPT_GPU (default),0.20713520550772116,624.9256572723389,266.84307742118835,rmse,regression,0.20533887129588121,config,TabDPT_GPU,tabarena-2025-10-20,default,TABDPT_GPU,False,
houses,0,TABDPT_GPU (tuned),0.2036102876215958,70293.68795704842,306.17949533462524,rmse,regression,0.20269851983197446,hpo,TabDPT_GPU,tabarena-2025-10-20,tuned,TABDPT_GPU,False,
houses,0,TABDPT_GPU (tuned + ensemble),0.20264346272492684,70293.68795704842,1018.5481631755829,rmse,regression,0.20185501810403425,hpo,TabDPT_GPU,tabarena-2025-10-20,tuned_ensemble,TABDPT_GPU,False,
houses,0,TABDPT_TURBO (default),0.20407615735219103,10.46004033088684,0.6904120445251465,rmse,regression,0.20283683316167317,config,TabDPT-Turbo,tabarena-2026-07-13,default,TABDPT_TURBO,False,
houses,0,TABICL_GPU (default),0.23437821466866735,5.83245849609375,0.3870081901550293,rmse,regression,0.2296048199462065,config,TabICL_GPU,tabarena-2025-06-12,default,TABICL_GPU,True,RandomForest_c1_BAG_L1
houses,0,TA-TABM (default),0.21477265899776413,44.26182508468628,0.27637314796447754,rmse,regression,0.2153479513275958,config,TabM,tabarena-2026-06-26,default,TA-TABM,False,
houses,0,TA-TABM (tuned),0.20893875061580536,33165.89417934418,0.3083813190460205,rmse,regression,0.2066085606588355,hpo,TabM,tabarena-2026-06-26,tuned,TA-TABM,False,
houses,0,TA-TABM (tuned + ensemble),0.20634941205031576,33165.89417934418,3.9957447052001953,rmse,regression,0.20345338166320118,hpo,TabM,tabarena-2026-06-26,tuned_ensemble,TA-TABM,False,
houses,0,TABPFNV2_GPU (default),0.23437821466866735,5.83245849609375,0.3870081901550293,rmse,regression,0.2296048199462065,config,TabPFNv2_GPU,tabarena-2025-06-12,default,TABPFNV2_GPU,True,RandomForest_c1_BAG_L1
houses,0,TABPFNV2_GPU (tuned),0.23437821466866735,5.83245849609375,0.3870081901550293,rmse,regression,0.2296048199462065,hpo,TabPFNv2_GPU,tabarena-2025-06-12,tuned,TABPFNV2_GPU,True,RandomForest_c1_BAG_L1
houses,0,TABPFNV2_GPU (tuned + ensemble),0.23437821466866735,5.83245849609375,0.3870081901550293,rmse,regression,0.2296048199462065,hpo,TabPFNv2_GPU,tabarena-2025-06-12,tuned_ensemble,TABPFNV2_GPU,True,RandomForest_c1_BAG_L1
houses,0,XRFM_GPU (default),0.2315184798072428,24.22205138206482,0.641735315322876,rmse,regression,0.2294877806392973,config,xRFM_GPU,tabarena-2025-09-03,default,XRFM_GPU,False,
houses,0,XRFM_GPU (tuned),0.21295479316671043,4896.433954954147,0.08515262603759766,rmse,regression,0.21025095590482618,hpo,xRFM_GPU,tabarena-2025-09-03,tuned,XRFM_GPU,False,
houses,0,XRFM_GPU (tuned + ensemble),0.20968345101227884,4896.433954954147,1.4929585456848145,rmse,regression,0.20692220331471847,hpo,xRFM_GPU,tabarena-2025-09-03,tuned_ensemble,XRFM_GPU,False,
houses,0,BETA_GPU (default),0.23437821466866735,5.83245849609375,0.3870081901550293,rmse,regression,0.2296048199462065,config,BetaTabPFN_GPU,tabarena-2025-09-03,default,BETA_GPU,True,
houses,0,TABFLEX_GPU (default),0.23437821466866735,5.83245849609375,0.3870081901550293,rmse,regression,0.2296048199462065,config,TabFlex_GPU,tabarena-2025-09-03,default,TABFLEX_GPU,True,
houses,0,REALTABPFN-V2.5 (default),0.20203010927417311,18.669576406478882,2.0338704586029053,rmse,regression,0.200889618677327,config,RealTabPFN-v2.5,tabarena-2025-11-12,default,REALTABPFN-V2.5,False,
houses,0,REALTABPFN-V2.5 (tuned),0.19677554629172708,7564.499755144119,7.802114248275757,rmse,regression,0.19613950072820496,hpo,RealTabPFN-v2.5,tabarena-2025-11-12,tuned,REALTABPFN-V2.5,False,
houses,0,REALTABPFN-V2.5 (tuned + ensemble),0.19625668823298525,7564.499755144119,29.750767707824707,rmse,regression,0.1947781928510609,hpo,RealTabPFN-v2.5,tabarena-2025-11-12,tuned_ensemble,REALTABPFN-V2.5,False,
houses,0,SAP-RPT-OSS (default),0.20389430683312468,122.57825994491577,45.00985383987427,rmse,regression,0.20372407763633943,config,SAP-RPT-OSS,tabarena-2025-11-25,default,SAP-RPT-OSS,False,
houses,0,TABICLV2 (default),0.19616140843378035,7.747763395309448,0.5227956771850586,rmse,regression,0.19476177498144434,config,TabICLv2,tabarena-2026-07-13,default,TABICLV2,False,
houses,0,TABSTAR (default),0.25898358832442603,3367.0022101402283,10.653594493865967,rmse,regression,0.25535615838184117,config,TabSTAR,tabarena-2026-03-18,default,TABSTAR,False,
houses,0,TABSTAR (tuned),0.24991529291238637,666513.8428490162,23.886014223098755,rmse,regression,0.24727361872061088,hpo,TabSTAR,tabarena-2026-03-18,tuned,TABSTAR,False,
houses,0,TABSTAR (tuned + ensemble),0.24935872911460366,666513.8428490162,68.07987260818481,rmse,regression,0.24654137523513395,hpo,TabSTAR,tabarena-2026-03-18,tuned_ensemble,TABSTAR,False,
houses,0,PB (default),0.22901293930540556,38.78282642364502,0.08040404319763184,rmse,regression,0.2318645216752006,config,PerpetualBooster,tabarena-2026-03-18,default,PB,False,
houses,0,PB (tuned),0.22056348760434366,382.8564655780792,2.0544073581695557,rmse,regression,0.2173552288291356,hpo,PerpetualBooster,tabarena-2026-03-18,tuned,PB,False,
houses,0,PB (tuned + ensemble),0.21852819981064533,382.8564655780792,3.04573392868042,rmse,regression,0.2153264408240666,hpo,PerpetualBooster,tabarena-2026-03-18,tuned_ensemble,PB,False,
houses,0,TABPFN-V2.6 (default),0.1970466919377727,30.28917908668518,2.7004666328430176,rmse,regression,0.19609892047671976,config,TabPFN-v2.6,tabarena-2026-03-18,default,TABPFN-V2.6,False,
houses,0,TA-LIMIX (default),0.19985870619930668,261.2712125778198,42.0335636138916,rmse,regression,0.2018855280337468,config,LimiX,tabarena-2026-05-13,default,TA-LIMIX,False,
houses,0,TA-ORION-MSP (default),0.23437821466866735,5.83245849609375,0.3870081901550293,rmse,regression,0.2296048199462065,config,OrionMSP,tabarena-2026-05-13,default,TA-ORION-MSP,True,
houses,0,TA-TABPFN-3 (default),0.18985354300936294,21.29292631149292,1.0271375179290771,rmse,regression,0.18886297504895375,config,TabPFN-3,tabarena-2026-07-13,default,TA-TABPFN-3,False,
houses,0,TA-ILTM (default),0.25190399796337387,2861.3664960861206,271.4872179031372,rmse,regression,0.24761945438987,config,iLTM,tabarena-2026-05-13,default,TA-ILTM,False,
houses,0,TA-ILTM (tuned),0.21791417024264695,63520.01077127457,413.4938554763794,rmse,regression,0.2175274746402821,hpo,iLTM,tabarena-2026-05-13,tuned,TA-ILTM,False,
houses,0,TA-ILTM (tuned + ensemble),0.21542672631962934,63520.01077127457,967.0605816841125,rmse,regression,0.21198809927945966,hpo,iLTM,tabarena-2026-05-13,tuned_ensemble,TA-ILTM,False,
houses,0,TA-NORI (default),0.206957768393463,27.123886108398438,3.5325732231140137,rmse,regression,0.20582670517013102,config,Nori,tabarena-2026-07-13,default,TA-NORI,False,
houses,0,TA-NORI-30M (default),0.20334094441692263,50.99147367477417,8.688040494918823,rmse,regression,0.20227732847338656,config,Nori-30M,tabarena-2026-07-13,default,TA-NORI-30M,False,
houses,0,TABFM (default),0.18247923830609492,240.05861949920654,48.09503126144409,rmse,regression,0.1833721339746725,config,TabFM,tabarena-2026-07-13,default,TABFM,False,
houses,0,TA-TABSWIFT (default),0.21406223373164263,7.04289698600769,0.49465417861938477,rmse,regression,0.2163694835863089,config,TabSwift,tabarena-2026-07-13,default,TA-TABSWIFT,False,
houses,0,TA-EXAONE-TABULAR (default),0.19182358309708747,60.05661082267761,5.406591415405273,rmse,regression,0.19185713805752028,config,EXAONE-Tabular,tabarena-2026-08-06,default,TA-EXAONE-TABULAR,False,
houses,0,[Leakage] TabSTAR_base (default),0.24426541733769508,2089.1354043483734,18.023274421691895,rmse,regression,0.24697994249746696,config,[Leakage] TabSTAR_base,[Leakage] TabSTAR_base,default,[Leakage] TabSTAR_base,False,
houses,0,[Leakage] TabSTAR_correct (default),0.24305428329936143,2549.560209751129,18.039857625961304,rmse,regression,0.24342699916198915,config,[Leakage] TabSTAR_correct,[Leakage] TabSTAR_correct,default,[Leakage] TabSTAR_correct,False,
houses,0,[Leakage] TabSTAR_wrong (default),0.24050302759350498,2416.9526953697205,17.93843412399292,rmse,regression,0.24530101590629022,config,[Leakage] TabSTAR_wrong,[Leakage] TabSTAR_wrong,default,[Leakage] TabSTAR_wrong,False,
in_vehicle_coupon_recommendation,0,"AutoGluon 1.4 (best, 4h)",0.14510560797793148,9169.755415439606,4.709621906280518,roc_auc,binary,0.1534491417691357,baseline,AutoGluon_v140_bq_4h8c,tabarena-2025-11-01,,,False,
in_vehicle_coupon_recommendation,0,"AutoGluon 1.5 (extreme, 4h)",0.13936031778176727,6367.718386173248,101.14645576477051,roc_auc,binary,0.1534111470251227,baseline,AutoGluon_v150_eq_4h8c,tabarena-2025-12-18,,,False,
in_vehicle_coupon_recommendation,0,"AutoGluon 1.6 (extreme, 4h)",0.14703267762792993,26.22794532775879,3.663544178009033,roc_auc,binary,0.16334692935200867,baseline,AutoGluon_16_extreme,tabarena-2026-08-05,,,False,
in_vehicle_coupon_recommendation,0,"AutoGluon 1.6 (noncommercial, 4h)",0.1440098009166011,45.43097519874573,4.393657207489014,roc_auc,binary,0.16100818611438894,baseline,AutoGluon_16_noncommercial,tabarena-2026-08-05,,,False,
in_vehicle_coupon_recommendation,0,TabFM+,0.14028382885249724,218.14427828788757,33.30686020851135,roc_auc,binary,,baseline,TabFM+,tabarena-2026-07-07,,,False,
in_vehicle_coupon_recommendation,0,CAT (default),0.15222641540415094,69.59905886650085,0.1872241497039795,roc_auc,binary,0.17357233252954352,config,CatBoost,tabarena-2026-07-13,default,CAT,False,
in_vehicle_coupon_recommendation,0,CAT (tuned),0.1491198422950054,5851.294535398483,0.17482471466064453,roc_auc,binary,0.16462940160415918,hpo,CatBoost,tabarena-2026-07-13,tuned,CAT,False,
in_vehicle_coupon_recommendation,0,CAT (tuned + ensemble),0.14769586325422546,5851.294535398483,2.767083168029785,roc_auc,binary,0.1600892434684954,hpo,CatBoost,tabarena-2026-07-13,tuned_ensemble,CAT,False,
in_vehicle_coupon_recommendation,0,CHIMERA (default),0.19421988571678783,12.500646591186523,0.22115039825439453,roc_auc,binary,0.2144599501764347,config,ChimeraBoost,tabarena-2026-08-10,default,CHIMERA,False,
in_vehicle_coupon_recommendation,0,CHIMERA (tuned),0.18401314421140202,2449.09095287323,0.2189943790435791,roc_auc,binary,0.2057579566637593,hpo,ChimeraBoost,tabarena-2026-08-10,tuned,CHIMERA,False,
in_vehicle_coupon_recommendation,0,CHIMERA (tuned + ensemble),0.18669359546953912,2449.09095287323,2.5123281478881836,roc_auc,binary,0.194299477251609,hpo,ChimeraBoost,tabarena-2026-08-10,tuned_ensemble,CHIMERA,False,
in_vehicle_coupon_recommendation,0,EBM (default),0.18277468838485555,21.47034192085266,0.023611783981323242,roc_auc,binary,0.19755442682947677,config,ExplainableBM,tabarena-2026-07-13,default,EBM,False,
in_vehicle_coupon_recommendation,0,EBM (tuned),0.1850940136322503,3553.068722486496,0.03352665901184082,roc_auc,binary,0.19539673581539063,hpo,ExplainableBM,tabarena-2026-07-13,tuned,EBM,False,
in_vehicle_coupon_recommendation,0,EBM (tuned + ensemble),0.1795164583150889,3553.068722486496,0.3702516555786133,roc_auc,binary,0.18858410434445527,hpo,ExplainableBM,tabarena-2026-07-13,tuned_ensemble,EBM,False,
in_vehicle_coupon_recommendation,0,XT (default),0.19275417250488946,7.220437049865723,0.8306705951690674,roc_auc,binary,0.21491320780531198,config,ExtraTrees,tabarena-2026-07-13,default,XT,False,
in_vehicle_coupon_recommendation,0,XT (tuned),0.18785131962080748,1147.845413684845,0.22383761405944824,roc_auc,binary,0.20537795221726263,hpo,ExtraTrees,tabarena-2026-07-13,tuned,XT,False,
in_vehicle_coupon_recommendation,0,XT (tuned + ensemble),0.18045125813702312,1147.845413684845,3.9785802364349365,roc_auc,binary,0.19658962256084,hpo,ExtraTrees,tabarena-2026-07-13,tuned_ensemble,XT,False,
in_vehicle_coupon_recommendation,0,KNN (default),0.2750739128134395,0.8094172477722168,0.10279369354248047,roc_auc,binary,0.2749635444279125,config,KNeighbors,tabarena-2025-10-20,default,KNN,False,
in_vehicle_coupon_recommendation,0,KNN (tuned),0.21434282591879028,1210.3178069591522,1.3616971969604492,roc_auc,binary,0.22823824671215776,hpo,KNeighbors,tabarena-2025-10-20,tuned,KNN,False,
in_vehicle_coupon_recommendation,0,KNN (tuned + ensemble),0.18632505765245055,1210.3178069591522,32.456021547317505,roc_auc,binary,0.19458761593670015,hpo,KNeighbors,tabarena-2025-10-20,tuned_ensemble,KNN,False,
in_vehicle_coupon_recommendation,0,GBM (default),0.15797022323904597,7.831517934799194,0.8726034164428711,roc_auc,binary,0.17147917272359325,config,LightGBM,tabarena-2025-06-12,default,GBM,False,
in_vehicle_coupon_recommendation,0,GBM (tuned),0.14856931612517155,2574.1138169765472,2.4681735038757324,roc_auc,binary,0.1611660652494884,hpo,LightGBM,tabarena-2025-06-12,tuned,GBM,False,
in_vehicle_coupon_recommendation,0,GBM (tuned + ensemble),0.1477174145065242,2574.1138169765472,6.398942947387695,roc_auc,binary,0.16017475301991235,hpo,LightGBM,tabarena-2025-06-12,tuned_ensemble,GBM,False,
in_vehicle_coupon_recommendation,0,LR (default),0.2542867607350323,4.67566180229187,0.14241671562194824,roc_auc,binary,0.2724634161635854,config,LinearModel,tabarena-2025-10-20,default,LR,False,
in_vehicle_coupon_recommendation,0,LR (tuned),0.2531301768616633,933.3806874752045,0.1583421230316162,roc_auc,binary,0.2718665309915117,hpo,LinearModel,tabarena-2025-10-20,tuned,LR,False,
in_vehicle_coupon_recommendation,0,LR (tuned + ensemble),0.2532601685421958,933.3806874752045,0.3164026737213135,roc_auc,binary,0.2718124889550163,hpo,LinearModel,tabarena-2025-10-20,tuned_ensemble,LR,False,
in_vehicle_coupon_recommendation,0,FASTAI (default),0.18253477391482031,19.018065690994263,1.3189475536346436,roc_auc,binary,0.2218810391120688,config,NeuralNetFastAI,tabarena-2025-06-12,default,FASTAI,False,
in_vehicle_coupon_recommendation,0,FASTAI (tuned),0.1692028727705287,4266.065400838852,1.8736767768859863,roc_auc,binary,0.19131955489428165,hpo,NeuralNetFastAI,tabarena-2025-06-12,tuned,FASTAI,False,
in_vehicle_coupon_recommendation,0,FASTAI (tuned + ensemble),0.1673629203520448,4266.065400838852,15.152300596237183,roc_auc,binary,0.17187750471727692,hpo,NeuralNetFastAI,tabarena-2025-06-12,tuned_ensemble,FASTAI,False,
in_vehicle_coupon_recommendation,0,NN_TORCH (default),0.1709242362874741,74.65605020523071,0.2566959857940674,roc_auc,binary,0.19803125659136112,config,NeuralNetTorch,tabarena-2025-06-12,default,NN_TORCH,False,
in_vehicle_coupon_recommendation,0,NN_TORCH (tuned),0.16293761585223454,34462.06329488754,0.28233957290649414,roc_auc,binary,0.1816851367297727,hpo,NeuralNetTorch,tabarena-2025-06-12,tuned,NN_TORCH,False,
in_vehicle_coupon_recommendation,0,NN_TORCH (tuned + ensemble),0.1513286746139475,34462.06329488754,10.762628555297852,roc_auc,binary,0.15201337939447834,hpo,NeuralNetTorch,tabarena-2025-06-12,tuned_ensemble,NN_TORCH,False,
in_vehicle_coupon_recommendation,0,RF (default),0.17943948955687894,2.4131619930267334,0.1702566146850586,roc_auc,binary,0.1977923714078863,config,RandomForest,tabarena-2025-06-12,default,RF,False,
in_vehicle_coupon_recommendation,0,RF (tuned),0.1714493342601512,876.37784075737,0.17786765098571777,roc_auc,binary,0.1936141752033702,hpo,RandomForest,tabarena-2025-06-12,tuned,RF,False,
in_vehicle_coupon_recommendation,0,RF (tuned + ensemble),0.16869829980004092,876.37784075737,3.955501079559326,roc_auc,binary,0.1838493264697667,hpo,RandomForest,tabarena-2025-06-12,tuned_ensemble,RF,False,
in_vehicle_coupon_recommendation,0,XGB (default),0.16189665615786542,6.592641830444336,0.4164559841156006,roc_auc,binary,0.17792439815527406,config,XGBoost,tabarena-2025-06-12,default,XGB,False,
in_vehicle_coupon_recommendation,0,XGB (tuned),0.1511664130688618,2990.3317284584045,4.713536739349365,roc_auc,binary,0.16385291787092615,hpo,XGBoost,tabarena-2025-06-12,tuned,XGB,False,
in_vehicle_coupon_recommendation,0,XGB (tuned + ensemble),0.150873589704294,2990.3317284584045,12.31499695777893,roc_auc,binary,0.16237670947844873,hpo,XGBoost,tabarena-2025-06-12,tuned_ensemble,XGB,False,
in_vehicle_coupon_recommendation,0,MITRA_GPU (default),0.16076903534314146,1527.1462483406067,28.085969924926758,roc_auc,binary,0.1802801292904418,config,Mitra_GPU,tabarena-2025-09-03,default,MITRA_GPU,False,
in_vehicle_coupon_recommendation,0,MNCA_GPU (default),0.19043142642379662,40.294944524765015,0.6713507175445557,roc_auc,binary,0.21278447602597206,config,ModernNCA_GPU,tabarena-2025-06-12,default,MNCA_GPU,False,
in_vehicle_coupon_recommendation,0,MNCA_GPU (tuned),0.15039695354234173,14991.956060886383,0.740147590637207,roc_auc,binary,0.17238215358655562,hpo,ModernNCA_GPU,tabarena-2025-06-12,tuned,MNCA_GPU,False,
in_vehicle_coupon_recommendation,0,MNCA_GPU (tuned + ensemble),0.14350169308462501,14991.956060886383,20.2506160736084,roc_auc,binary,0.1483284877920864,hpo,ModernNCA_GPU,tabarena-2025-06-12,tuned_ensemble,MNCA_GPU,False,
in_vehicle_coupon_recommendation,0,REALMLP_GPU (default),0.15831116633096887,67.46993565559387,5.205773830413818,roc_auc,binary,0.18333290578557626,config,RealMLP_GPU,tabarena-2025-09-03,default,REALMLP_GPU,False,
in_vehicle_coupon_recommendation,0,REALMLP_GPU (tuned),0.14324798125200688,18766.468823432922,1.0457727909088135,roc_auc,binary,0.15989379713714025,hpo,RealMLP_GPU,tabarena-2025-09-03,tuned,REALMLP_GPU,False,
in_vehicle_coupon_recommendation,0,REALMLP_GPU (tuned + ensemble),0.1413039214613072,18766.468823432922,33.3737359046936,roc_auc,binary,0.15031761097714613,hpo,RealMLP_GPU,tabarena-2025-09-03,tuned_ensemble,REALMLP_GPU,False,
in_vehicle_coupon_recommendation,0,TABDPT_GPU (default),0.18127830169746328,421.16170382499695,186.1584129333496,roc_auc,binary,0.1941717259817921,config,TabDPT_GPU,tabarena-2025-10-20,default,TABDPT_GPU,False,
in_vehicle_coupon_recommendation,0,TABDPT_GPU (tuned),0.1727655570394372,47339.52077913284,183.39048099517822,roc_auc,binary,0.18333695323767663,hpo,TabDPT_GPU,tabarena-2025-10-20,tuned,TABDPT_GPU,False,
in_vehicle_coupon_recommendation,0,TABDPT_GPU (tuned + ensemble),0.16901974413988385,47339.52077913284,2113.3150317668915,roc_auc,binary,0.17991392038490694,hpo,TabDPT_GPU,tabarena-2025-10-20,tuned_ensemble,TABDPT_GPU,False,
in_vehicle_coupon_recommendation,0,TABDPT_TURBO (default),0.1573493419228188,12.400572299957275,0.43401646614074707,roc_auc,binary,0.17180251284068437,config,TabDPT-Turbo,tabarena-2026-07-13,default,TABDPT_TURBO,False,
in_vehicle_coupon_recommendation,0,TABICL_GPU (default),0.14815505316431676,27.786850929260254,3.9965038299560547,roc_auc,binary,0.16217986649108707,config,TabICL_GPU,tabarena-2025-06-12,default,TABICL_GPU,False,
in_vehicle_coupon_recommendation,0,TA-TABM (default),0.14623448309834486,30.458401441574097,0.31658339500427246,roc_auc,binary,0.16073885953060962,config,TabM,tabarena-2026-06-26,default,TA-TABM,False,
in_vehicle_coupon_recommendation,0,TA-TABM (tuned),0.14024118245905948,19360.1171002388,0.28927016258239746,roc_auc,binary,0.15574806605897884,hpo,TabM,tabarena-2026-06-26,tuned,TA-TABM,False,
in_vehicle_coupon_recommendation,0,TA-TABM (tuned + ensemble),0.1382238027994278,19360.1171002388,4.373019218444824,roc_auc,binary,0.1524030179171013,hpo,TabM,tabarena-2026-06-26,tuned_ensemble,TA-TABM,False,
in_vehicle_coupon_recommendation,0,TABPFNV2_GPU (default),0.20085584698017922,10.335696697235107,0.9989547729492188,roc_auc,binary,0.21672871809781147,config,TabPFNv2_GPU,tabarena-2025-06-12,default,TABPFNV2_GPU,False,
in_vehicle_coupon_recommendation,0,TABPFNV2_GPU (tuned),0.19140089069387278,30834.45334625244,15.08064079284668,roc_auc,binary,0.19759190851618125,hpo,TabPFNv2_GPU,tabarena-2025-06-12,tuned,TABPFNV2_GPU,False,
in_vehicle_coupon_recommendation,0,TABPFNV2_GPU (tuned + ensemble),0.15357673249262926,30834.45334625244,531.9859523773193,roc_auc,binary,0.16919421499381482,hpo,TabPFNv2_GPU,tabarena-2025-06-12,tuned_ensemble,TABPFNV2_GPU,False,
in_vehicle_coupon_recommendation,0,XRFM_GPU (default),0.17270272772717976,9.663431644439697,0.9029936790466309,roc_auc,binary,0.19022648629851957,config,xRFM_GPU,tabarena-2025-09-03,default,XRFM_GPU,False,
in_vehicle_coupon_recommendation,0,XRFM_GPU (tuned),0.16096846994774794,2422.0490577220917,0.15351581573486328,roc_auc,binary,0.17427989556433454,hpo,xRFM_GPU,tabarena-2025-09-03,tuned,XRFM_GPU,False,
in_vehicle_coupon_recommendation,0,XRFM_GPU (tuned + ensemble),0.15354685721166472,2422.0490577220917,7.3474977016448975,roc_auc,binary,0.16699508035047517,hpo,xRFM_GPU,tabarena-2025-09-03,tuned_ensemble,XRFM_GPU,False,
in_vehicle_coupon_recommendation,0,BETA_GPU (default),0.16019832625448815,13470.844682216644,4.200387477874756,roc_auc,binary,0.17414245321202382,config,BetaTabPFN_GPU,tabarena-2025-09-03,default,BETA_GPU,False,
in_vehicle_coupon_recommendation,0,TABFLEX_GPU (default),0.2780452489637154,5.855314016342163,0.32558369636535645,roc_auc,binary,0.2928907073920157,config,TabFlex_GPU,tabarena-2025-09-03,default,TABFLEX_GPU,False,
in_vehicle_coupon_recommendation,0,REALTABPFN-V2.5 (default),0.14528223702454968,19.667028188705444,2.3726165294647217,roc_auc,binary,0.16757725787970523,config,RealTabPFN-v2.5,tabarena-2025-11-12,default,REALTABPFN-V2.5,False,
in_vehicle_coupon_recommendation,0,REALTABPFN-V2.5 (tuned),0.14775686812184374,8239.008470058441,3.595198154449463,roc_auc,binary,0.162385317439958,hpo,RealTabPFN-v2.5,tabarena-2025-11-12,tuned,REALTABPFN-V2.5,False,
in_vehicle_coupon_recommendation,0,REALTABPFN-V2.5 (tuned + ensemble),0.14635284394430337,8239.008470058441,14.418729782104492,roc_auc,binary,0.16141866046437392,hpo,RealTabPFN-v2.5,tabarena-2025-11-12,tuned_ensemble,REALTABPFN-V2.5,False,
in_vehicle_coupon_recommendation,0,SAP-RPT-OSS (default),0.22649579374288475,48.79007816314697,89.68891882896423,roc_auc,binary,0.23495593407783644,config,SAP-RPT-OSS,tabarena-2025-11-25,default,SAP-RPT-OSS,False,
in_vehicle_coupon_recommendation,0,TABICLV2 (default),0.14937743107248147,9.090128660202026,0.46100640296936035,roc_auc,binary,0.16561316049002672,config,TabICLv2,tabarena-2026-07-13,default,TABICLV2,False,
in_vehicle_coupon_recommendation,0,TABSTAR (default),0.23725671030738238,3458.913948535919,9.15145230293274,roc_auc,binary,0.2527123629709438,config,TabSTAR,tabarena-2026-03-18,default,TABSTAR,False,
in_vehicle_coupon_recommendation,0,TABSTAR (tuned),0.20083007669965258,368581.89146113396,8.246482610702515,roc_auc,binary,0.21916440066355414,hpo,TabSTAR,tabarena-2026-03-18,tuned,TABSTAR,False,
in_vehicle_coupon_recommendation,0,TABSTAR (tuned + ensemble),0.20182143430539745,368581.89146113396,32.44622468948364,roc_auc,binary,0.21774417252407097,hpo,TabSTAR,tabarena-2026-03-18,tuned_ensemble,TABSTAR,False,
in_vehicle_coupon_recommendation,0,PB (default),0.16898564983069153,29.790489196777344,0.6637492179870605,roc_auc,binary,0.1779847393953905,config,PerpetualBooster,tabarena-2026-03-18,default,PB,False,
in_vehicle_coupon_recommendation,0,PB (tuned),0.1529926821525528,359.53974771499634,11.203240633010864,roc_auc,binary,0.1739708925486977,hpo,PerpetualBooster,tabarena-2026-03-18,tuned,PB,False,
in_vehicle_coupon_recommendation,0,PB (tuned + ensemble),0.1482663442872989,359.53974771499634,48.412543058395386,roc_auc,binary,0.16549236399705847,hpo,PerpetualBooster,tabarena-2026-03-18,tuned_ensemble,PB,False,
in_vehicle_coupon_recommendation,0,TABPFN-V2.6 (default),0.14095511045187847,17.042004108428955,1.3510491847991943,roc_auc,binary,0.16295321487410153,config,TabPFN-v2.6,tabarena-2026-03-18,default,TABPFN-V2.6,False,
in_vehicle_coupon_recommendation,0,TA-LIMIX (default),0.1696156533701142,63.22432351112366,8.664140224456787,roc_auc,binary,0.18795637872750393,config,LimiX,tabarena-2026-05-13,default,TA-LIMIX,False,
in_vehicle_coupon_recommendation,0,TA-ORION-MSP (default),0.22706034533088137,71.21356511116028,11.11805510520935,roc_auc,binary,0.23865319606200008,config,OrionMSP,tabarena-2026-05-13,default,TA-ORION-MSP,False,
in_vehicle_coupon_recommendation,0,TA-TABPFN-3 (default),0.14625706060075316,22.904895544052124,0.7060959339141846,roc_auc,binary,0.1647551861542934,config,TabPFN-3,tabarena-2026-07-13,default,TA-TABPFN-3,False,
in_vehicle_coupon_recommendation,0,TA-ILTM (default),0.1769845852672446,2243.8442850112915,169.42715406417847,roc_auc,binary,0.18993478471545266,config,iLTM,tabarena-2026-05-13,default,TA-ILTM,False,
in_vehicle_coupon_recommendation,0,TA-ILTM (tuned),0.15150040046559832,58755.77317452431,66.6792585849762,roc_auc,binary,0.16785966742485137,hpo,iLTM,tabarena-2026-05-13,tuned,TA-ILTM,False,
in_vehicle_coupon_recommendation,0,TA-ILTM (tuned + ensemble),0.14271969050121147,58755.77317452431,1296.1969430446625,roc_auc,binary,0.15113017974107712,hpo,iLTM,tabarena-2026-05-13,tuned_ensemble,TA-ILTM,False,
in_vehicle_coupon_recommendation,0,TA-NORI (default),0.17943948955687894,2.4131619930267334,0.1702566146850586,roc_auc,binary,0.1977923714078863,config,Nori,tabarena-2026-07-13,default,TA-NORI,True,
in_vehicle_coupon_recommendation,0,TA-NORI-30M (default),0.17943948955687894,2.4131619930267334,0.1702566146850586,roc_auc,binary,0.1977923714078863,config,Nori-30M,tabarena-2026-07-13,default,TA-NORI-30M,True,
in_vehicle_coupon_recommendation,0,TABFM (default),0.14624622796070874,195.67941880226135,30.685248374938965,roc_auc,binary,0.1625845831979431,config,TabFM,tabarena-2026-07-13,default,TABFM,False,
in_vehicle_coupon_recommendation,0,TA-TABSWIFT (default),0.19656406902238954,6.079472541809082,0.24599289894104004,roc_auc,binary,0.2054886870863476,config,TabSwift,tabarena-2026-07-13,default,TA-TABSWIFT,False,
in_vehicle_coupon_recommendation,0,TA-EXAONE-TABULAR (default),0.14809553065796777,18.829861164093018,2.0418970584869385,roc_auc,binary,0.16467722994658507,config,EXAONE-Tabular,tabarena-2026-08-06,default,TA-EXAONE-TABULAR,False,
in_vehicle_coupon_recommendation,0,[Leakage] TabSTAR_base (default),0.19368726190997465,1959.9274713993073,12.99135446548462,roc_auc,binary,0.21659227335693387,config,[Leakage] TabSTAR_base,[Leakage] TabSTAR_base,default,[Leakage] TabSTAR_base,False,
in_vehicle_coupon_recommendation,0,[Leakage] TabSTAR_correct (default),0.20775487035496387,1444.4077243804932,13.018006801605225,roc_auc,binary,0.22448412087630176,config,[Leakage] TabSTAR_correct,[Leakage] TabSTAR_correct,default,[Leakage] TabSTAR_correct,False,
in_vehicle_coupon_recommendation,0,[Leakage] TabSTAR_wrong (default),0.17943948955687894,2.4131619930267334,0.1702566146850586,roc_auc,binary,0.1977923714078863,config,[Leakage] TabSTAR_wrong,[Leakage] TabSTAR_wrong,default,[Leakage] TabSTAR_wrong,True,
jm1,0,"AutoGluon 1.4 (best, 4h)",0.2292271970269919,6724.0352437496185,1.772104263305664,roc_auc,binary,0.23707536372010052,baseline,AutoGluon_v140_bq_4h8c,tabarena-2025-11-01,,,False,
jm1,0,"AutoGluon 1.5 (extreme, 4h)",0.21253760790829468,4874.199908018112,17.30122399330139,roc_auc,binary,0.22274983788141678,baseline,AutoGluon_v150_eq_4h8c,tabarena-2025-12-18,,,False,
jm1,0,"AutoGluon 1.6 (extreme, 4h)",0.20884324838885826,46.32400131225586,1.5738859176635742,roc_auc,binary,0.21799095154358317,baseline,AutoGluon_16_extreme,tabarena-2026-08-05,,,False,
jm1,0,"AutoGluon 1.6 (noncommercial, 4h)",0.20884324838885826,56.22249746322632,1.5808558464050293,roc_auc,binary,0.21799095154358317,baseline,AutoGluon_16_noncommercial,tabarena-2026-08-05,,,False,
jm1,0,TabFM+,0.20461378831723898,86.26913166046143,26.766949892044067,roc_auc,binary,,baseline,TabFM+,tabarena-2026-07-07,,,False,
jm1,0,CAT (default),0.24629006684011812,9.911442041397095,0.01916193962097168,roc_auc,binary,0.2600508653140232,config,CatBoost,tabarena-2026-07-13,default,CAT,False,
jm1,0,CAT (tuned),0.23946783897245116,3877.984123945236,0.11603856086730957,roc_auc,binary,0.2528435258698417,hpo,CatBoost,tabarena-2026-07-13,tuned,CAT,False,
jm1,0,CAT (tuned + ensemble),0.24021148030372497,3877.984123945236,0.6106934547424316,roc_auc,binary,0.24728548741706635,hpo,CatBoost,tabarena-2026-07-13,tuned_ensemble,CAT,False,
jm1,0,CHIMERA (default),0.2382217043986774,11.435768127441406,0.07477188110351562,roc_auc,binary,0.25837192777982254,config,ChimeraBoost,tabarena-2026-08-10,default,CHIMERA,False,
jm1,0,CHIMERA (tuned),0.24265191842916478,2160.8472583293915,0.07823848724365234,roc_auc,binary,0.25419871308029207,hpo,ChimeraBoost,tabarena-2026-08-10,tuned,CHIMERA,False,
jm1,0,CHIMERA (tuned + ensemble),0.23813750940501877,2160.8472583293915,0.8611676692962646,roc_auc,binary,0.24148780069832698,hpo,ChimeraBoost,tabarena-2026-08-10,tuned_ensemble,CHIMERA,False,
jm1,0,EBM (default),0.2531507421326348,13.233989715576172,0.05358600616455078,roc_auc,binary,0.2684343556054083,config,ExplainableBM,tabarena-2026-07-13,default,EBM,False,
jm1,0,EBM (tuned),0.25296677850487215,3056.179183483124,0.06150937080383301,roc_auc,binary,0.26544076050654997,hpo,ExplainableBM,tabarena-2026-07-13,tuned,EBM,False,
jm1,0,EBM (tuned + ensemble),0.2510147200102786,3056.179183483124,0.5066990852355957,roc_auc,binary,0.2612781346333978,hpo,ExplainableBM,tabarena-2026-07-13,tuned_ensemble,EBM,False,
jm1,0,XT (default),0.23481886396133078,6.8578033447265625,0.7121696472167969,roc_auc,binary,0.24905254346043826,config,ExtraTrees,tabarena-2026-07-13,default,XT,False,
jm1,0,XT (tuned),0.22915735898311917,1169.3468582630157,0.18449044227600098,roc_auc,binary,0.24578582966740858,hpo,ExtraTrees,tabarena-2026-07-13,tuned,XT,False,
jm1,0,XT (tuned + ensemble),0.22569441402717794,1169.3468582630157,3.2023298740386963,roc_auc,binary,0.2370639837745101,hpo,ExtraTrees,tabarena-2026-07-13,tuned_ensemble,XT,False,
jm1,0,KNN (default),0.2550568097202879,0.5101151466369629,0.04915761947631836,roc_auc,binary,0.2611777842041001,config,KNeighbors,tabarena-2025-10-20,default,KNN,False,
jm1,0,KNN (tuned),0.25069205364729796,420.417236328125,0.2521176338195801,roc_auc,binary,0.2465386708807762,hpo,KNeighbors,tabarena-2025-10-20,tuned,KNN,False,
jm1,0,KNN (tuned + ensemble),0.23799393990716167,420.417236328125,8.15357518196106,roc_auc,binary,0.23801862124230544,hpo,KNeighbors,tabarena-2025-10-20,tuned_ensemble,KNN,False,
jm1,0,GBM (default),0.23963793232669206,4.533196687698364,0.0440974235534668,roc_auc,binary,0.26514269112953337,config,LightGBM,tabarena-2025-06-12,default,GBM,False,
jm1,0,GBM (tuned),0.23487580508420958,1569.068251132965,0.35936570167541504,roc_auc,binary,0.2548368420078947,hpo,LightGBM,tabarena-2025-06-12,tuned,GBM,False,
jm1,0,GBM (tuned + ensemble),0.23406816582423007,1569.068251132965,2.4642815589904785,roc_auc,binary,0.25100411284621815,hpo,LightGBM,tabarena-2025-06-12,tuned_ensemble,GBM,False,
jm1,0,LR (default),0.2657325402456936,4.078620672225952,0.22153449058532715,roc_auc,binary,0.2828668651037072,config,LinearModel,tabarena-2025-10-20,default,LR,False,
jm1,0,LR (tuned),0.2667521270186115,833.0252296924591,0.21298885345458984,roc_auc,binary,0.28238409981831036,hpo,LinearModel,tabarena-2025-10-20,tuned,LR,False,
jm1,0,LR (tuned + ensemble),0.2666881290899057,833.0252296924591,0.874232292175293,roc_auc,binary,0.282368825131983,hpo,LinearModel,tabarena-2025-10-20,tuned_ensemble,LR,False,
jm1,0,FASTAI (default),0.25572501623065336,14.964011430740356,0.8189661502838135,roc_auc,binary,0.2758331458989354,config,NeuralNetFastAI,tabarena-2025-06-12,default,FASTAI,False,
jm1,0,FASTAI (tuned),0.2618452135876119,3142.961499929428,0.22020649909973145,roc_auc,binary,0.2725696574380785,hpo,NeuralNetFastAI,tabarena-2025-06-12,tuned,FASTAI,False,
jm1,0,FASTAI (tuned + ensemble),0.2555943436537902,3142.961499929428,7.460584878921509,roc_auc,binary,0.26373516834043154,hpo,NeuralNetFastAI,tabarena-2025-06-12,tuned_ensemble,FASTAI,False,
jm1,0,NN_TORCH (default),0.27042190938671984,41.32842826843262,0.22085142135620117,roc_auc,binary,0.27646884061357746,config,NeuralNetTorch,tabarena-2025-06-12,default,NN_TORCH,False,
jm1,0,NN_TORCH (tuned),0.2634609787838349,20557.60118985176,0.22349023818969727,roc_auc,binary,0.26407504532504533,hpo,NeuralNetTorch,tabarena-2025-06-12,tuned,NN_TORCH,False,
jm1,0,NN_TORCH (tuned + ensemble),0.2609000882830743,20557.60118985176,3.505077600479126,roc_auc,binary,0.25153976140818246,hpo,NeuralNetTorch,tabarena-2025-06-12,tuned_ensemble,NN_TORCH,False,
jm1,0,RF (default),0.23701012383964215,1.102280855178833,0.09475493431091309,roc_auc,binary,0.2600832403463982,config,RandomForest,tabarena-2025-06-12,default,RF,False,
jm1,0,RF (tuned),0.23561676969603174,1037.7889142036438,0.19567441940307617,roc_auc,binary,0.2580535935799094,hpo,RandomForest,tabarena-2025-06-12,tuned,RF,False,
jm1,0,RF (tuned + ensemble),0.22762481542802693,1037.7889142036438,2.7100443840026855,roc_auc,binary,0.24658504263767422,hpo,RandomForest,tabarena-2025-06-12,tuned_ensemble,RF,False,
jm1,0,XGB (default),0.23740092487957198,4.432551622390747,0.21541261672973633,roc_auc,binary,0.26335896072738174,config,XGBoost,tabarena-2025-06-12,default,XGB,False,
jm1,0,XGB (tuned),0.23503713826569994,1602.4819340705872,0.27275657653808594,roc_auc,binary,0.25458252760884337,hpo,XGBoost,tabarena-2025-06-12,tuned,XGB,False,
jm1,0,XGB (tuned + ensemble),0.2338365079226029,1602.4819340705872,2.2470638751983643,roc_auc,binary,0.2506867523314892,hpo,XGBoost,tabarena-2025-06-12,tuned_ensemble,XGB,False,
jm1,0,MITRA_GPU (default),0.24421998935152334,1000.5284314155579,18.401710510253906,roc_auc,binary,0.2545388943415259,config,Mitra_GPU,tabarena-2025-09-03,default,MITRA_GPU,False,
jm1,0,MNCA_GPU (default),0.23345398037915976,56.840789794921875,0.4562203884124756,roc_auc,binary,0.23588564213564212,config,ModernNCA_GPU,tabarena-2025-06-12,default,MNCA_GPU,False,
jm1,0,MNCA_GPU (tuned),0.23347734083982807,14787.927460432053,0.4562203884124756,roc_auc,binary,0.23588576384629012,hpo,ModernNCA_GPU,tabarena-2025-06-12,tuned,MNCA_GPU,False,
jm1,0,MNCA_GPU (tuned + ensemble),0.2222528828268493,14787.927460432053,13.145857334136963,roc_auc,binary,0.2079444678128889,hpo,ModernNCA_GPU,tabarena-2025-06-12,tuned_ensemble,MNCA_GPU,False,
jm1,0,REALMLP_GPU (default),0.2522533111019616,59.25291919708252,3.8450167179107666,roc_auc,binary,0.28305807253175674,config,RealMLP_GPU,tabarena-2025-09-03,default,REALMLP_GPU,False,
jm1,0,REALMLP_GPU (tuned),0.244624904003107,15538.596310377121,0.4536168575286865,roc_auc,binary,0.2529405292563187,hpo,RealMLP_GPU,tabarena-2025-09-03,tuned,REALMLP_GPU,False,
jm1,0,REALMLP_GPU (tuned + ensemble),0.22918777624961428,15538.596310377121,31.059629678726196,roc_auc,binary,0.22410119120645433,hpo,RealMLP_GPU,tabarena-2025-09-03,tuned_ensemble,REALMLP_GPU,False,
jm1,0,TABDPT_GPU (default),0.21370100751720156,373.9431746006012,160.81541633605957,roc_auc,binary,0.22746198733040845,config,TabDPT_GPU,tabarena-2025-10-20,default,TABDPT_GPU,False,
jm1,0,TABDPT_GPU (tuned),0.21248212681420742,42800.2829515934,158.47912669181824,roc_auc,binary,0.22579424717582608,hpo,TabDPT_GPU,tabarena-2025-10-20,tuned,TABDPT_GPU,False,
jm1,0,TABDPT_GPU (tuned + ensemble),0.21477339866475498,42800.2829515934,510.2308087348938,roc_auc,binary,0.22455809297914564,hpo,TabDPT_GPU,tabarena-2025-10-20,tuned_ensemble,TABDPT_GPU,False,
jm1,0,TABDPT_TURBO (default),0.20872741943804463,7.28908896446228,0.3503580093383789,roc_auc,binary,0.21876259705207068,config,TabDPT-Turbo,tabarena-2026-07-13,default,TABDPT_TURBO,False,
jm1,0,TABICL_GPU (default),0.2176905361907071,25.0021870136261,3.3367018699645996,roc_auc,binary,0.22799921813079704,config,TabICL_GPU,tabarena-2025-06-12,default,TABICL_GPU,False,
jm1,0,TA-TABM (default),0.25703417538060513,15.947670698165894,0.3775746822357178,roc_auc,binary,0.275435517211833,config,TabM,tabarena-2026-06-26,default,TA-TABM,False,
jm1,0,TA-TABM (tuned),0.26066234692814805,7212.962223768234,0.45708274841308594,roc_auc,binary,0.2617189706005495,hpo,TabM,tabarena-2026-06-26,tuned,TA-TABM,False,
jm1,0,TA-TABM (tuned + ensemble),0.2451911518361809,7212.962223768234,4.515932083129883,roc_auc,binary,0.24919524919524916,hpo,TabM,tabarena-2026-06-26,tuned_ensemble,TA-TABM,False,
jm1,0,TABPFNV2_GPU (default),0.2508935376205619,11.732799530029297,0.9094836711883545,roc_auc,binary,0.27316104947683895,config,TabPFNv2_GPU,tabarena-2025-06-12,default,TABPFNV2_GPU,False,
jm1,0,TABPFNV2_GPU (tuned),0.23287240224377226,25014.115069150925,39.75767397880554,roc_auc,binary,0.24373433583959903,hpo,TabPFNv2_GPU,tabarena-2025-06-12,tuned,TABPFNV2_GPU,False,
jm1,0,TABPFNV2_GPU (tuned + ensemble),0.21666389261196228,25014.115069150925,635.0064182281494,roc_auc,binary,0.2268070014780541,hpo,TabPFNv2_GPU,tabarena-2025-06-12,tuned_ensemble,TABPFNV2_GPU,False,
jm1,0,XRFM_GPU (default),0.2588241706793124,9.843345642089844,0.6042613983154297,roc_auc,binary,0.2727851461404094,config,xRFM_GPU,tabarena-2025-09-03,default,XRFM_GPU,False,
jm1,0,XRFM_GPU (tuned),0.23853488057451155,2131.895253419876,0.08876204490661621,roc_auc,binary,0.24884995608679816,hpo,xRFM_GPU,tabarena-2025-09-03,tuned,XRFM_GPU,False,
jm1,0,XRFM_GPU (tuned + ensemble),0.23224556321584,2131.895253419876,17.110777378082275,roc_auc,binary,0.23015136666452451,hpo,xRFM_GPU,tabarena-2025-09-03,tuned_ensemble,XRFM_GPU,False,
jm1,0,BETA_GPU (default),0.2475145443201474,2449.8546645641327,2.685598373413086,roc_auc,binary,0.25190647559068613,config,BetaTabPFN_GPU,tabarena-2025-09-03,default,BETA_GPU,False,
jm1,0,TABFLEX_GPU (default),0.2642055934676365,3.4227263927459717,0.29947900772094727,roc_auc,binary,0.2843525869841659,config,TabFlex_GPU,tabarena-2025-09-03,default,TABFLEX_GPU,False,
jm1,0,REALTABPFN-V2.5 (default),0.23309237991506515,16.369268655776978,1.6060802936553955,roc_auc,binary,0.251233841694368,config,RealTabPFN-v2.5,tabarena-2025-11-12,default,REALTABPFN-V2.5,False,
jm1,0,REALTABPFN-V2.5 (tuned),0.22493957914183405,7239.884652853012,4.346503496170044,roc_auc,binary,0.2411661194555932,hpo,RealTabPFN-v2.5,tabarena-2025-11-12,tuned,REALTABPFN-V2.5,False,
jm1,0,REALTABPFN-V2.5 (tuned + ensemble),0.2235841857468096,7239.884652853012,27.297099590301514,roc_auc,binary,0.23640139100665414,hpo,RealTabPFN-v2.5,tabarena-2025-11-12,tuned_ensemble,REALTABPFN-V2.5,False,
jm1,0,SAP-RPT-OSS (default),0.24640370574774417,28.12876582145691,6.255738019943237,roc_auc,binary,0.2601747058983902,config,SAP-RPT-OSS,tabarena-2025-11-25,default,SAP-RPT-OSS,False,
jm1,0,TABICLV2 (default),0.21557568448583142,6.383605003356934,0.3493540287017822,roc_auc,binary,0.23245614035087725,config,TabICLv2,tabarena-2026-07-13,default,TABICLV2,False,
jm1,0,TABSTAR (default),0.25850588440270705,3162.354827642441,11.77372431755066,roc_auc,binary,0.2826041526699421,config,TabSTAR,tabarena-2026-03-18,default,TABSTAR,False,
jm1,0,TABSTAR (tuned),0.25515390163494023,130686.32732605934,16.534118175506592,roc_auc,binary,0.27850986732565675,hpo,TabSTAR,tabarena-2026-03-18,tuned,TABSTAR,False,
jm1,0,TABSTAR (tuned + ensemble),0.25513419124625136,130686.32732605934,37.057729959487915,roc_auc,binary,0.27848990677938046,hpo,TabSTAR,tabarena-2026-03-18,tuned_ensemble,TABSTAR,False,
jm1,0,PB (default),0.2795217821695444,32.412681579589844,0.02166128158569336,roc_auc,binary,0.2845683799631168,config,PerpetualBooster,tabarena-2026-03-18,default,PB,False,
jm1,0,PB (tuned),0.23955763074314496,262.8740336894989,0.38219404220581055,roc_auc,binary,0.26071138900086266,hpo,PerpetualBooster,tabarena-2026-03-18,tuned,PB,False,
jm1,0,PB (tuned + ensemble),0.23733327687888672,262.8740336894989,0.5673513412475586,roc_auc,binary,0.25830443922549184,hpo,PerpetualBooster,tabarena-2026-03-18,tuned_ensemble,PB,False,
jm1,0,TABPFN-V2.6 (default),0.21560975182430597,15.053860425949097,1.0080111026763916,roc_auc,binary,0.23378875023611867,config,TabPFN-v2.6,tabarena-2026-03-18,default,TABPFN-V2.6,False,
jm1,0,TA-LIMIX (default),0.23200173840761473,55.744192600250244,7.822079658508301,roc_auc,binary,0.24401122756385918,config,LimiX,tabarena-2026-05-13,default,TA-LIMIX,False,
jm1,0,TA-ORION-MSP (default),0.23894076857862312,58.582043170928955,8.682502746582031,roc_auc,binary,0.2525970618075881,config,OrionMSP,tabarena-2026-05-13,default,TA-ORION-MSP,False,
jm1,0,TA-TABPFN-3 (default),0.2174053439000483,10.962584972381592,0.5829918384552002,roc_auc,binary,0.2318139949718896,config,TabPFN-3,tabarena-2026-07-13,default,TA-TABPFN-3,False,
jm1,0,TA-ILTM (default),0.25946049989439124,1342.7942883968353,138.74806094169617,roc_auc,binary,0.267604593262488,config,iLTM,tabarena-2026-05-13,default,TA-ILTM,False,
jm1,0,TA-ILTM (tuned),0.24333375187492035,56644.29801607132,83.55835223197937,roc_auc,binary,0.25009024844551164,hpo,iLTM,tabarena-2026-05-13,tuned,TA-ILTM,False,
jm1,0,TA-ILTM (tuned + ensemble),0.23030372492278883,56644.29801607132,801.6596648693085,roc_auc,binary,0.23293336780178886,hpo,iLTM,tabarena-2026-05-13,tuned_ensemble,TA-ILTM,False,
jm1,0,TA-NORI (default),0.23701012383964215,1.102280855178833,0.09475493431091309,roc_auc,binary,0.2600832403463982,config,Nori,tabarena-2026-07-13,default,TA-NORI,True,
jm1,0,TA-NORI-30M (default),0.23701012383964215,1.102280855178833,0.09475493431091309,roc_auc,binary,0.2600832403463982,config,Nori-30M,tabarena-2026-07-13,default,TA-NORI-30M,True,
jm1,0,TABFM (default),0.2063166685647041,146.18406867980957,23.252577781677246,roc_auc,binary,0.21409402001507272,config,TabFM,tabarena-2026-07-13,default,TABFM,False,
jm1,0,TA-TABSWIFT (default),0.22282862084706978,3.6384310722351074,0.18663287162780762,roc_auc,binary,0.2397083301688565,config,TabSwift,tabarena-2026-07-13,default,TA-TABSWIFT,False,
jm1,0,TA-EXAONE-TABULAR (default),0.2064125437886969,17.024574995040894,1.4695935249328613,roc_auc,binary,0.22485658834343047,config,EXAONE-Tabular,tabarena-2026-08-06,default,TA-EXAONE-TABULAR,False,
jm1,0,[Leakage] TabSTAR_base (default),0.25716119788548886,1359.9003176689148,15.978205442428589,roc_auc,binary,0.27840355307460585,config,[Leakage] TabSTAR_base,[Leakage] TabSTAR_base,default,[Leakage] TabSTAR_base,False,
jm1,0,[Leakage] TabSTAR_correct (default),0.2577160088263606,1244.4497530460358,15.932957410812378,roc_auc,binary,0.2761516626648206,config,[Leakage] TabSTAR_correct,[Leakage] TabSTAR_correct,default,[Leakage] TabSTAR_correct,False,
jm1,0,[Leakage] TabSTAR_wrong (default),0.2564019829137697,1218.1236877441406,15.912078142166138,roc_auc,binary,0.2752158903474693,config,[Leakage] TabSTAR_wrong,[Leakage] TabSTAR_wrong,default,[Leakage] TabSTAR_wrong,False,
kddcup09_appetency,0,"AutoGluon 1.4 (best, 4h)",0.1581142312968825,14405.112047195435,88.62471604347229,roc_auc,binary,0.14373694940256987,baseline,AutoGluon_v140_bq_4h8c,tabarena-2025-11-01,,,False,
kddcup09_appetency,0,"AutoGluon 1.5 (extreme, 4h)",0.15689659782512555,14163.907403945923,26.648204565048218,roc_auc,binary,0.14917745825096507,baseline,AutoGluon_v150_eq_4h8c,tabarena-2025-12-18,,,False,
kddcup09_appetency,0,"AutoGluon 1.6 (extreme, 4h)",0.16256455822735594,154.64082717895508,24.201325178146362,roc_auc,binary,0.15775711544067883,baseline,AutoGluon_16_extreme,tabarena-2026-08-05,,,False,
kddcup09_appetency,0,"AutoGluon 1.6 (noncommercial, 4h)",0.1614080121105168,229.3023602962494,34.83977770805359,roc_auc,binary,0.15739033377595046,baseline,AutoGluon_16_noncommercial,tabarena-2026-08-05,,,False,
kddcup09_appetency,0,TabFM+,0.17403026395085042,555.7251243591309,621.2106590270996,roc_auc,binary,,baseline,TabFM+,tabarena-2026-07-07,,,False,
kddcup09_appetency,0,CAT (default),0.1572263049966165,149.38628792762756,0.7541482448577881,roc_auc,binary,0.15912370034849666,config,CatBoost,tabarena-2026-07-13,default,CAT,False,
kddcup09_appetency,0,CAT (tuned),0.16151548060527898,30436.038321733475,0.9311833381652832,roc_auc,binary,0.15088823898444592,hpo,CatBoost,tabarena-2026-07-13,tuned,CAT,False,
kddcup09_appetency,0,CAT (tuned + ensemble),0.16106123338866163,30436.038321733475,11.182231664657593,roc_auc,binary,0.14828790583688134,hpo,CatBoost,tabarena-2026-07-13,tuned_ensemble,CAT,False,
kddcup09_appetency,0,CHIMERA (default),0.16672364039499032,23.853798866271973,3.9216082096099854,roc_auc,binary,0.16067844049030588,config,ChimeraBoost,tabarena-2026-08-10,default,CHIMERA,False,
kddcup09_appetency,0,CHIMERA (tuned),0.16624543130346425,4684.24165391922,4.053401947021484,roc_auc,binary,0.15362532333547263,hpo,ChimeraBoost,tabarena-2026-08-10,tuned,CHIMERA,False,
kddcup09_appetency,0,CHIMERA (tuned + ensemble),0.1649447025745132,4684.24165391922,76.16653275489807,roc_auc,binary,0.14193778258052359,hpo,ChimeraBoost,tabarena-2026-08-10,tuned_ensemble,CHIMERA,False,
kddcup09_appetency,0,EBM (default),0.18659533638153059,1883.5816111564636,1.0691373348236084,roc_auc,binary,0.17628806241829686,config,ExplainableBM,tabarena-2026-07-13,default,EBM,False,
kddcup09_appetency,0,EBM (tuned),0.18599958041008746,327641.330552578,0.7780206203460693,roc_auc,binary,0.17169574582715674,hpo,ExplainableBM,tabarena-2026-07-13,tuned,EBM,False,
kddcup09_appetency,0,EBM (tuned + ensemble),0.17824261758287419,327641.330552578,11.9469633102417,roc_auc,binary,0.16461260006531098,hpo,ExplainableBM,tabarena-2026-07-13,tuned_ensemble,EBM,False,
kddcup09_appetency,0,XT (default),0.22907357015481633,15.517157316207886,1.201977014541626,roc_auc,binary,0.22027242590969165,config,ExtraTrees,tabarena-2026-07-13,default,XT,False,
kddcup09_appetency,0,XT (tuned),0.19248419853184662,2667.7884945869446,0.41933727264404297,roc_auc,binary,0.18150832714390353,hpo,ExtraTrees,tabarena-2026-07-13,tuned,XT,False,
kddcup09_appetency,0,XT (tuned + ensemble),0.1854794123273048,2667.7884945869446,4.829957485198975,roc_auc,binary,0.1690833085241068,hpo,ExtraTrees,tabarena-2026-07-13,tuned_ensemble,XT,False,
kddcup09_appetency,0,KNN (default),0.3964495288869144,6.410483360290527,1.9240822792053223,roc_auc,binary,0.3976222545457542,config,KNeighbors,tabarena-2025-10-20,default,KNN,False,
kddcup09_appetency,0,KNN (tuned),0.24588719613154553,49711.028520822525,42.90700316429138,roc_auc,binary,0.24172959110617565,hpo,KNeighbors,tabarena-2025-10-20,tuned,KNN,False,
kddcup09_appetency,0,KNN (tuned + ensemble),0.2254998570514759,49711.028520822525,1488.0526230335236,roc_auc,binary,0.2163997914994834,hpo,KNeighbors,tabarena-2025-10-20,tuned_ensemble,KNN,False,
kddcup09_appetency,0,GBM (default),0.20904339670375094,11.55781602859497,0.8107225894927979,roc_auc,binary,0.21876007606560344,config,LightGBM,tabarena-2025-06-12,default,GBM,False,
kddcup09_appetency,0,GBM (tuned),0.18817054684495127,2275.678194284439,0.7316880226135254,roc_auc,binary,0.175858184623911,hpo,LightGBM,tabarena-2025-06-12,tuned,GBM,False,
kddcup09_appetency,0,GBM (tuned + ensemble),0.18147747069555253,2275.678194284439,8.623479843139648,roc_auc,binary,0.16368524148047725,hpo,LightGBM,tabarena-2025-06-12,tuned_ensemble,GBM,False,
kddcup09_appetency,0,LR (default),0.21351449744852313,28.942893981933594,3.326618194580078,roc_auc,binary,0.21695823087723698,config,LinearModel,tabarena-2025-10-20,default,LR,False,
kddcup09_appetency,0,LR (tuned),0.1882315313592039,5081.922918081284,3.2689011096954346,roc_auc,binary,0.18701252445296945,hpo,LinearModel,tabarena-2025-10-20,tuned,LR,False,
kddcup09_appetency,0,LR (tuned + ensemble),0.18348954830323183,5081.922918081284,4.961937665939331,roc_auc,binary,0.18561374764226501,hpo,LinearModel,tabarena-2025-10-20,tuned_ensemble,LR,False,
kddcup09_appetency,0,FASTAI (default),0.2733406144524043,154.44919443130493,3.0853545665740967,roc_auc,binary,0.3565510779909369,config,NeuralNetFastAI,tabarena-2025-06-12,default,FASTAI,False,
kddcup09_appetency,0,FASTAI (tuned),0.21092424962308898,35250.319593667984,1.6626734733581543,roc_auc,binary,0.22972783162553145,hpo,NeuralNetFastAI,tabarena-2025-06-12,tuned,FASTAI,False,
kddcup09_appetency,0,FASTAI (tuned + ensemble),0.2013748768483038,35250.319593667984,70.23641037940979,roc_auc,binary,0.185059609102737,hpo,NeuralNetFastAI,tabarena-2025-06-12,tuned_ensemble,FASTAI,False,
kddcup09_appetency,0,NN_TORCH (default),0.18395274265769068,85.9848883152008,3.4519500732421875,roc_auc,binary,0.20023961077156516,config,NeuralNetTorch,tabarena-2025-06-12,default,NN_TORCH,False,
kddcup09_appetency,0,NN_TORCH (tuned),0.1805639370697404,37445.75847887993,3.2402539253234863,roc_auc,binary,0.177696471046345,hpo,NeuralNetTorch,tabarena-2025-06-12,tuned,NN_TORCH,False,
kddcup09_appetency,0,NN_TORCH (tuned + ensemble),0.17401360376314556,37445.75847887993,95.15526676177979,roc_auc,binary,0.15970464830474862,hpo,NeuralNetTorch,tabarena-2025-06-12,tuned_ensemble,NN_TORCH,False,
kddcup09_appetency,0,RF (default),0.2527067662987028,8.197312593460083,0.19456219673156738,roc_auc,binary,0.24801726207093344,config,RandomForest,tabarena-2025-06-12,default,RF,False,
kddcup09_appetency,0,RF (tuned),0.19636447965708814,4294.7006759643555,0.6011030673980713,roc_auc,binary,0.18614568664556252,hpo,RandomForest,tabarena-2025-06-12,tuned,RF,False,
kddcup09_appetency,0,RF (tuned + ensemble),0.1926270442153154,4294.7006759643555,4.759037971496582,roc_auc,binary,0.17480301130785658,hpo,RandomForest,tabarena-2025-06-12,tuned_ensemble,RF,False,
kddcup09_appetency,0,XGB (default),0.1815493563202787,49.60295867919922,1.920316219329834,roc_auc,binary,0.17002866882103462,config,XGBoost,tabarena-2025-06-12,default,XGB,False,
kddcup09_appetency,0,XGB (tuned),0.17671903313320536,9686.488205194473,0.7171978950500488,roc_auc,binary,0.16362268617478815,hpo,XGBoost,tabarena-2025-06-12,tuned,XGB,False,
kddcup09_appetency,0,XGB (tuned + ensemble),0.17367042446456005,9686.488205194473,7.615016937255859,roc_auc,binary,0.15586575100876543,hpo,XGBoost,tabarena-2025-06-12,tuned_ensemble,XGB,False,
kddcup09_appetency,0,MITRA_GPU (default),0.2527067662987028,8.197312593460083,0.19456219673156738,roc_auc,binary,0.24801726207093344,config,Mitra_GPU,tabarena-2025-09-03,default,MITRA_GPU,True,
kddcup09_appetency,0,MNCA_GPU (default),0.20828710645448578,3345.053045988083,172.23704886436462,roc_auc,binary,0.2166059484455689,config,ModernNCA_GPU,tabarena-2025-06-12,default,MNCA_GPU,False,
kddcup09_appetency,0,MNCA_GPU (tuned),0.19447457675924384,480738.59479498863,507.74603939056396,roc_auc,binary,0.1897846078408144,hpo,ModernNCA_GPU,tabarena-2025-06-12,tuned,MNCA_GPU,False,
kddcup09_appetency,0,MNCA_GPU (tuned + ensemble),0.19670663054902515,480738.59479498863,8782.205970287323,roc_auc,binary,0.16418292829910341,hpo,ModernNCA_GPU,tabarena-2025-06-12,tuned_ensemble,MNCA_GPU,False,
kddcup09_appetency,0,REALMLP_GPU (default),0.18082823757839028,374.5198767185211,6.496558904647827,roc_auc,binary,0.23552760211014057,config,RealMLP_GPU,tabarena-2025-09-03,default,REALMLP_GPU,False,
kddcup09_appetency,0,REALMLP_GPU (tuned),0.17261877582586194,119369.42931437492,4.244715929031372,roc_auc,binary,0.17068265376655567,hpo,RealMLP_GPU,tabarena-2025-09-03,tuned,REALMLP_GPU,False,
kddcup09_appetency,0,REALMLP_GPU (tuned + ensemble),0.17455022635230333,119369.42931437492,103.45036816596985,roc_auc,binary,0.16027877157758863,hpo,RealMLP_GPU,tabarena-2025-09-03,tuned_ensemble,REALMLP_GPU,False,
kddcup09_appetency,0,TABDPT_GPU (default),0.2500504947664386,1393.4559214115143,666.1778402328491,roc_auc,binary,0.23963613878470147,config,TabDPT_GPU,tabarena-2025-10-20,default,TABDPT_GPU,False,
kddcup09_appetency,0,TABDPT_GPU (tuned),0.2248295415980205,156355.89194464684,660.5002150535583,roc_auc,binary,0.20289886797817336,hpo,TabDPT_GPU,tabarena-2025-10-20,tuned,TABDPT_GPU,False,
kddcup09_appetency,0,TABDPT_GPU (tuned + ensemble),0.206653893856093,156355.89194464684,7032.5212161540985,roc_auc,binary,0.18686603841807448,hpo,TabDPT_GPU,tabarena-2025-10-20,tuned_ensemble,TABDPT_GPU,False,
kddcup09_appetency,0,TABDPT_TURBO (default),0.20845669071081407,25.122564554214478,3.396433115005493,roc_auc,binary,0.21509717834108177,config,TabDPT-Turbo,tabarena-2026-07-13,default,TABDPT_TURBO,False,
kddcup09_appetency,0,TABICL_GPU (default),0.18825909265738217,530.4054260253906,87.86414861679077,roc_auc,binary,0.19179441272182807,config,TabICL_GPU,tabarena-2025-06-12,default,TABICL_GPU,False,
kddcup09_appetency,0,TA-TABM (default),0.19110325408431694,476.03713297843933,4.776708602905273,roc_auc,binary,0.20439859859632992,config,TabM,tabarena-2026-06-26,default,TA-TABM,False,
kddcup09_appetency,0,TA-TABM (tuned),0.1755295780036159,129357.9915959835,2.954054594039917,roc_auc,binary,0.17445484943975786,hpo,TabM,tabarena-2026-06-26,tuned,TA-TABM,False,
kddcup09_appetency,0,TA-TABM (tuned + ensemble),0.17607113694468612,129357.9915959835,24.186826467514038,roc_auc,binary,0.1730598326433106,hpo,TabM,tabarena-2026-06-26,tuned_ensemble,TA-TABM,False,
kddcup09_appetency,0,TABPFNV2_GPU (default),0.2527067662987028,8.197312593460083,0.19456219673156738,roc_auc,binary,0.24801726207093344,config,TabPFNv2_GPU,tabarena-2025-06-12,default,TABPFNV2_GPU,True,RandomForest_c1_BAG_L1
kddcup09_appetency,0,TABPFNV2_GPU (tuned),0.2527067662987028,8.197312593460083,0.19456219673156738,roc_auc,binary,0.24801726207093344,hpo,TabPFNv2_GPU,tabarena-2025-06-12,tuned,TABPFNV2_GPU,True,RandomForest_c1_BAG_L1
kddcup09_appetency,0,TABPFNV2_GPU (tuned + ensemble),0.2527067662987028,8.197312593460083,0.19456219673156738,roc_auc,binary,0.24801726207093344,hpo,TabPFNv2_GPU,tabarena-2025-06-12,tuned_ensemble,TABPFNV2_GPU,True,RandomForest_c1_BAG_L1
kddcup09_appetency,0,XRFM_GPU (default),0.2562105477499491,320.58002853393555,89.03859257698059,roc_auc,binary,0.2632285027623227,config,xRFM_GPU,tabarena-2025-09-03,default,XRFM_GPU,False,
kddcup09_appetency,0,XRFM_GPU (tuned),0.1725767139939406,167793.44967794418,46.49873232841492,roc_auc,binary,0.16905418129037508,hpo,xRFM_GPU,tabarena-2025-09-03,tuned,XRFM_GPU,False,
kddcup09_appetency,0,XRFM_GPU (tuned + ensemble),0.1730335322271791,167793.44967794418,460.2078001499176,roc_auc,binary,0.1597625679764222,hpo,xRFM_GPU,tabarena-2025-09-03,tuned_ensemble,XRFM_GPU,False,
kddcup09_appetency,0,BETA_GPU (default),0.19471851481625468,3096.741723060608,48.94052863121033,roc_auc,binary,0.21846288041815476,config,BetaTabPFN_GPU,tabarena-2025-09-03,default,BETA_GPU,False,
kddcup09_appetency,0,TABFLEX_GPU (default),0.19747731849136863,26.691394805908203,3.9125750064849854,roc_auc,binary,0.19898515669988182,config,TabFlex_GPU,tabarena-2025-09-03,default,TABFLEX_GPU,False,
kddcup09_appetency,0,REALTABPFN-V2.5 (default),0.17468875272784856,753.7403409481049,140.15280938148499,roc_auc,binary,0.16877655831988148,config,RealTabPFN-v2.5,tabarena-2025-11-12,default,REALTABPFN-V2.5,False,
kddcup09_appetency,0,REALTABPFN-V2.5 (tuned),0.17468875272784867,274689.0091891289,140.15280938148499,roc_auc,binary,0.16877655831988136,hpo,RealTabPFN-v2.5,tabarena-2025-11-12,tuned,REALTABPFN-V2.5,False,
kddcup09_appetency,0,REALTABPFN-V2.5 (tuned + ensemble),0.17512644259742616,274689.0091891289,3686.913866996765,roc_auc,binary,0.1656445179507201,hpo,RealTabPFN-v2.5,tabarena-2025-11-12,tuned_ensemble,REALTABPFN-V2.5,False,
kddcup09_appetency,0,SAP-RPT-OSS (default),0.19005283953359697,4324.887863397598,1798.04802775383,roc_auc,binary,0.17870188855729807,config,SAP-RPT-OSS,tabarena-2025-11-25,default,SAP-RPT-OSS,False,
kddcup09_appetency,0,TABICLV2 (default),0.18360071906192854,76.80342984199524,9.159589052200317,roc_auc,binary,0.1685515755489877,config,TabICLv2,tabarena-2026-07-13,default,TABICLV2,False,
kddcup09_appetency,0,TABSTAR (default),0.2289720664186149,3311.793592453003,314.94096422195435,roc_auc,binary,0.23305405355290443,config,TabSTAR,tabarena-2026-03-18,default,TABSTAR,False,
kddcup09_appetency,0,TABSTAR (tuned),0.19418292063374532,87545.3521695137,313.0650701522827,roc_auc,binary,0.18925511542213624,hpo,TabSTAR,tabarena-2026-03-18,tuned,TABSTAR,False,
kddcup09_appetency,0,TABSTAR (tuned + ensemble),0.19418292063374532,87545.3521695137,313.0650701522827,roc_auc,binary,0.18925511542213624,hpo,TabSTAR,tabarena-2026-03-18,tuned_ensemble,TABSTAR,False,
kddcup09_appetency,0,PB (default),0.43624156449446616,456.16343426704407,0.2469007968902588,roc_auc,binary,0.3581109173301633,config,PerpetualBooster,tabarena-2026-03-18,default,PB,False,
kddcup09_appetency,0,PB (tuned),0.259667742380021,5806.6100533008575,0.18679404258728027,roc_auc,binary,0.2892875906137683,hpo,PerpetualBooster,tabarena-2026-03-18,tuned,PB,False,
kddcup09_appetency,0,PB (tuned + ensemble),0.25861002614209705,5806.6100533008575,194.83251452445984,roc_auc,binary,0.2865114381693984,hpo,PerpetualBooster,tabarena-2026-03-18,tuned_ensemble,PB,False,
kddcup09_appetency,0,TABPFN-V2.6 (default),0.17409022005845465,640.9311819076538,76.47283434867859,roc_auc,binary,0.16491378750871755,config,TabPFN-v2.6,tabarena-2026-03-18,default,TABPFN-V2.6,False,
kddcup09_appetency,0,TA-LIMIX (default),0.21853147644228887,961.706953048706,168.15288972854614,roc_auc,binary,0.2202658072544581,config,LimiX,tabarena-2026-05-13,default,TA-LIMIX,False,
kddcup09_appetency,0,TA-ORION-MSP (default),0.19840442708494022,957.4816825389862,176.4452338218689,roc_auc,binary,0.20205175736885528,config,OrionMSP,tabarena-2026-05-13,default,TA-ORION-MSP,False,
kddcup09_appetency,0,TA-TABPFN-3 (default),0.18029572861582632,78.30551791191101,10.175108671188354,roc_auc,binary,0.1727467728261195,config,TabPFN-3,tabarena-2026-07-13,default,TA-TABPFN-3,False,
kddcup09_appetency,0,TA-ILTM (default),0.1955060686276323,2756.365122795105,158.57718348503113,roc_auc,binary,0.18394061855840027,config,iLTM,tabarena-2026-05-13,default,TA-ILTM,False,
kddcup09_appetency,0,TA-ILTM (tuned),0.18567768912912463,62621.16793727875,43.33304166793823,roc_auc,binary,0.17865674263268982,hpo,iLTM,tabarena-2026-05-13,tuned,TA-ILTM,False,
kddcup09_appetency,0,TA-ILTM (tuned + ensemble),0.1674034171896115,62621.16793727875,2488.5191299915314,roc_auc,binary,0.15463362524092417,hpo,iLTM,tabarena-2026-05-13,tuned_ensemble,TA-ILTM,False,
kddcup09_appetency,0,TA-NORI (default),0.2527067662987028,8.197312593460083,0.19456219673156738,roc_auc,binary,0.24801726207093344,config,Nori,tabarena-2026-07-13,default,TA-NORI,True,
kddcup09_appetency,0,TA-NORI-30M (default),0.2527067662987028,8.197312593460083,0.19456219673156738,roc_auc,binary,0.24801726207093344,config,Nori-30M,tabarena-2026-07-13,default,TA-NORI-30M,True,
kddcup09_appetency,0,TABFM (default),0.17111144020123858,2775.6151382923126,561.1849179267883,roc_auc,binary,0.15830520190246422,config,TabFM,tabarena-2026-07-13,default,TABFM,False,
kddcup09_appetency,0,TA-TABSWIFT (default),0.1864445719668688,38.8443021774292,2.575467109680176,roc_auc,binary,0.18588699251396612,config,TabSwift,tabarena-2026-07-13,default,TA-TABSWIFT,False,
kddcup09_appetency,0,TA-EXAONE-TABULAR (default),0.15693927670103602,310.40245842933655,58.434335470199585,roc_auc,binary,0.14918539033583622,config,EXAONE-Tabular,tabarena-2026-08-06,default,TA-EXAONE-TABULAR,False,
kddcup09_appetency,0,[Leakage] TabSTAR_base (default),0.21598596430606198,3374.2814569473267,324.68361258506775,roc_auc,binary,0.22293508258124461,config,[Leakage] TabSTAR_base,[Leakage] TabSTAR_base,default,[Leakage] TabSTAR_base,False,
kddcup09_appetency,0,[Leakage] TabSTAR_correct (default),0.3475965108219232,3362.0235283374786,324.72335505485535,roc_auc,binary,0.38271114540335693,config,[Leakage] TabSTAR_correct,[Leakage] TabSTAR_correct,default,[Leakage] TabSTAR_correct,False,
kddcup09_appetency,0,[Leakage] TabSTAR_wrong (default),0.2213933264635769,3347.593386888504,323.24552631378174,roc_auc,binary,0.22845367610928136,config,[Leakage] TabSTAR_wrong,[Leakage] TabSTAR_wrong,default,[Leakage] TabSTAR_wrong,False,
maternal_health_risk,0,"AutoGluon 1.4 (best, 4h)",0.4094227596961858,4787.748841524124,0.47789502143859863,log_loss,multiclass,0.4354890365374233,baseline,AutoGluon_v140_bq_4h8c,tabarena-2025-11-01,,,False,
maternal_health_risk,0,"AutoGluon 1.5 (extreme, 4h)",0.3457945594021132,126.0317063331604,0.853247880935669,log_loss,multiclass,0.41066744882680356,baseline,AutoGluon_v150_eq_4h8c,tabarena-2025-12-18,,,False,
maternal_health_risk,0,"AutoGluon 1.6 (extreme, 4h)",0.3520372545160006,30.958515405654907,0.19454741477966309,log_loss,multiclass,0.41105556916521646,baseline,AutoGluon_16_extreme,tabarena-2026-08-05,,,False,
maternal_health_risk,0,"AutoGluon 1.6 (noncommercial, 4h)",0.35203722794564435,38.29275989532471,0.19705986976623535,log_loss,multiclass,0.41105555377067454,baseline,AutoGluon_16_noncommercial,tabarena-2026-08-05,,,False,
maternal_health_risk,0,TabFM+,0.3145147310180394,14.684961557388306,1.416466236114502,log_loss,multiclass,,baseline,TabFM+,tabarena-2026-07-07,,,False,
maternal_health_risk,0,CAT (default),0.43026245829760973,15.589493989944458,0.018473148345947266,log_loss,multiclass,0.46734910833035154,config,CatBoost,tabarena-2026-07-13,default,CAT,False,
maternal_health_risk,0,CAT (tuned),0.41870173908700953,2455.2969176769257,0.015514612197875977,log_loss,multiclass,0.44752264072865383,hpo,CatBoost,tabarena-2026-07-13,tuned,CAT,False,
maternal_health_risk,0,CAT (tuned + ensemble),0.42676539123870866,2455.2969176769257,0.12268829345703125,log_loss,multiclass,0.4309303776152795,hpo,CatBoost,tabarena-2026-07-13,tuned_ensemble,CAT,False,
maternal_health_risk,0,CHIMERA (default),0.4758717119693756,10.299260139465332,0.011531352996826172,log_loss,multiclass,0.5012170672416687,config,ChimeraBoost,tabarena-2026-08-10,default,CHIMERA,False,
maternal_health_risk,0,CHIMERA (tuned),0.43824843646558925,1969.605985403061,0.00795745849609375,log_loss,multiclass,0.473089330693135,hpo,ChimeraBoost,tabarena-2026-08-10,tuned,CHIMERA,False,
maternal_health_risk,0,CHIMERA (tuned + ensemble),0.4477242412065694,1969.605985403061,0.0544130802154541,log_loss,multiclass,0.4572603197671319,hpo,ChimeraBoost,tabarena-2026-08-10,tuned_ensemble,CHIMERA,False,
maternal_health_risk,0,EBM (default),0.49959478868894475,7.401809215545654,0.0049896240234375,log_loss,multiclass,0.5078745640057083,config,ExplainableBM,tabarena-2026-07-13,default,EBM,False,
maternal_health_risk,0,EBM (tuned),0.50086728112069,1603.4650163650513,0.004368305206298828,log_loss,multiclass,0.48206031950746414,hpo,ExplainableBM,tabarena-2026-07-13,tuned,EBM,False,
maternal_health_risk,0,EBM (tuned + ensemble),0.49536092140070764,1603.4650163650513,0.055231332778930664,log_loss,multiclass,0.47015182614506357,hpo,ExplainableBM,tabarena-2026-07-13,tuned_ensemble,EBM,False,
maternal_health_risk,0,XT (default),0.42235047645550916,6.755070209503174,0.5171835422515869,log_loss,multiclass,0.5244391562048254,config,ExtraTrees,tabarena-2026-07-13,default,XT,False,
maternal_health_risk,0,XT (tuned),0.4127036858991002,1156.001676082611,0.1157221794128418,log_loss,multiclass,0.4729412545550683,hpo,ExtraTrees,tabarena-2026-07-13,tuned,XT,False,
maternal_health_risk,0,XT (tuned + ensemble),0.3975370362251684,1156.001676082611,1.3841335773468018,log_loss,multiclass,0.4502794370250169,hpo,ExtraTrees,tabarena-2026-07-13,tuned_ensemble,XT,False,
maternal_health_risk,0,KNN (default),0.8570291857311769,0.3901329040527344,0.015504598617553711,log_loss,multiclass,0.8915413742620226,config,KNeighbors,tabarena-2025-10-20,default,KNN,False,
maternal_health_risk,0,KNN (tuned),0.7841119766235352,79.50003814697266,0.017268657684326172,log_loss,multiclass,0.7180581092834473,hpo,KNeighbors,tabarena-2025-10-20,tuned,KNN,False,
maternal_health_risk,0,KNN (tuned + ensemble),0.40368014574050903,79.50003814697266,0.11521530151367188,log_loss,multiclass,0.4377887547016144,hpo,KNeighbors,tabarena-2025-10-20,tuned_ensemble,KNN,False,
maternal_health_risk,0,GBM (default),0.45202013687701087,4.253002405166626,0.10060548782348633,log_loss,multiclass,0.5013240782303644,config,LightGBM,tabarena-2025-06-12,default,GBM,False,
maternal_health_risk,0,GBM (tuned),0.42644122104415216,1406.1919207572937,0.3672904968261719,log_loss,multiclass,0.4670246035616979,hpo,LightGBM,tabarena-2025-06-12,tuned,GBM,False,
maternal_health_risk,0,GBM (tuned + ensemble),0.41954079366003805,1406.1919207572937,4.55750846862793,log_loss,multiclass,0.4562360816919595,hpo,LightGBM,tabarena-2025-06-12,tuned_ensemble,GBM,False,
maternal_health_risk,0,LR (default),0.7708599588207895,3.6996982097625732,0.035970449447631836,log_loss,multiclass,0.8029346470539664,config,LinearModel,tabarena-2025-10-20,default,LR,False,
maternal_health_risk,0,LR (tuned),0.7722097635269165,768.0616173744202,0.026445627212524414,log_loss,multiclass,0.7936410307884216,hpo,LinearModel,tabarena-2025-10-20,tuned,LR,False,
maternal_health_risk,0,LR (tuned + ensemble),0.7640236616134644,768.0616173744202,0.1436443328857422,log_loss,multiclass,0.7879407405853271,hpo,LinearModel,tabarena-2025-10-20,tuned_ensemble,LR,False,
maternal_health_risk,0,FASTAI (default),0.6515454920065065,6.733824014663696,0.12040066719055176,log_loss,multiclass,0.6124478736360814,config,NeuralNetFastAI,tabarena-2025-06-12,default,FASTAI,False,
maternal_health_risk,0,FASTAI (tuned),0.6313937565379443,1859.1492154598236,0.2990550994873047,log_loss,multiclass,0.5720909004259588,hpo,NeuralNetFastAI,tabarena-2025-06-12,tuned,FASTAI,False,
maternal_health_risk,0,FASTAI (tuned + ensemble),0.6179137976727035,1859.1492154598236,5.571531057357788,log_loss,multiclass,0.5481339107865275,hpo,NeuralNetFastAI,tabarena-2025-06-12,tuned_ensemble,FASTAI,False,
maternal_health_risk,0,NN_TORCH (default),0.5987640807044072,21.397396087646484,0.0538477897644043,log_loss,multiclass,0.600332226649513,config,NeuralNetTorch,tabarena-2025-06-12,default,NN_TORCH,False,
maternal_health_risk,0,NN_TORCH (tuned),0.5344304087149985,7053.366072177887,0.04902005195617676,log_loss,multiclass,0.5303490626382552,hpo,NeuralNetTorch,tabarena-2025-06-12,tuned,NN_TORCH,False,
maternal_health_risk,0,NN_TORCH (tuned + ensemble),0.5263237738835965,7053.366072177887,0.5121822357177734,log_loss,multiclass,0.4903246300488958,hpo,NeuralNetTorch,tabarena-2025-06-12,tuned_ensemble,NN_TORCH,False,
maternal_health_risk,0,RF (default),0.44818613791993206,0.5243301391601562,0.05224156379699707,log_loss,multiclass,0.515033272323651,config,RandomForest,tabarena-2025-06-12,default,RF,False,
maternal_health_risk,0,RF (tuned),0.4399674529953946,631.0611248016357,0.12109565734863281,log_loss,multiclass,0.4814490474673732,hpo,RandomForest,tabarena-2025-06-12,tuned,RF,False,
maternal_health_risk,0,RF (tuned + ensemble),0.3990178342498508,631.0611248016357,0.7725584506988525,log_loss,multiclass,0.4537578944134943,hpo,RandomForest,tabarena-2025-06-12,tuned_ensemble,RF,False,
maternal_health_risk,0,XGB (default),0.4306064609189078,3.6350133419036865,0.2108314037322998,log_loss,multiclass,0.48298558693546645,config,XGBoost,tabarena-2025-06-12,default,XGB,False,
maternal_health_risk,0,XGB (tuned),0.4070107240108848,1583.5828516483307,0.3600890636444092,log_loss,multiclass,0.46639667259630624,hpo,XGBoost,tabarena-2025-06-12,tuned,XGB,False,
maternal_health_risk,0,XGB (tuned + ensemble),0.4167617650971186,1583.5828516483307,2.748715400695801,log_loss,multiclass,0.463901430940076,hpo,XGBoost,tabarena-2025-06-12,tuned_ensemble,XGB,False,
maternal_health_risk,0,MITRA_GPU (default),0.37773906038340466,78.58413553237915,0.833848237991333,log_loss,multiclass,0.4207950577922367,config,Mitra_GPU,tabarena-2025-09-03,default,MITRA_GPU,False,
maternal_health_risk,0,MNCA_GPU (default),0.4198462235434901,22.943970918655396,0.10140204429626465,log_loss,multiclass,0.43594759121552346,config,ModernNCA_GPU,tabarena-2025-06-12,default,MNCA_GPU,False,
maternal_health_risk,0,MNCA_GPU (tuned),0.3957661924965936,8439.525228977203,0.14804816246032715,log_loss,multiclass,0.4017890383301926,hpo,ModernNCA_GPU,tabarena-2025-06-12,tuned,MNCA_GPU,False,
maternal_health_risk,0,MNCA_GPU (tuned + ensemble),0.3838663966201875,8439.525228977203,2.0559263229370117,log_loss,multiclass,0.3563722352757901,hpo,ModernNCA_GPU,tabarena-2025-06-12,tuned_ensemble,MNCA_GPU,False,
maternal_health_risk,0,REALMLP_GPU (default),0.5935180898948357,24.30261540412903,5.578124284744263,log_loss,multiclass,0.5496543067648993,config,RealMLP_GPU,tabarena-2025-09-03,default,REALMLP_GPU,False,
maternal_health_risk,0,REALMLP_GPU (tuned),0.39439043402671814,3928.401888370514,4.308717966079712,log_loss,multiclass,0.4145216643810272,hpo,RealMLP_GPU,tabarena-2025-09-03,tuned,REALMLP_GPU,False,
maternal_health_risk,0,REALMLP_GPU (tuned + ensemble),0.40136799216270447,3928.401888370514,10.0721914768219,log_loss,multiclass,0.40322646498680115,hpo,RealMLP_GPU,tabarena-2025-09-03,tuned_ensemble,REALMLP_GPU,False,
maternal_health_risk,0,TABDPT_GPU (default),0.3466039316921292,34.82541060447693,17.253575801849365,log_loss,multiclass,0.4115132790674141,config,TabDPT_GPU,tabarena-2025-10-20,default,TABDPT_GPU,False,
maternal_health_risk,0,TABDPT_GPU (tuned),0.34655784868307293,7234.162442445755,15.871800899505615,log_loss,multiclass,0.41015471489400956,hpo,TabDPT_GPU,tabarena-2025-10-20,tuned,TABDPT_GPU,False,
maternal_health_risk,0,TABDPT_GPU (tuned + ensemble),0.3613204578377259,7234.162442445755,196.09065675735474,log_loss,multiclass,0.4048050874358241,hpo,TabDPT_GPU,tabarena-2025-10-20,tuned_ensemble,TABDPT_GPU,False,
maternal_health_risk,0,TABDPT_TURBO (default),0.3612020175927732,6.26767635345459,0.13794183731079102,log_loss,multiclass,0.42298245523907735,config,TabDPT-Turbo,tabarena-2026-07-13,default,TABDPT_TURBO,False,
maternal_health_risk,0,TABICL_GPU (default),0.3636477547868081,10.846465826034546,0.7341995239257812,log_loss,multiclass,0.43116813626522976,config,TabICL_GPU,tabarena-2025-06-12,default,TABICL_GPU,False,
maternal_health_risk,0,TA-TABM (default),0.522049093948155,15.620803356170654,0.17580389976501465,log_loss,multiclass,0.5399245181256871,config,TabM,tabarena-2026-06-26,default,TA-TABM,False,
maternal_health_risk,0,TA-TABM (tuned),0.4369812882411218,4092.4736337661743,0.29726529121398926,log_loss,multiclass,0.4767179502441648,hpo,TabM,tabarena-2026-06-26,tuned,TA-TABM,False,
maternal_health_risk,0,TA-TABM (tuned + ensemble),0.4520800306357955,4092.4736337661743,1.568368911743164,log_loss,multiclass,0.4407136096165139,hpo,TabM,tabarena-2026-06-26,tuned_ensemble,TA-TABM,False,
maternal_health_risk,0,TABPFNV2_GPU (default),0.4251002550137872,4.058115720748901,0.161912202835083,log_loss,multiclass,0.48619516994356576,config,TabPFNv2_GPU,tabarena-2025-06-12,default,TABPFNV2_GPU,False,
maternal_health_risk,0,TABPFNV2_GPU (tuned),0.4200149210576656,1486.253812789917,0.11422443389892578,log_loss,multiclass,0.46955145645984103,hpo,TabPFNv2_GPU,tabarena-2025-06-12,tuned,TABPFNV2_GPU,False,
maternal_health_risk,0,TABPFNV2_GPU (tuned + ensemble),0.40931312412357507,1486.253812789917,6.023593425750732,log_loss,multiclass,0.44745005941286425,hpo,TabPFNv2_GPU,tabarena-2025-06-12,tuned_ensemble,TABPFNV2_GPU,False,
maternal_health_risk,0,XRFM_GPU (default),0.40111243804193053,12.189507722854614,0.8539636135101318,log_loss,multiclass,0.49941471484230393,config,xRFM_GPU,tabarena-2025-09-03,default,XRFM_GPU,False,
maternal_health_risk,0,XRFM_GPU (tuned),0.3959020674228668,2153.657049894333,0.03489518165588379,log_loss,multiclass,0.46340039372444153,hpo,xRFM_GPU,tabarena-2025-09-03,tuned,XRFM_GPU,False,
maternal_health_risk,0,XRFM_GPU (tuned + ensemble),0.39351046085357666,2153.657049894333,3.415201425552368,log_loss,multiclass,0.4290965497493744,hpo,xRFM_GPU,tabarena-2025-09-03,tuned_ensemble,XRFM_GPU,False,
maternal_health_risk,0,BETA_GPU (default),0.49977321793583707,424.6458406448364,1.7086150646209717,log_loss,multiclass,0.5019626816205456,config,BetaTabPFN_GPU,tabarena-2025-09-03,default,BETA_GPU,False,
maternal_health_risk,0,TABFLEX_GPU (default),0.6238498324630101,3.992288589477539,0.3885817527770996,log_loss,multiclass,0.5921001606010217,config,TabFlex_GPU,tabarena-2025-09-03,default,TABFLEX_GPU,False,
maternal_health_risk,0,REALTABPFN-V2.5 (default),0.418697125047572,7.416834115982056,0.26865434646606445,log_loss,multiclass,0.4851342873269267,config,RealTabPFN-v2.5,tabarena-2025-11-12,default,REALTABPFN-V2.5,False,
maternal_health_risk,0,REALTABPFN-V2.5 (tuned),0.38372504550391073,1918.459510087967,0.3062293529510498,log_loss,multiclass,0.4724799048021914,hpo,RealTabPFN-v2.5,tabarena-2025-11-12,tuned,REALTABPFN-V2.5,False,
maternal_health_risk,0,REALTABPFN-V2.5 (tuned + ensemble),0.3801728631098418,1918.459510087967,3.2264316082000732,log_loss,multiclass,0.46373404108084565,hpo,RealTabPFN-v2.5,tabarena-2025-11-12,tuned_ensemble,REALTABPFN-V2.5,False,
maternal_health_risk,0,SAP-RPT-OSS (default),0.4961472093970414,20.308516025543213,0.5260298252105713,log_loss,multiclass,0.5055156285849081,config,SAP-RPT-OSS,tabarena-2025-11-25,default,SAP-RPT-OSS,False,
maternal_health_risk,0,TABICLV2 (default),0.35422843034449497,3.6214308738708496,0.04704904556274414,log_loss,multiclass,0.4156606854782202,config,TabICLv2,tabarena-2026-07-13,default,TABICLV2,False,
maternal_health_risk,0,TABSTAR (default),0.6656498264851795,585.5573933124542,3.1614561080932617,log_loss,multiclass,0.6650398801533658,config,TabSTAR,tabarena-2026-03-18,default,TABSTAR,False,
maternal_health_risk,0,TABSTAR (tuned),0.6213110226237072,139794.46618032455,6.600505113601685,log_loss,multiclass,0.5902492240054078,hpo,TabSTAR,tabarena-2026-03-18,tuned,TABSTAR,False,
maternal_health_risk,0,TABSTAR (tuned + ensemble),0.6197873186908958,139794.46618032455,18.172958850860596,log_loss,multiclass,0.5800010200934992,hpo,TabSTAR,tabarena-2026-03-18,tuned_ensemble,TABSTAR,False,
maternal_health_risk,0,PB (default),0.5297107841542884,110.20682096481323,0.015065670013427734,log_loss,multiclass,0.5553224262553612,config,PerpetualBooster,tabarena-2026-03-18,default,PB,False,
maternal_health_risk,0,PB (tuned),0.5373912880376561,633.3729803562164,0.09623217582702637,log_loss,multiclass,0.5528130004431738,hpo,PerpetualBooster,tabarena-2026-03-18,tuned,PB,False,
maternal_health_risk,0,PB (tuned + ensemble),0.5261113252952385,633.3729803562164,0.3404572010040283,log_loss,multiclass,0.5448753040110689,hpo,PerpetualBooster,tabarena-2026-03-18,tuned_ensemble,PB,False,
maternal_health_risk,0,TABPFN-V2.6 (default),0.36865611946012755,7.285691738128662,0.21981287002563477,log_loss,multiclass,0.44520793052813795,config,TabPFN-v2.6,tabarena-2026-03-18,default,TABPFN-V2.6,False,
maternal_health_risk,0,TA-LIMIX (default),0.37860650325326595,35.022767066955566,3.310227394104004,log_loss,multiclass,0.44509293474912287,config,LimiX,tabarena-2026-05-13,default,TA-LIMIX,False,
maternal_health_risk,0,TA-ORION-MSP (default),0.47394380423483573,15.77283501625061,0.6689481735229492,log_loss,multiclass,0.5399061891851578,config,OrionMSP,tabarena-2026-05-13,default,TA-ORION-MSP,False,
maternal_health_risk,0,TA-TABPFN-3 (default),0.35344449775334286,8.449895143508911,0.19710230827331543,log_loss,multiclass,0.42379212528640126,config,TabPFN-3,tabarena-2026-07-13,default,TA-TABPFN-3,False,
maternal_health_risk,0,TA-ILTM (default),0.514853458882285,548.9883439540863,130.65043592453003,log_loss,multiclass,0.523449732364217,config,iLTM,tabarena-2026-05-13,default,TA-ILTM,False,
maternal_health_risk,0,TA-ILTM (tuned),0.40233519963916015,29903.407432317734,239.54581379890442,log_loss,multiclass,0.4326361458640905,hpo,iLTM,tabarena-2026-05-13,tuned,TA-ILTM,False,
maternal_health_risk,0,TA-ILTM (tuned + ensemble),0.3879814782854399,29903.407432317734,1309.253096818924,log_loss,multiclass,0.38616216282802945,hpo,iLTM,tabarena-2026-05-13,tuned_ensemble,TA-ILTM,False,
maternal_health_risk,0,TA-NORI (default),0.44818613791993206,0.5243301391601562,0.05224156379699707,log_loss,multiclass,0.515033272323651,config,Nori,tabarena-2026-07-13,default,TA-NORI,True,
maternal_health_risk,0,TA-NORI-30M (default),0.44818613791993206,0.5243301391601562,0.05224156379699707,log_loss,multiclass,0.515033272323651,config,Nori-30M,tabarena-2026-07-13,default,TA-NORI-30M,True,
maternal_health_risk,0,TABFM (default),0.3247420964276938,35.599005460739136,1.3309829235076904,log_loss,multiclass,0.3788242501698315,config,TabFM,tabarena-2026-07-13,default,TABFM,False,
maternal_health_risk,0,TA-TABSWIFT (default),0.44534147924662715,2.3370072841644287,0.021034717559814453,log_loss,multiclass,0.49111473393719457,config,TabSwift,tabarena-2026-07-13,default,TA-TABSWIFT,False,
maternal_health_risk,0,TA-EXAONE-TABULAR (default),0.3791838022992817,9.662986516952515,0.0718834400177002,log_loss,multiclass,0.4360774393294366,config,EXAONE-Tabular,tabarena-2026-08-06,default,TA-EXAONE-TABULAR,False,
maternal_health_risk,0,[Leakage] TabSTAR_base (default),0.5962386727333069,209.96760487556458,1.0371901988983154,log_loss,multiclass,0.6136311292648315,config,[Leakage] TabSTAR_base,[Leakage] TabSTAR_base,default,[Leakage] TabSTAR_base,False,
maternal_health_risk,0,[Leakage] TabSTAR_correct (default),0.6115992665290833,186.1775176525116,1.0291051864624023,log_loss,multiclass,0.5889565944671631,config,[Leakage] TabSTAR_correct,[Leakage] TabSTAR_correct,default,[Leakage] TabSTAR_correct,False,
maternal_health_risk,0,[Leakage] TabSTAR_wrong (default),0.44818613791993206,0.5243301391601562,0.05224156379699707,log_loss,multiclass,0.515033272323651,config,[Leakage] TabSTAR_wrong,[Leakage] TabSTAR_wrong,default,[Leakage] TabSTAR_wrong,True,
miami_housing,0,"AutoGluon 1.4 (best, 4h)",79820.91455757974,13582.809574604034,45.45405101776123,rmse,regression,79609.69128914908,baseline,AutoGluon_v140_bq_4h8c,tabarena-2025-11-01,,,False,
miami_housing,0,"AutoGluon 1.5 (extreme, 4h)",79591.65060897141,8515.516944169998,80.92805409431458,rmse,regression,79498.47016708848,baseline,AutoGluon_v150_eq_4h8c,tabarena-2025-12-18,,,False,
miami_housing,0,"AutoGluon 1.6 (extreme, 4h)",72907.63260474654,203.29567050933838,6.9465484619140625,rmse,regression,75583.40947096745,baseline,AutoGluon_16_extreme,tabarena-2026-08-05,,,False,
miami_housing,0,"AutoGluon 1.6 (noncommercial, 4h)",72907.63260474654,219.15517115592957,6.712698459625244,rmse,regression,75583.40947096745,baseline,AutoGluon_16_noncommercial,tabarena-2026-08-05,,,False,
miami_housing,0,TabFM+,74631.9166009157,102.24158310890198,32.996906042099,rmse,regression,,baseline,TabFM+,tabarena-2026-07-07,,,False,
miami_housing,0,CAT (default),81043.44538692867,19.739026069641113,0.026742219924926758,rmse,regression,84155.52329064306,config,CatBoost,tabarena-2026-07-13,default,CAT,False,
miami_housing,0,CAT (tuned),79672.00078945038,13928.742717504501,0.062397003173828125,rmse,regression,81786.63468935159,hpo,CatBoost,tabarena-2026-07-13,tuned,CAT,False,
miami_housing,0,CAT (tuned + ensemble),79486.93068947319,13928.742717504501,0.6753249168395996,rmse,regression,81264.81959764482,hpo,CatBoost,tabarena-2026-07-13,tuned_ensemble,CAT,False,
miami_housing,0,CHIMERA (default),83369.6496407294,11.021541357040405,0.20415592193603516,rmse,regression,84213.98307146686,config,ChimeraBoost,tabarena-2026-08-10,default,CHIMERA,False,
miami_housing,0,CHIMERA (tuned),82633.13006760064,2367.875980615616,0.20760607719421387,rmse,regression,82636.69673776216,hpo,ChimeraBoost,tabarena-2026-08-10,tuned,CHIMERA,False,
miami_housing,0,CHIMERA (tuned + ensemble),81008.45109608352,2367.875980615616,2.152604103088379,rmse,regression,79787.80040980219,hpo,ChimeraBoost,tabarena-2026-08-10,tuned_ensemble,CHIMERA,False,
miami_housing,0,EBM (default),90739.94643537498,63.391695499420166,0.05530714988708496,rmse,regression,94225.2684833801,config,ExplainableBM,tabarena-2026-07-13,default,EBM,False,
miami_housing,0,EBM (tuned),87982.68773173299,21093.95068049431,0.057425737380981445,rmse,regression,88837.91418303936,hpo,ExplainableBM,tabarena-2026-07-13,tuned,EBM,False,
miami_housing,0,EBM (tuned + ensemble),86067.29109486121,21093.95068049431,0.47400999069213867,rmse,regression,85535.50473173149,hpo,ExplainableBM,tabarena-2026-07-13,tuned_ensemble,EBM,False,
miami_housing,0,XT (default),95783.45239424089,10.86301040649414,0.6202287673950195,rmse,regression,97598.05488051393,config,ExtraTrees,tabarena-2026-07-13,default,XT,False,
miami_housing,0,XT (tuned),92196.06199776281,1218.1251666545868,0.21709394454956055,rmse,regression,94463.38778551598,hpo,ExtraTrees,tabarena-2026-07-13,tuned,XT,False,
miami_housing,0,XT (tuned + ensemble),92000.44936972747,1218.1251666545868,3.1139461994171143,rmse,regression,92946.2904053497,hpo,ExtraTrees,tabarena-2026-07-13,tuned_ensemble,XT,False,
miami_housing,0,KNN (default),116020.69190257299,1.4410688877105713,0.5247898101806641,rmse,regression,123214.3324193875,config,KNeighbors,tabarena-2025-10-20,default,KNN,False,
miami_housing,0,KNN (tuned),105167.31149836458,435.246954202652,1.038682222366333,rmse,regression,105179.11171937703,hpo,KNeighbors,tabarena-2025-10-20,tuned,KNN,False,
miami_housing,0,KNN (tuned + ensemble),101742.75977873064,435.246954202652,4.825483560562134,rmse,regression,102286.66028983102,hpo,KNeighbors,tabarena-2025-10-20,tuned_ensemble,KNN,False,
miami_housing,0,GBM (default),88652.87008297365,14.156020402908325,1.7641477584838867,rmse,regression,88925.55223757798,config,LightGBM,tabarena-2025-06-12,default,GBM,False,
miami_housing,0,GBM (tuned),82411.85277011806,3345.1583478450775,5.531905889511108,rmse,regression,84393.12218376431,hpo,LightGBM,tabarena-2025-06-12,tuned,GBM,False,
miami_housing,0,GBM (tuned + ensemble),81592.27827356984,3345.1583478450775,82.81586146354675,rmse,regression,81613.54427425486,hpo,LightGBM,tabarena-2025-06-12,tuned_ensemble,GBM,False,
miami_housing,0,LR (default),192166.10927231403,4.226748943328857,0.13258075714111328,rmse,regression,190883.37924760685,config,LinearModel,tabarena-2025-10-20,default,LR,False,
miami_housing,0,LR (tuned),174817.05242957015,823.021238565445,0.03462648391723633,rmse,regression,175898.73940295703,hpo,LinearModel,tabarena-2025-10-20,tuned,LR,False,
miami_housing,0,LR (tuned + ensemble),174850.95130663374,823.021238565445,0.2687337398529053,rmse,regression,175897.56883943203,hpo,LinearModel,tabarena-2025-10-20,tuned_ensemble,LR,False,
miami_housing,0,FASTAI (default),89723.88374702421,14.524733304977417,1.3451414108276367,rmse,regression,93386.31232740098,config,NeuralNetFastAI,tabarena-2025-06-12,default,FASTAI,False,
miami_housing,0,FASTAI (tuned),87855.59239873807,3495.172525405884,0.7526721954345703,rmse,regression,90274.63362019991,hpo,NeuralNetFastAI,tabarena-2025-06-12,tuned,FASTAI,False,
miami_housing,0,FASTAI (tuned + ensemble),86434.01067599382,3495.172525405884,8.763729572296143,rmse,regression,86917.54900068557,hpo,NeuralNetFastAI,tabarena-2025-06-12,tuned_ensemble,FASTAI,False,
miami_housing,0,NN_TORCH (default),91230.16593449822,82.26695799827576,0.1783456802368164,rmse,regression,94216.71979788251,config,NeuralNetTorch,tabarena-2025-06-12,default,NN_TORCH,False,
miami_housing,0,NN_TORCH (tuned),84995.887128735,40888.16511273384,0.15616917610168457,rmse,regression,86105.58757569767,hpo,NeuralNetTorch,tabarena-2025-06-12,tuned,NN_TORCH,False,
miami_housing,0,NN_TORCH (tuned + ensemble),84087.86460127258,40888.16511273384,3.6355178356170654,rmse,regression,81769.78630477606,hpo,NeuralNetTorch,tabarena-2025-06-12,tuned_ensemble,NN_TORCH,False,
miami_housing,0,RF (default),100025.2839557841,6.554978609085083,0.15849757194519043,rmse,regression,95343.62240372118,config,RandomForest,tabarena-2025-06-12,default,RF,False,
miami_housing,0,RF (tuned),100025.2839557841,1615.6182463169098,0.15849757194519043,rmse,regression,95343.62240372118,hpo,RandomForest,tabarena-2025-06-12,tuned,RF,False,
miami_housing,0,RF (tuned + ensemble),95182.1854895383,1615.6182463169098,3.726532220840454,rmse,regression,93453.58225283817,hpo,RandomForest,tabarena-2025-06-12,tuned_ensemble,RF,False,
miami_housing,0,XGB (default),89666.31582633569,8.503239631652832,0.4235255718231201,rmse,regression,90301.3609537305,config,XGBoost,tabarena-2025-06-12,default,XGB,False,
miami_housing,0,XGB (tuned),83276.97001207246,5032.734611749649,2.418093681335449,rmse,regression,84199.28179593671,hpo,XGBoost,tabarena-2025-06-12,tuned,XGB,False,
miami_housing,0,XGB (tuned + ensemble),82776.6897852682,5032.734611749649,16.217357635498047,rmse,regression,83239.5653878735,hpo,XGBoost,tabarena-2025-06-12,tuned_ensemble,XGB,False,
miami_housing,0,MITRA_GPU (default),81090.19829110352,1131.6554918289185,21.321738243103027,rmse,regression,87546.22408669684,config,Mitra_GPU,tabarena-2025-09-03,default,MITRA_GPU,False,
miami_housing,0,MNCA_GPU (default),88103.11957402079,31.881427526474,0.404191255569458,rmse,regression,92077.0640345241,config,ModernNCA_GPU,tabarena-2025-06-12,default,MNCA_GPU,False,
miami_housing,0,MNCA_GPU (tuned),83681.67327209444,15215.221625328064,0.6494088172912598,rmse,regression,84140.99070535904,hpo,ModernNCA_GPU,tabarena-2025-06-12,tuned,MNCA_GPU,False,
miami_housing,0,MNCA_GPU (tuned + ensemble),81027.32883550716,15215.221625328064,8.3705415725708,rmse,regression,77116.3335111118,hpo,ModernNCA_GPU,tabarena-2025-06-12,tuned_ensemble,MNCA_GPU,False,
miami_housing,0,REALMLP_GPU (default),88388.02859711126,66.01696610450745,2.8364720344543457,rmse,regression,87261.25246903581,config,RealMLP_GPU,tabarena-2025-09-03,default,REALMLP_GPU,False,
miami_housing,0,REALMLP_GPU (tuned),82384.58082354635,20273.780994176865,0.8990035057067871,rmse,regression,80702.53557567006,hpo,RealMLP_GPU,tabarena-2025-09-03,tuned,REALMLP_GPU,False,
miami_housing,0,REALMLP_GPU (tuned + ensemble),81792.7444205408,20273.780994176865,15.537437677383423,rmse,regression,77714.9656519759,hpo,RealMLP_GPU,tabarena-2025-09-03,tuned_ensemble,REALMLP_GPU,False,
miami_housing,0,TABDPT_GPU (default),81696.81067146306,439.1100685596466,174.48574900627136,rmse,regression,83334.558028198,config,TabDPT_GPU,tabarena-2025-10-20,default,TABDPT_GPU,False,
miami_housing,0,TABDPT_GPU (tuned),77261.90278784261,51437.55909085274,131.25167798995972,rmse,regression,80453.82625380917,hpo,TabDPT_GPU,tabarena-2025-10-20,tuned,TABDPT_GPU,False,
miami_housing,0,TABDPT_GPU (tuned + ensemble),78293.38145560517,51437.55909085274,986.7252323627472,rmse,regression,79963.92370620715,hpo,TabDPT_GPU,tabarena-2025-10-20,tuned_ensemble,TABDPT_GPU,False,
miami_housing,0,TABDPT_TURBO (default),82013.44211311107,12.889557838439941,0.435685396194458,rmse,regression,82374.63859956713,config,TabDPT-Turbo,tabarena-2026-07-13,default,TABDPT_TURBO,False,
miami_housing,0,TABICL_GPU (default),100025.2839557841,6.554978609085083,0.15849757194519043,rmse,regression,95343.62240372118,config,TabICL_GPU,tabarena-2025-06-12,default,TABICL_GPU,True,RandomForest_c1_BAG_L1
miami_housing,0,TA-TABM (default),84637.4577356495,33.95480275154114,0.31426548957824707,rmse,regression,83217.52178029125,config,TabM,tabarena-2026-06-26,default,TA-TABM,False,
miami_housing,0,TA-TABM (tuned),83457.0007680628,16667.40681195259,0.34224486351013184,rmse,regression,81176.14595577942,hpo,TabM,tabarena-2026-06-26,tuned,TA-TABM,False,
miami_housing,0,TA-TABM (tuned + ensemble),81751.23718933568,16667.40681195259,3.2522125244140625,rmse,regression,79487.8850501583,hpo,TabM,tabarena-2026-06-26,tuned_ensemble,TA-TABM,False,
miami_housing,0,TABPFNV2_GPU (default),85523.48677717765,18.84261202812195,1.9841296672821045,rmse,regression,87449.78677851899,config,TabPFNv2_GPU,tabarena-2025-06-12,default,TABPFNV2_GPU,False,
miami_housing,0,TABPFNV2_GPU (tuned),78111.40706385548,34950.81379151344,1.202789068222046,rmse,regression,79708.73270606267,hpo,TabPFNv2_GPU,tabarena-2025-06-12,tuned,TABPFNV2_GPU,False,
miami_housing,0,TABPFNV2_GPU (tuned + ensemble),76382.49466840382,34950.81379151344,177.5781111717224,rmse,regression,78211.852752921,hpo,TabPFNv2_GPU,tabarena-2025-06-12,tuned_ensemble,TABPFNV2_GPU,False,
miami_housing,0,XRFM_GPU (default),89827.2766110369,12.813636302947998,3.466226100921631,rmse,regression,91936.54932639902,config,xRFM_GPU,tabarena-2025-09-03,default,XRFM_GPU,False,
miami_housing,0,XRFM_GPU (tuned),83136.74748746854,3008.532345056534,0.061258792877197266,rmse,regression,82437.31366691954,hpo,xRFM_GPU,tabarena-2025-09-03,tuned,XRFM_GPU,False,
miami_housing,0,XRFM_GPU (tuned + ensemble),82782.12521448829,3008.532345056534,1.7333688735961914,rmse,regression,81964.83878018936,hpo,xRFM_GPU,tabarena-2025-09-03,tuned_ensemble,XRFM_GPU,False,
miami_housing,0,BETA_GPU (default),100025.2839557841,6.554978609085083,0.15849757194519043,rmse,regression,95343.62240372118,config,BetaTabPFN_GPU,tabarena-2025-09-03,default,BETA_GPU,True,
miami_housing,0,TABFLEX_GPU (default),100025.2839557841,6.554978609085083,0.15849757194519043,rmse,regression,95343.62240372118,config,TabFlex_GPU,tabarena-2025-09-03,default,TABFLEX_GPU,True,
miami_housing,0,REALTABPFN-V2.5 (default),80761.55423456777,15.982524156570435,1.8512482643127441,rmse,regression,79381.09752735092,config,RealTabPFN-v2.5,tabarena-2025-11-12,default,REALTABPFN-V2.5,False,
miami_housing,0,REALTABPFN-V2.5 (tuned),79510.0785864669,6679.151798963547,2.1717143058776855,rmse,regression,78543.12838535995,hpo,RealTabPFN-v2.5,tabarena-2025-11-12,tuned,REALTABPFN-V2.5,False,
miami_housing,0,REALTABPFN-V2.5 (tuned + ensemble),78042.51354707425,6679.151798963547,18.270301342010498,rmse,regression,77646.89494242701,hpo,RealTabPFN-v2.5,tabarena-2025-11-12,tuned_ensemble,REALTABPFN-V2.5,False,
miami_housing,0,SAP-RPT-OSS (default),87615.00925370485,39.20156216621399,56.95175766944885,rmse,regression,86648.41989011338,config,SAP-RPT-OSS,tabarena-2025-11-25,default,SAP-RPT-OSS,False,
miami_housing,0,TABICLV2 (default),79393.61815616854,8.891419410705566,0.3917231559753418,rmse,regression,79420.45787156293,config,TabICLv2,tabarena-2026-07-13,default,TABICLV2,False,
miami_housing,0,TABSTAR (default),126332.77916418095,2542.2817420959473,11.895642757415771,rmse,regression,124718.16958029191,config,TabSTAR,tabarena-2026-03-18,default,TABSTAR,False,
miami_housing,0,TABSTAR (tuned),124300.33057953606,169843.1469256878,11.4021897315979,rmse,regression,122097.00906124995,hpo,TabSTAR,tabarena-2026-03-18,tuned,TABSTAR,False,
miami_housing,0,TABSTAR (tuned + ensemble),123953.80489584836,169843.1469256878,36.188642263412476,rmse,regression,121901.37837636739,hpo,TabSTAR,tabarena-2026-03-18,tuned_ensemble,TABSTAR,False,
miami_housing,0,PB (default),90537.08104194577,43.67817783355713,0.04385185241699219,rmse,regression,96184.64793826036,config,PerpetualBooster,tabarena-2026-03-18,default,PB,False,
miami_housing,0,PB (tuned),86094.13623777988,446.7439076900482,0.5487315654754639,rmse,regression,89367.23331421634,hpo,PerpetualBooster,tabarena-2026-03-18,tuned,PB,False,
miami_housing,0,PB (tuned + ensemble),85539.1448585031,446.7439076900482,2.2666819095611572,rmse,regression,88146.91662556735,hpo,PerpetualBooster,tabarena-2026-03-18,tuned_ensemble,PB,False,
miami_housing,0,TABPFN-V2.6 (default),77176.5229145124,24.617305994033813,1.8752174377441406,rmse,regression,79238.22872628042,config,TabPFN-v2.6,tabarena-2026-03-18,default,TABPFN-V2.6,False,
miami_housing,0,TA-LIMIX (default),75676.10209111417,231.88463068008423,36.33053255081177,rmse,regression,78435.19142618703,config,LimiX,tabarena-2026-05-13,default,TA-LIMIX,False,
miami_housing,0,TA-ORION-MSP (default),100025.2839557841,6.554978609085083,0.15849757194519043,rmse,regression,95343.62240372118,config,OrionMSP,tabarena-2026-05-13,default,TA-ORION-MSP,True,
miami_housing,0,TA-TABPFN-3 (default),80417.08245473559,22.41828680038452,0.802579402923584,rmse,regression,79682.23044971144,config,TabPFN-3,tabarena-2026-07-13,default,TA-TABPFN-3,False,
miami_housing,0,TA-ILTM (default),95920.32727000867,2764.373776435852,160.92009043693542,rmse,regression,93108.52306245087,config,iLTM,tabarena-2026-05-13,default,TA-ILTM,False,
miami_housing,0,TA-ILTM (tuned),81058.14667598733,61114.07854747772,298.13175201416016,rmse,regression,83042.36393073467,hpo,iLTM,tabarena-2026-05-13,tuned,TA-ILTM,False,
miami_housing,0,TA-ILTM (tuned + ensemble),81607.18125543052,61114.07854747772,718.0857512950897,rmse,regression,80766.40288171453,hpo,iLTM,tabarena-2026-05-13,tuned_ensemble,TA-ILTM,False,
miami_housing,0,TA-NORI (default),75769.6295015397,22.947079181671143,2.8335704803466797,rmse,regression,76630.92846494932,config,Nori,tabarena-2026-07-13,default,TA-NORI,False,
miami_housing,0,TA-NORI-30M (default),73764.65863159714,41.72498965263367,6.713034391403198,rmse,regression,75298.90440757711,config,Nori-30M,tabarena-2026-07-13,default,TA-NORI-30M,False,
miami_housing,0,TABFM (default),75426.54913515259,186.7809727191925,29.813419580459595,rmse,regression,76018.23151861539,config,TabFM,tabarena-2026-07-13,default,TABFM,False,
miami_housing,0,TA-TABSWIFT (default),82921.20795522475,6.22908353805542,0.2800135612487793,rmse,regression,84164.8410401944,config,TabSwift,tabarena-2026-07-13,default,TA-TABSWIFT,False,
miami_housing,0,TA-EXAONE-TABULAR (default),74385.37407262957,31.087401628494263,4.255321025848389,rmse,regression,76898.06531088032,config,EXAONE-Tabular,tabarena-2026-08-06,default,TA-EXAONE-TABULAR,False,
miami_housing,0,[Leakage] TabSTAR_base (default),123693.59913681245,1038.6962909698486,20.125906467437744,rmse,regression,122488.8007391501,config,[Leakage] TabSTAR_base,[Leakage] TabSTAR_base,default,[Leakage] TabSTAR_base,False,
miami_housing,0,[Leakage] TabSTAR_correct (default),122804.67144758087,1915.0398111343384,20.37426209449768,rmse,regression,121480.44234886121,config,[Leakage] TabSTAR_correct,[Leakage] TabSTAR_correct,default,[Leakage] TabSTAR_correct,False,
miami_housing,0,[Leakage] TabSTAR_wrong (default),125445.19967410037,839.7040662765503,20.279606580734253,rmse,regression,122889.74587174912,config,[Leakage] TabSTAR_wrong,[Leakage] TabSTAR_wrong,default,[Leakage] TabSTAR_wrong,False,
online_shoppers_intention,0,"AutoGluon 1.4 (best, 4h)",0.06902760126437912,6118.834285259247,3.2897861003875732,roc_auc,binary,0.06017330447565572,baseline,AutoGluon_v140_bq_4h8c,tabarena-2025-11-01,,,False,
online_shoppers_intention,0,"AutoGluon 1.5 (extreme, 4h)",0.06767614226798901,5149.510608911514,69.16074466705322,roc_auc,binary,0.059886413627920576,baseline,AutoGluon_v150_eq_4h8c,tabarena-2025-12-18,,,False,
online_shoppers_intention,0,"AutoGluon 1.6 (extreme, 4h)",0.06806085095751724,37.27479672431946,2.120518684387207,roc_auc,binary,0.06114095997943392,baseline,AutoGluon_16_extreme,tabarena-2026-08-05,,,False,
online_shoppers_intention,0,"AutoGluon 1.6 (noncommercial, 4h)",0.06645503162758026,45.25742864608765,2.3534469604492188,roc_auc,binary,0.06044565559791881,baseline,AutoGluon_16_noncommercial,tabarena-2026-08-05,,,False,
online_shoppers_intention,0,TabFM+,0.06480847843639914,95.23527240753174,30.747347354888916,roc_auc,binary,,baseline,TabFM+,tabarena-2026-07-07,,,False,
online_shoppers_intention,0,CAT (default),0.07340060756817035,13.047964811325073,0.08450746536254883,roc_auc,binary,0.06525621146124128,config,CatBoost,tabarena-2026-07-13,default,CAT,False,
online_shoppers_intention,0,CAT (tuned),0.07494849429544903,2849.8682672977448,0.2755706310272217,roc_auc,binary,0.06393739612865379,hpo,CatBoost,tabarena-2026-07-13,tuned,CAT,False,
online_shoppers_intention,0,CAT (tuned + ensemble),0.07327750078752127,2849.8682672977448,1.2539443969726562,roc_auc,binary,0.062075519220951336,hpo,CatBoost,tabarena-2026-07-13,tuned_ensemble,CAT,False,
online_shoppers_intention,0,CHIMERA (default),0.07205639014711263,9.909272193908691,0.14863038063049316,roc_auc,binary,0.0637914897006695,config,ChimeraBoost,tabarena-2026-08-10,default,CHIMERA,False,
online_shoppers_intention,0,CHIMERA (tuned),0.071137162678369,2197.5979719161987,0.16222596168518066,roc_auc,binary,0.06216021170745489,hpo,ChimeraBoost,tabarena-2026-08-10,tuned,CHIMERA,False,
online_shoppers_intention,0,CHIMERA (tuned + ensemble),0.07092217841069148,2197.5979719161987,2.1868245601654053,roc_auc,binary,0.05946419584116325,hpo,ChimeraBoost,tabarena-2026-08-10,tuned_ensemble,CHIMERA,False,
online_shoppers_intention,0,EBM (default),0.07436735787503224,10.201159238815308,0.03324174880981445,roc_auc,binary,0.0685286114641378,config,ExplainableBM,tabarena-2026-07-13,default,EBM,False,
online_shoppers_intention,0,EBM (tuned),0.07355630143781478,2647.0863811969757,0.030605554580688477,roc_auc,binary,0.06696646788542382,hpo,ExplainableBM,tabarena-2026-07-13,tuned,EBM,False,
online_shoppers_intention,0,EBM (tuned + ensemble),0.07399577454079365,2647.0863811969757,0.2665746212005615,roc_auc,binary,0.06610155223167247,hpo,ExplainableBM,tabarena-2026-07-13,tuned_ensemble,EBM,False,
online_shoppers_intention,0,XT (default),0.08785750752218646,6.434125661849976,0.43917226791381836,roc_auc,binary,0.08035455658023838,config,ExtraTrees,tabarena-2026-07-13,default,XT,False,
online_shoppers_intention,0,XT (tuned),0.07439225079023692,1342.3394329547882,0.12330842018127441,roc_auc,binary,0.06909119134776576,hpo,ExtraTrees,tabarena-2026-07-13,tuned,XT,False,
online_shoppers_intention,0,XT (tuned + ensemble),0.07521824297657709,1342.3394329547882,1.2815570831298828,roc_auc,binary,0.06820624821223609,hpo,ExtraTrees,tabarena-2026-07-13,tuned_ensemble,XT,False,
online_shoppers_intention,0,KNN (default),0.2091326222106359,0.5342066287994385,0.06936383247375488,roc_auc,binary,0.20473127192839546,config,KNeighbors,tabarena-2025-10-20,default,KNN,False,
online_shoppers_intention,0,KNN (tuned),0.11386720942273787,734.1376571655273,0.21490883827209473,roc_auc,binary,0.09730980002389722,hpo,KNeighbors,tabarena-2025-10-20,tuned,KNN,False,
online_shoppers_intention,0,KNN (tuned + ensemble),0.0861367281838491,734.1376571655273,14.466466903686523,roc_auc,binary,0.07272572669208455,hpo,KNeighbors,tabarena-2025-10-20,tuned_ensemble,KNN,False,
online_shoppers_intention,0,GBM (default),0.07122179859006539,6.854250431060791,0.6053459644317627,roc_auc,binary,0.06455208140978985,config,LightGBM,tabarena-2025-06-12,default,GBM,False,
online_shoppers_intention,0,GBM (tuned),0.07375861294866082,1485.85080575943,0.1577897071838379,roc_auc,binary,0.0627805544693193,hpo,LightGBM,tabarena-2025-06-12,tuned,GBM,False,
online_shoppers_intention,0,GBM (tuned + ensemble),0.07157935137209748,1485.85080575943,2.627239227294922,roc_auc,binary,0.061700880847119444,hpo,LightGBM,tabarena-2025-06-12,tuned_ensemble,GBM,False,
online_shoppers_intention,0,LR (default),0.09822291741345412,4.056408166885376,0.20767855644226074,roc_auc,binary,0.08363555595384231,config,LinearModel,tabarena-2025-10-20,default,LR,False,
online_shoppers_intention,0,LR (tuned),0.09809121126209797,830.581490278244,0.18185019493103027,roc_auc,binary,0.08355284358559356,hpo,LinearModel,tabarena-2025-10-20,tuned,LR,False,
online_shoppers_intention,0,LR (tuned + ensemble),0.09145747565925488,830.581490278244,0.7042055130004883,roc_auc,binary,0.07761627933290605,hpo,LinearModel,tabarena-2025-10-20,tuned_ensemble,LR,False,
online_shoppers_intention,0,FASTAI (default),0.08021221436511305,16.998943567276,0.5364434719085693,roc_auc,binary,0.07453334835960213,config,NeuralNetFastAI,tabarena-2025-06-12,default,FASTAI,False,
online_shoppers_intention,0,FASTAI (tuned),0.0764350539316323,3856.0438706874847,1.0692412853240967,roc_auc,binary,0.06436097171078592,hpo,NeuralNetFastAI,tabarena-2025-06-12,tuned,FASTAI,False,
online_shoppers_intention,0,FASTAI (tuned + ensemble),0.07573873120358598,3856.0438706874847,18.06723141670227,roc_auc,binary,0.06105185465796226,hpo,NeuralNetFastAI,tabarena-2025-06-12,tuned_ensemble,FASTAI,False,
online_shoppers_intention,0,NN_TORCH (default),0.07563870694430874,23.134120225906372,0.2736239433288574,roc_auc,binary,0.0706920320946619,config,NeuralNetTorch,tabarena-2025-06-12,default,NN_TORCH,False,
online_shoppers_intention,0,NN_TORCH (tuned),0.06995882259226671,12029.057801961899,0.230332612991333,roc_auc,binary,0.0631053504379343,hpo,NeuralNetTorch,tabarena-2025-06-12,tuned,NN_TORCH,False,
online_shoppers_intention,0,NN_TORCH (tuned + ensemble),0.06851299681732759,12029.057801961899,5.87091326713562,roc_auc,binary,0.05947743434606767,hpo,NeuralNetTorch,tabarena-2025-06-12,tuned_ensemble,NN_TORCH,False,
online_shoppers_intention,0,RF (default),0.08156729414916919,2.2263519763946533,0.09228825569152832,roc_auc,binary,0.07587683030816517,config,RandomForest,tabarena-2025-06-12,default,RF,False,
online_shoppers_intention,0,RF (tuned),0.07630877896177535,852.9597027301788,0.15134143829345703,roc_auc,binary,0.06848465283887861,hpo,RandomForest,tabarena-2025-06-12,tuned,RF,False,
online_shoppers_intention,0,RF (tuned + ensemble),0.07401252068374953,852.9597027301788,2.196545124053955,roc_auc,binary,0.06647256981783822,hpo,RandomForest,tabarena-2025-06-12,tuned_ensemble,RF,False,
online_shoppers_intention,0,XGB (default),0.07076920013179677,5.107247352600098,0.49738574028015137,roc_auc,binary,0.064754392920636,config,XGBoost,tabarena-2025-06-12,default,XGB,False,
online_shoppers_intention,0,XGB (tuned),0.07224648149958546,1314.1967198848724,0.8332304954528809,roc_auc,binary,0.06315524941795836,hpo,XGBoost,tabarena-2025-06-12,tuned,XGB,False,
online_shoppers_intention,0,XGB (tuned + ensemble),0.07092398880452455,1314.1967198848724,3.0530710220336914,roc_auc,binary,0.061634688322597664,hpo,XGBoost,tabarena-2025-06-12,tuned_ensemble,XGB,False,
online_shoppers_intention,0,MITRA_GPU (default),0.06732764145512216,1132.353518486023,21.02645230293274,roc_auc,binary,0.061629709739556726,config,Mitra_GPU,tabarena-2025-09-03,default,MITRA_GPU,False,
online_shoppers_intention,0,MNCA_GPU (default),0.07226277504408318,21.238001108169556,0.6470282077789307,roc_auc,binary,0.06378696371608683,config,ModernNCA_GPU,tabarena-2025-06-12,default,MNCA_GPU,False,
online_shoppers_intention,0,MNCA_GPU (tuned),0.06895835370026393,9312.520686864853,0.512824296951294,roc_auc,binary,0.061604137926664526,hpo,ModernNCA_GPU,tabarena-2025-06-12,tuned,MNCA_GPU,False,
online_shoppers_intention,0,MNCA_GPU (tuned + ensemble),0.06964268256916606,9312.520686864853,9.542275190353394,roc_auc,binary,0.05688246108558459,hpo,ModernNCA_GPU,tabarena-2025-06-12,tuned_ensemble,MNCA_GPU,False,
online_shoppers_intention,0,REALMLP_GPU (default),0.07759212189019604,70.86385416984558,3.636448621749878,roc_auc,binary,0.06929327655938267,config,RealMLP_GPU,tabarena-2025-09-03,default,REALMLP_GPU,False,
online_shoppers_intention,0,REALMLP_GPU (tuned),0.07331778205030726,14515.279488563538,2.9398653507232666,roc_auc,binary,0.06271566316536503,hpo,RealMLP_GPU,tabarena-2025-09-03,tuned,REALMLP_GPU,False,
online_shoppers_intention,0,REALMLP_GPU (tuned + ensemble),0.07212880590043558,14515.279488563538,15.751454591751099,roc_auc,binary,0.05982197492242458,hpo,RealMLP_GPU,tabarena-2025-09-03,tuned_ensemble,REALMLP_GPU,False,
online_shoppers_intention,0,TABDPT_GPU (default),0.07619517674874987,411.895831823349,163.15961527824402,roc_auc,binary,0.06824732152232393,config,TabDPT_GPU,tabarena-2025-10-20,default,TABDPT_GPU,False,
online_shoppers_intention,0,TABDPT_GPU (tuned),0.07166647657531422,46966.75160932541,161.9913022518158,roc_auc,binary,0.06521666567095008,hpo,TabDPT_GPU,tabarena-2025-10-20,tuned,TABDPT_GPU,False,
online_shoppers_intention,0,TABDPT_GPU (tuned + ensemble),0.07103080204067591,46966.75160932541,2404.1248829364777,roc_auc,binary,0.06312537791971262,hpo,TabDPT_GPU,tabarena-2025-10-20,tuned_ensemble,TABDPT_GPU,False,
online_shoppers_intention,0,TABDPT_TURBO (default),0.06943109278992554,12.183810710906982,0.42857980728149414,roc_auc,binary,0.0627937929742236,config,TabDPT-Turbo,tabarena-2026-07-13,default,TABDPT_TURBO,False,
online_shoppers_intention,0,TABICL_GPU (default),0.06782708385382152,28.42918062210083,3.463611364364624,roc_auc,binary,0.062140014501254504,config,TabICL_GPU,tabarena-2025-06-12,default,TABICL_GPU,False,
online_shoppers_intention,0,TA-TABM (default),0.07068139603089252,16.297970294952393,0.3474388122558594,roc_auc,binary,0.06286750994811408,config,TabM,tabarena-2026-06-26,default,TA-TABM,False,
online_shoppers_intention,0,TA-TABM (tuned),0.0702994029321139,6509.099142551422,0.4367392063140869,roc_auc,binary,0.06163180300742621,hpo,TabM,tabarena-2026-06-26,tuned,TA-TABM,False,
online_shoppers_intention,0,TA-TABM (tuned + ensemble),0.06952229137926669,6509.099142551422,4.560053586959839,roc_auc,binary,0.06057176084335392,hpo,TabM,tabarena-2026-06-26,tuned_ensemble,TA-TABM,False,
online_shoppers_intention,0,TABPFNV2_GPU (default),0.0730534645506784,9.522693872451782,1.354217290878296,roc_auc,binary,0.06417993232747854,config,TabPFNv2_GPU,tabarena-2025-06-12,default,TABPFNV2_GPU,False,
online_shoppers_intention,0,TABPFNV2_GPU (tuned),0.06838853224130381,30007.59374308586,2.102423906326294,roc_auc,binary,0.06198228393854799,hpo,TabPFNv2_GPU,tabarena-2025-06-12,tuned,TABPFNV2_GPU,False,
online_shoppers_intention,0,TABPFNV2_GPU (tuned + ensemble),0.06766143281809522,30007.59374308586,323.97033500671387,roc_auc,binary,0.060514563713190195,hpo,TabPFNv2_GPU,tabarena-2025-06-12,tuned_ensemble,TABPFNV2_GPU,False,
online_shoppers_intention,0,XRFM_GPU (default),0.08867354254244475,14.162642478942871,3.5627541542053223,roc_auc,binary,0.086713847792949,config,xRFM_GPU,tabarena-2025-09-03,default,XRFM_GPU,False,
online_shoppers_intention,0,XRFM_GPU (tuned),0.0782719247745155,2586.104938030243,0.10933423042297363,roc_auc,binary,0.06785254251709916,hpo,xRFM_GPU,tabarena-2025-09-03,tuned,XRFM_GPU,False,
online_shoppers_intention,0,XRFM_GPU (tuned + ensemble),0.07721239178370864,2586.104938030243,5.292415142059326,roc_auc,binary,0.06577126850675097,hpo,xRFM_GPU,tabarena-2025-09-03,tuned_ensemble,XRFM_GPU,False,
online_shoppers_intention,0,BETA_GPU (default),0.06955759405901163,1813.6764588356018,4.028593063354492,roc_auc,binary,0.06275226706567749,config,BetaTabPFN_GPU,tabarena-2025-09-03,default,BETA_GPU,False,
online_shoppers_intention,0,TABFLEX_GPU (default),0.10517799792166793,6.311700344085693,0.32540106773376465,roc_auc,binary,0.086859697646126,config,TabFlex_GPU,tabarena-2025-09-03,default,TABFLEX_GPU,False,
online_shoppers_intention,0,REALTABPFN-V2.5 (default),0.06977800950818835,14.446117162704468,1.7637605667114258,roc_auc,binary,0.06303417933037159,config,RealTabPFN-v2.5,tabarena-2025-11-12,default,REALTABPFN-V2.5,False,
online_shoppers_intention,0,REALTABPFN-V2.5 (tuned),0.06727016145092202,7575.76647734642,2.6547000408172607,roc_auc,binary,0.06141817653512349,hpo,RealTabPFN-v2.5,tabarena-2025-11-12,tuned,REALTABPFN-V2.5,False,
online_shoppers_intention,0,REALTABPFN-V2.5 (tuned + ensemble),0.06710496301365398,7575.76647734642,11.347728490829468,roc_auc,binary,0.06126655605160347,hpo,RealTabPFN-v2.5,tabarena-2025-11-12,tuned_ensemble,REALTABPFN-V2.5,False,
online_shoppers_intention,0,SAP-RPT-OSS (default),0.07330352519887162,39.30967593193054,61.91635584831238,roc_auc,binary,0.0640181849534548,config,SAP-RPT-OSS,tabarena-2025-11-25,default,SAP-RPT-OSS,False,
online_shoppers_intention,0,TABICLV2 (default),0.06730365373683389,8.910847902297974,0.37784886360168457,roc_auc,binary,0.061571663987283864,config,TabICLv2,tabarena-2026-07-13,default,TABICLV2,False,
online_shoppers_intention,0,TABSTAR (default),0.0747778646766818,1026.5135388374329,8.426902055740356,roc_auc,binary,0.06615812703895618,config,TabSTAR,tabarena-2026-03-18,default,TABSTAR,False,
online_shoppers_intention,0,TABSTAR (tuned),0.07452169394930175,84355.67122387886,7.843487501144409,roc_auc,binary,0.06556754262572284,hpo,TabSTAR,tabarena-2026-03-18,tuned,TABSTAR,False,
online_shoppers_intention,0,TABSTAR (tuned + ensemble),0.0744574249682276,84355.67122387886,83.53164529800415,roc_auc,binary,0.06543238541112228,hpo,TabSTAR,tabarena-2026-03-18,tuned_ensemble,TABSTAR,False,
online_shoppers_intention,0,PB (default),0.08252589768378205,43.480005741119385,0.2142794132232666,roc_auc,binary,0.07727994210360534,config,PerpetualBooster,tabarena-2026-03-18,default,PB,False,
online_shoppers_intention,0,PB (tuned),0.07708294862464382,340.6740355491638,1.6452953815460205,roc_auc,binary,0.06839464232049042,hpo,PerpetualBooster,tabarena-2026-03-18,tuned,PB,False,
online_shoppers_intention,0,PB (tuned + ensemble),0.07626238761980286,340.6740355491638,2.6177704334259033,roc_auc,binary,0.06732436011629972,hpo,PerpetualBooster,tabarena-2026-03-18,tuned_ensemble,PB,False,
online_shoppers_intention,0,TABPFN-V2.6 (default),0.06642063414475174,14.578966617584229,1.022148609161377,roc_auc,binary,0.06165200021362649,config,TabPFN-v2.6,tabarena-2026-03-18,default,TABPFN-V2.6,False,
online_shoppers_intention,0,TA-LIMIX (default),0.06710088962752958,57.354974031448364,6.895689010620117,roc_auc,binary,0.06111255942617744,config,LimiX,tabarena-2026-05-13,default,TA-LIMIX,False,
online_shoppers_intention,0,TA-ORION-MSP (default),0.0840620168511459,64.81882309913635,10.186090230941772,roc_auc,binary,0.07369321247144112,config,OrionMSP,tabarena-2026-05-13,default,TA-ORION-MSP,False,
online_shoppers_intention,0,TA-TABPFN-3 (default),0.06602823128143287,23.471386909484863,0.6320583820343018,roc_auc,binary,0.060537306785718226,config,TabPFN-3,tabarena-2026-07-13,default,TA-TABPFN-3,False,
online_shoppers_intention,0,TA-ILTM (default),0.07245920277497175,1673.4223413467407,142.9093313217163,roc_auc,binary,0.061183843683354944,config,iLTM,tabarena-2026-05-13,default,TA-ILTM,False,
online_shoppers_intention,0,TA-ILTM (tuned),0.07245942907420078,55844.10820269585,142.9093313217163,roc_auc,binary,0.06118384368335483,hpo,iLTM,tabarena-2026-05-13,tuned,TA-ILTM,False,
online_shoppers_intention,0,TA-ILTM (tuned + ensemble),0.07171513090957804,55844.10820269585,969.0742349624634,roc_auc,binary,0.05960461451284116,hpo,iLTM,tabarena-2026-05-13,tuned_ensemble,TA-ILTM,False,
online_shoppers_intention,0,TA-NORI (default),0.08156729414916919,2.2263519763946533,0.09228825569152832,roc_auc,binary,0.07587683030816517,config,Nori,tabarena-2026-07-13,default,TA-NORI,True,
online_shoppers_intention,0,TA-NORI-30M (default),0.08156729414916919,2.2263519763946533,0.09228825569152832,roc_auc,binary,0.07587683030816517,config,Nori-30M,tabarena-2026-07-13,default,TA-NORI-30M,True,
online_shoppers_intention,0,TABFM (default),0.06498725482741508,178.01403427124023,26.728731632232666,roc_auc,binary,0.059344144100107576,config,TabFM,tabarena-2026-07-13,default,TABFM,False,
online_shoppers_intention,0,TA-TABSWIFT (default),0.07177736319758998,5.667421579360962,0.23854494094848633,roc_auc,binary,0.06361622094770503,config,TabSwift,tabarena-2026-07-13,default,TA-TABSWIFT,False,
online_shoppers_intention,0,TA-EXAONE-TABULAR (default),0.0658424396143138,19.098778247833252,1.486940622329712,roc_auc,binary,0.06052435115485022,config,EXAONE-Tabular,tabarena-2026-08-06,default,TA-EXAONE-TABULAR,False,
online_shoppers_intention,0,[Leakage] TabSTAR_base (default),0.0763420449484582,932.2054212093353,12.25350284576416,roc_auc,binary,0.06872232360427688,config,[Leakage] TabSTAR_base,[Leakage] TabSTAR_base,default,[Leakage] TabSTAR_base,False,
online_shoppers_intention,0,[Leakage] TabSTAR_correct (default),0.07672086985802895,1161.3037648200989,12.113620281219482,roc_auc,binary,0.06782544318441042,config,[Leakage] TabSTAR_correct,[Leakage] TabSTAR_correct,default,[Leakage] TabSTAR_correct,False,
online_shoppers_intention,0,[Leakage] TabSTAR_wrong (default),0.07603292020146069,888.548549413681,12.068497657775879,roc_auc,binary,0.067815599167943,config,[Leakage] TabSTAR_wrong,[Leakage] TabSTAR_wrong,default,[Leakage] TabSTAR_wrong,False,
physiochemical_protein,0,"AutoGluon 1.4 (best, 4h)",3.1469405907662393,14430.938169717789,345.0679795742035,rmse,regression,3.0976304017264766,baseline,AutoGluon_v140_bq_4h8c,tabarena-2025-11-01,,,False,
physiochemical_protein,0,"AutoGluon 1.5 (extreme, 4h)",3.0827102178874757,14411.904558897018,110.16137099266052,rmse,regression,3.0139965793467174,baseline,AutoGluon_v150_eq_4h8c,tabarena-2025-12-18,,,False,
physiochemical_protein,0,"AutoGluon 1.6 (extreme, 4h)",2.9499641693469134,304.4103147983551,4.2803966999053955,rmse,regression,2.8934492793906657,baseline,AutoGluon_16_extreme,tabarena-2026-08-05,,,False,
physiochemical_protein,0,"AutoGluon 1.6 (noncommercial, 4h)",2.933699385611609,331.8460032939911,7.322413206100464,rmse,regression,2.8770331822220627,baseline,AutoGluon_16_noncommercial,tabarena-2026-08-05,,,False,
physiochemical_protein,0,TabFM+,2.9435403635903654,119.9054741859436,188.53078365325928,rmse,regression,,baseline,TabFM+,tabarena-2026-07-07,,,False,
physiochemical_protein,0,CAT (default),3.5565968046197383,83.37998461723328,0.1660146713256836,rmse,regression,3.592784198810144,config,CatBoost,tabarena-2026-07-13,default,CAT,False,
physiochemical_protein,0,CAT (tuned),3.4315975676667363,27975.104756355286,0.21038269996643066,rmse,regression,3.443083912629997,hpo,CatBoost,tabarena-2026-07-13,tuned,CAT,False,
physiochemical_protein,0,CAT (tuned + ensemble),3.417648404768913,27975.104756355286,11.285308599472046,rmse,regression,3.4132472919451953,hpo,CatBoost,tabarena-2026-07-13,tuned_ensemble,CAT,False,
physiochemical_protein,0,CHIMERA (default),3.5151060546263473,20.71637487411499,2.1525213718414307,rmse,regression,3.5847206705554644,config,ChimeraBoost,tabarena-2026-08-10,default,CHIMERA,False,
physiochemical_protein,0,CHIMERA (tuned),3.460464885828328,5316.547843694687,8.248626470565796,rmse,regression,3.481668735050026,hpo,ChimeraBoost,tabarena-2026-08-10,tuned,CHIMERA,False,
physiochemical_protein,0,CHIMERA (tuned + ensemble),3.4396815463206427,5316.547843694687,27.5245099067688,rmse,regression,3.4261317767661685,hpo,ChimeraBoost,tabarena-2026-08-10,tuned_ensemble,CHIMERA,False,
physiochemical_protein,0,EBM (default),4.044075544589112,132.26384973526,0.09802103042602539,rmse,regression,4.050272553286154,config,ExplainableBM,tabarena-2026-07-13,default,EBM,False,
physiochemical_protein,0,EBM (tuned),4.0216532888747345,57244.27965784073,0.08916974067687988,rmse,regression,4.035833043677278,hpo,ExplainableBM,tabarena-2026-07-13,tuned,EBM,False,
physiochemical_protein,0,EBM (tuned + ensemble),4.016762391916293,57244.27965784073,1.1549534797668457,rmse,regression,4.004413115297795,hpo,ExplainableBM,tabarena-2026-07-13,tuned_ensemble,EBM,False,
physiochemical_protein,0,XT (default),3.597881410007579,20.30711603164673,1.2148420810699463,rmse,regression,3.580413733833195,config,ExtraTrees,tabarena-2026-07-13,default,XT,False,
physiochemical_protein,0,XT (tuned),3.4976313492907325,1470.3202834129333,0.2850501537322998,rmse,regression,3.509915693681401,hpo,ExtraTrees,tabarena-2026-07-13,tuned,XT,False,
physiochemical_protein,0,XT (tuned + ensemble),3.4901110880938417,1470.3202834129333,3.4940202236175537,rmse,regression,3.470418244383201,hpo,ExtraTrees,tabarena-2026-07-13,tuned_ensemble,XT,False,
physiochemical_protein,0,KNN (default),3.9576189527300247,1.8610637187957764,0.6689298152923584,rmse,regression,3.8948855070457986,config,KNeighbors,tabarena-2025-10-20,default,KNN,False,
physiochemical_protein,0,KNN (tuned),3.7679228553627073,612.6032516956329,0.7534964084625244,rmse,regression,3.656058631442151,hpo,KNeighbors,tabarena-2025-10-20,tuned,KNN,False,
physiochemical_protein,0,KNN (tuned + ensemble),3.6617882333893816,612.6032516956329,14.90712833404541,rmse,regression,3.5586807586803264,hpo,KNeighbors,tabarena-2025-10-20,tuned_ensemble,KNN,False,
physiochemical_protein,0,GBM (default),3.506379508181325,29.730858325958252,18.85889434814453,rmse,regression,3.579553179316267,config,LightGBM,tabarena-2025-06-12,default,GBM,False,
physiochemical_protein,0,GBM (tuned),3.412955642802246,7061.677674770355,52.76030445098877,rmse,regression,3.4284343381320994,hpo,LightGBM,tabarena-2025-06-12,tuned,GBM,False,
physiochemical_protein,0,GBM (tuned + ensemble),3.4164673155389975,7061.677674770355,230.03568291664124,rmse,regression,3.4188014630161963,hpo,LightGBM,tabarena-2025-06-12,tuned_ensemble,GBM,False,
physiochemical_protein,0,LR (default),5.167160964253382,3.980318307876587,0.2828714847564697,rmse,regression,5.21210180372023,config,LinearModel,tabarena-2025-10-20,default,LR,False,
physiochemical_protein,0,LR (tuned),5.147523862563759,832.0974633693695,0.03130483627319336,rmse,regression,5.203740944238039,hpo,LinearModel,tabarena-2025-10-20,tuned,LR,False,
physiochemical_protein,0,LR (tuned + ensemble),5.1100143052055875,832.0974633693695,0.5900008678436279,rmse,regression,5.155526262650105,hpo,LinearModel,tabarena-2025-10-20,tuned_ensemble,LR,False,
physiochemical_protein,0,FASTAI (default),4.039103985256281,40.158663511276245,1.9154925346374512,rmse,regression,4.033120300301945,config,NeuralNetFastAI,tabarena-2025-06-12,default,FASTAI,False,
physiochemical_protein,0,FASTAI (tuned),3.7333046209572123,9077.588103055954,1.9402446746826172,rmse,regression,3.781764473550156,hpo,NeuralNetFastAI,tabarena-2025-06-12,tuned,FASTAI,False,
physiochemical_protein,0,FASTAI (tuned + ensemble),3.7469120567074587,9077.588103055954,8.682497262954712,rmse,regression,3.7226421129572786,hpo,NeuralNetFastAI,tabarena-2025-06-12,tuned_ensemble,FASTAI,False,
physiochemical_protein,0,NN_TORCH (default),3.433310528400798,773.1114029884338,0.4345970153808594,rmse,regression,3.620367018301331,config,NeuralNetTorch,tabarena-2025-06-12,default,NN_TORCH,False,
physiochemical_protein,0,NN_TORCH (tuned),3.3479999179744806,156948.17694616318,0.4629056453704834,rmse,regression,3.4203175569217494,hpo,NeuralNetTorch,tabarena-2025-06-12,tuned,NN_TORCH,False,
physiochemical_protein,0,NN_TORCH (tuned + ensemble),3.262952015148354,156948.17694616318,7.535528659820557,rmse,regression,3.1935775766260193,hpo,NeuralNetTorch,tabarena-2025-06-12,tuned_ensemble,NN_TORCH,False,
physiochemical_protein,0,RF (default),3.5924123317113814,19.30116367340088,0.97334885597229,rmse,regression,3.5658488599389706,config,RandomForest,tabarena-2025-06-12,default,RF,False,
physiochemical_protein,0,RF (tuned),3.488896781276993,3138.18465256691,1.1870896816253662,rmse,regression,3.5120488696552496,hpo,RandomForest,tabarena-2025-06-12,tuned,RF,False,
physiochemical_protein,0,RF (tuned + ensemble),3.494403283549464,3138.18465256691,11.37579607963562,rmse,regression,3.4801375507414476,hpo,RandomForest,tabarena-2025-06-12,tuned_ensemble,RF,False,
physiochemical_protein,0,XGB (default),3.544370200455594,25.523741245269775,6.396469354629517,rmse,regression,3.648798920339992,config,XGBoost,tabarena-2025-06-12,default,XGB,False,
physiochemical_protein,0,XGB (tuned),3.4161055380672014,8821.309481143951,17.093920946121216,rmse,regression,3.4298021713065894,hpo,XGBoost,tabarena-2025-06-12,tuned,XGB,False,
physiochemical_protein,0,XGB (tuned + ensemble),3.4171880917338346,8821.309481143951,68.34611511230469,rmse,regression,3.422910339806988,hpo,XGBoost,tabarena-2025-06-12,tuned_ensemble,XGB,False,
physiochemical_protein,0,MITRA_GPU (default),3.5924123317113814,19.30116367340088,0.97334885597229,rmse,regression,3.5658488599389706,config,Mitra_GPU,tabarena-2025-09-03,default,MITRA_GPU,True,
physiochemical_protein,0,MNCA_GPU (default),3.239527822221463,209.46066331863403,1.491377353668213,rmse,regression,3.1930647818875406,config,ModernNCA_GPU,tabarena-2025-06-12,default,MNCA_GPU,False,
physiochemical_protein,0,MNCA_GPU (tuned),3.099574974705969,80129.77142810822,3.0594701766967773,rmse,regression,3.0690148895087694,hpo,ModernNCA_GPU,tabarena-2025-06-12,tuned,MNCA_GPU,False,
physiochemical_protein,0,MNCA_GPU (tuned + ensemble),3.0415539080363176,80129.77142810822,41.96838974952698,rmse,regression,2.951696666468085,hpo,ModernNCA_GPU,tabarena-2025-06-12,tuned_ensemble,MNCA_GPU,False,
physiochemical_protein,0,REALMLP_GPU (default),3.4791492880372212,180.15953516960144,4.327712059020996,rmse,regression,3.6350453050109883,config,RealMLP_GPU,tabarena-2025-09-03,default,REALMLP_GPU,False,
physiochemical_protein,0,REALMLP_GPU (tuned),3.1898924530553074,63802.079886198044,0.6621377468109131,rmse,regression,3.195611439925583,hpo,RealMLP_GPU,tabarena-2025-09-03,tuned,REALMLP_GPU,False,
physiochemical_protein,0,REALMLP_GPU (tuned + ensemble),3.1408546421628,63802.079886198044,26.572555541992188,rmse,regression,3.080727573751511,hpo,RealMLP_GPU,tabarena-2025-09-03,tuned_ensemble,REALMLP_GPU,False,
physiochemical_protein,0,TABDPT_GPU (default),2.9666137395572947,1257.62065076828,583.7751014232635,rmse,regression,2.9002090938714145,config,TabDPT_GPU,tabarena-2025-10-20,default,TABDPT_GPU,False,
physiochemical_protein,0,TABDPT_GPU (tuned),2.956096092811546,137958.93682599068,587.9752621650696,rmse,regression,2.88007263240561,hpo,TabDPT_GPU,tabarena-2025-10-20,tuned,TABDPT_GPU,False,
physiochemical_protein,0,TABDPT_GPU (tuned + ensemble),2.9379488616484686,137958.93682599068,6408.485966920853,rmse,regression,2.8682449462877986,hpo,TabDPT_GPU,tabarena-2025-10-20,tuned_ensemble,TABDPT_GPU,False,
physiochemical_protein,0,TABDPT_TURBO (default),2.9633191013901743,20.11089777946472,2.7091612815856934,rmse,regression,2.9091567873156485,config,TabDPT-Turbo,tabarena-2026-07-13,default,TABDPT_TURBO,False,
physiochemical_protein,0,TABICL_GPU (default),3.5924123317113814,19.30116367340088,0.97334885597229,rmse,regression,3.5658488599389706,config,TabICL_GPU,tabarena-2025-06-12,default,TABICL_GPU,True,RandomForest_c1_BAG_L1
physiochemical_protein,0,TA-TABM (default),3.4450082174598196,111.67576909065247,0.41605496406555176,rmse,regression,3.452428433539992,config,TabM,tabarena-2026-06-26,default,TA-TABM,False,
physiochemical_protein,0,TA-TABM (tuned),3.3289221877458286,91838.66971158981,1.0375325679779053,rmse,regression,3.3200956113152515,hpo,TabM,tabarena-2026-06-26,tuned,TA-TABM,False,
physiochemical_protein,0,TA-TABM (tuned + ensemble),3.2604591276017927,91838.66971158981,9.97829532623291,rmse,regression,3.202467882092284,hpo,TabM,tabarena-2026-06-26,tuned_ensemble,TA-TABM,False,
physiochemical_protein,0,TABPFNV2_GPU (default),3.5924123317113814,19.30116367340088,0.97334885597229,rmse,regression,3.5658488599389706,config,TabPFNv2_GPU,tabarena-2025-06-12,default,TABPFNV2_GPU,True,RandomForest_c1_BAG_L1
physiochemical_protein,0,TABPFNV2_GPU (tuned),3.5924123317113814,19.30116367340088,0.97334885597229,rmse,regression,3.5658488599389706,hpo,TabPFNv2_GPU,tabarena-2025-06-12,tuned,TABPFNV2_GPU,True,RandomForest_c1_BAG_L1
physiochemical_protein,0,TABPFNV2_GPU (tuned + ensemble),3.5924123317113814,19.30116367340088,0.97334885597229,rmse,regression,3.5658488599389706,hpo,TabPFNv2_GPU,tabarena-2025-06-12,tuned_ensemble,TABPFNV2_GPU,True,RandomForest_c1_BAG_L1
physiochemical_protein,0,XRFM_GPU (default),3.411995749326978,75.28157639503479,0.7301993370056152,rmse,regression,3.3726946365217323,config,xRFM_GPU,tabarena-2025-09-03,default,XRFM_GPU,False,
physiochemical_protein,0,XRFM_GPU (tuned),3.21836495719483,13370.192778587341,0.3746926784515381,rmse,regression,3.1811909547784487,hpo,xRFM_GPU,tabarena-2025-09-03,tuned,XRFM_GPU,False,
physiochemical_protein,0,XRFM_GPU (tuned + ensemble),3.198874036400458,13370.192778587341,7.928694486618042,rmse,regression,3.159007298858116,hpo,xRFM_GPU,tabarena-2025-09-03,tuned_ensemble,XRFM_GPU,False,
physiochemical_protein,0,BETA_GPU (default),3.5924123317113814,19.30116367340088,0.97334885597229,rmse,regression,3.5658488599389706,config,BetaTabPFN_GPU,tabarena-2025-09-03,default,BETA_GPU,True,
physiochemical_protein,0,TABFLEX_GPU (default),3.5924123317113814,19.30116367340088,0.97334885597229,rmse,regression,3.5658488599389706,config,TabFlex_GPU,tabarena-2025-09-03,default,TABFLEX_GPU,True,
physiochemical_protein,0,REALTABPFN-V2.5 (default),3.0541044966105044,48.26968955993652,7.691756725311279,rmse,regression,3.011867035893617,config,RealTabPFN-v2.5,tabarena-2025-11-12,default,REALTABPFN-V2.5,False,
physiochemical_protein,0,REALTABPFN-V2.5 (tuned),3.055780135784787,21295.665170907974,10.31580662727356,rmse,regression,3.0113466055154743,hpo,RealTabPFN-v2.5,tabarena-2025-11-12,tuned,REALTABPFN-V2.5,False,
physiochemical_protein,0,REALTABPFN-V2.5 (tuned + ensemble),3.023330070949071,21295.665170907974,177.57856369018555,rmse,regression,2.982436467787825,hpo,RealTabPFN-v2.5,tabarena-2025-11-12,tuned_ensemble,REALTABPFN-V2.5,False,
physiochemical_protein,0,SAP-RPT-OSS (default),3.533033069522969,247.87330555915833,114.70677208900452,rmse,regression,3.479326157428027,config,SAP-RPT-OSS,tabarena-2025-11-25,default,SAP-RPT-OSS,False,
physiochemical_protein,0,TABICLV2 (default),3.0272074791057055,14.385666847229004,1.565941333770752,rmse,regression,2.9518115444612896,config,TabICLv2,tabarena-2026-07-13,default,TABICLV2,False,
physiochemical_protein,0,TABSTAR (default),4.517771248708859,3450.045846939087,24.613627433776855,rmse,regression,4.521536802793168,config,TabSTAR,tabarena-2026-03-18,default,TABSTAR,False,
physiochemical_protein,0,TABSTAR (tuned),4.245702973729607,175156.00738549232,22.8618004322052,rmse,regression,4.247541355503112,hpo,TabSTAR,tabarena-2026-03-18,tuned,TABSTAR,False,
physiochemical_protein,0,TABSTAR (tuned + ensemble),4.243023151224656,175156.00738549232,97.11995267868042,rmse,regression,4.245351497236518,hpo,TabSTAR,tabarena-2026-03-18,tuned_ensemble,TABSTAR,False,
physiochemical_protein,0,PB (default),3.798305275501911,45.85126829147339,0.12020182609558105,rmse,regression,3.8118964023726716,config,PerpetualBooster,tabarena-2026-03-18,default,PB,False,
physiochemical_protein,0,PB (tuned),3.5886226198557396,543.0375893115997,2.949268341064453,rmse,regression,3.599593813987523,hpo,PerpetualBooster,tabarena-2026-03-18,tuned,PB,False,
physiochemical_protein,0,PB (tuned + ensemble),3.5664838277612336,543.0375893115997,4.38872766494751,rmse,regression,3.568450966464411,hpo,PerpetualBooster,tabarena-2026-03-18,tuned_ensemble,PB,False,
physiochemical_protein,0,TABPFN-V2.6 (default),3.075580210160842,84.68326616287231,10.704602241516113,rmse,regression,3.031159304857939,config,TabPFN-v2.6,tabarena-2026-03-18,default,TABPFN-V2.6,False,
physiochemical_protein,0,TA-LIMIX (default),3.2042365993895205,848.36345911026,273.5778796672821,rmse,regression,3.1583287813046605,config,LimiX,tabarena-2026-05-13,default,TA-LIMIX,False,
physiochemical_protein,0,TA-ORION-MSP (default),3.5924123317113814,19.30116367340088,0.97334885597229,rmse,regression,3.5658488599389706,config,OrionMSP,tabarena-2026-05-13,default,TA-ORION-MSP,True,
physiochemical_protein,0,TA-TABPFN-3 (default),2.959872777226885,25.62845802307129,3.112895965576172,rmse,regression,2.8992215056322883,config,TabPFN-3,tabarena-2026-07-13,default,TA-TABPFN-3,False,
physiochemical_protein,0,TA-ILTM (default),3.938930300183722,2643.5289096832275,304.8103630542755,rmse,regression,3.9840857620315373,config,iLTM,tabarena-2026-05-13,default,TA-ILTM,False,
physiochemical_protein,0,TA-ILTM (tuned),3.3489897917975213,65215.257947683334,8.670819759368896,rmse,regression,3.3661982861547126,hpo,iLTM,tabarena-2026-05-13,tuned,TA-ILTM,False,
physiochemical_protein,0,TA-ILTM (tuned + ensemble),3.264471563545934,65215.257947683334,760.4343385696411,rmse,regression,3.2001874063708082,hpo,iLTM,tabarena-2026-05-13,tuned_ensemble,TA-ILTM,False,
physiochemical_protein,0,TA-NORI (default),3.1817542595079087,56.52548599243164,9.92832064628601,rmse,regression,3.152124668929702,config,Nori,tabarena-2026-07-13,default,TA-NORI,False,
physiochemical_protein,0,TA-NORI-30M (default),3.221786293029198,148.06016969680786,28.666312217712402,rmse,regression,3.1911912142401113,config,Nori-30M,tabarena-2026-07-13,default,TA-NORI-30M,False,
physiochemical_protein,0,TABFM (default),2.9488560285040455,759.4700267314911,177.48297548294067,rmse,regression,2.9031175866886874,config,TabFM,tabarena-2026-07-13,default,TABFM,False,
physiochemical_protein,0,TA-TABSWIFT (default),3.180249326245263,14.978044986724854,1.9150748252868652,rmse,regression,3.104580699079718,config,TabSwift,tabarena-2026-07-13,default,TA-TABSWIFT,False,
physiochemical_protein,0,TA-EXAONE-TABULAR (default),2.9676677347768075,180.88889288902283,18.645236492156982,rmse,regression,2.90500330247257,config,EXAONE-Tabular,tabarena-2026-08-06,default,TA-EXAONE-TABULAR,False,
physiochemical_protein,0,[Leakage] TabSTAR_base (default),4.073029187087336,3439.8660707473755,40.437381982803345,rmse,regression,4.118001740196875,config,[Leakage] TabSTAR_base,[Leakage] TabSTAR_base,default,[Leakage] TabSTAR_base,False,
physiochemical_protein,0,[Leakage] TabSTAR_correct (default),4.14058463510905,3425.3597643375397,40.31748008728027,rmse,regression,4.168208894249262,config,[Leakage] TabSTAR_correct,[Leakage] TabSTAR_correct,default,[Leakage] TabSTAR_correct,False,
physiochemical_protein,0,[Leakage] TabSTAR_wrong (default),4.112781038623635,3369.487479686737,40.483445167541504,rmse,regression,4.130307130863397,config,[Leakage] TabSTAR_wrong,[Leakage] TabSTAR_wrong,default,[Leakage] TabSTAR_wrong,False,
polish_companies_bankruptcy,0,"AutoGluon 1.4 (best, 4h)",0.023057123612803987,6914.473029136658,1.3275434970855713,roc_auc,binary,0.02325472580947041,baseline,AutoGluon_v140_bq_4h8c,tabarena-2025-11-01,,,False,
polish_companies_bankruptcy,0,"AutoGluon 1.5 (extreme, 4h)",0.0026942074539740846,5539.26982998848,9.204412937164307,roc_auc,binary,0.0035003046340209565,baseline,AutoGluon_v150_eq_4h8c,tabarena-2025-12-18,,,False,
polish_companies_bankruptcy,0,"AutoGluon 1.6 (extreme, 4h)",0.0046266598242351575,59.17606043815613,1.2195732593536377,roc_auc,binary,0.004646166589014844,baseline,AutoGluon_16_extreme,tabarena-2026-08-05,,,False,
polish_companies_bankruptcy,0,"AutoGluon 1.6 (noncommercial, 4h)",0.004486336519340606,76.04894685745239,1.4568607807159424,roc_auc,binary,0.004022961042684514,baseline,AutoGluon_16_noncommercial,tabarena-2026-08-05,,,False,
polish_companies_bankruptcy,0,TabFM+,0.004694816858040962,78.66213297843933,22.591111660003662,roc_auc,binary,,baseline,TabFM+,tabarena-2026-07-07,,,False,
polish_companies_bankruptcy,0,CAT (default),0.029584161909038453,12.397509574890137,0.018839120864868164,roc_auc,binary,0.03847448042975299,config,CatBoost,tabarena-2026-07-13,default,CAT,False,
polish_companies_bankruptcy,0,CAT (tuned),0.03132417088972994,7606.537494897842,0.023244142532348633,roc_auc,binary,0.03654413609375562,hpo,CatBoost,tabarena-2026-07-13,tuned,CAT,False,
polish_companies_bankruptcy,0,CAT (tuned + ensemble),0.03053836038232083,7606.537494897842,0.2585141658782959,roc_auc,binary,0.03434499703330263,hpo,CatBoost,tabarena-2026-07-13,tuned_ensemble,CAT,False,
polish_companies_bankruptcy,0,CHIMERA (default),0.029977067162743065,9.463668584823608,0.06613326072692871,roc_auc,binary,0.04619585777374258,config,ChimeraBoost,tabarena-2026-08-10,default,CHIMERA,False,
polish_companies_bankruptcy,0,CHIMERA (tuned),0.026669446404515962,2224.855211496353,0.06651544570922852,roc_auc,binary,0.037025975525742605,hpo,ChimeraBoost,tabarena-2026-08-10,tuned,CHIMERA,False,
polish_companies_bankruptcy,0,CHIMERA (tuned + ensemble),0.023073160561934647,2224.855211496353,0.5944662094116211,roc_auc,binary,0.028145794258544687,hpo,ChimeraBoost,tabarena-2026-08-10,tuned_ensemble,CHIMERA,False,
polish_companies_bankruptcy,0,EBM (default),0.03433911732632,30.265691995620728,0.13255620002746582,roc_auc,binary,0.048961456827585015,config,ExplainableBM,tabarena-2026-07-13,default,EBM,False,
polish_companies_bankruptcy,0,EBM (tuned),0.031380300211687695,11314.364031076431,0.09252643585205078,roc_auc,binary,0.040315226524265224,hpo,ExplainableBM,tabarena-2026-07-13,tuned,EBM,False,
polish_companies_bankruptcy,0,EBM (tuned + ensemble),0.02802055936878567,11314.364031076431,0.8028969764709473,roc_auc,binary,0.03734852919508924,hpo,ExplainableBM,tabarena-2026-07-13,tuned_ensemble,EBM,False,
polish_companies_bankruptcy,0,XT (default),0.12865041054589765,7.779355764389038,0.735816240310669,roc_auc,binary,0.1381057338892404,config,ExtraTrees,tabarena-2026-07-13,default,XT,False,
polish_companies_bankruptcy,0,XT (tuned),0.11455593687856824,1227.2852249145508,0.1793231964111328,roc_auc,binary,0.11719300655859133,hpo,ExtraTrees,tabarena-2026-07-13,tuned,XT,False,
polish_companies_bankruptcy,0,XT (tuned + ensemble),0.10661764705882348,1227.2852249145508,1.6667706966400146,roc_auc,binary,0.10991016282987087,hpo,ExtraTrees,tabarena-2026-07-13,tuned_ensemble,XT,False,
polish_companies_bankruptcy,0,KNN (default),0.22135199499647185,0.6584615707397461,0.026166677474975586,roc_auc,binary,0.19205582169551738,config,KNeighbors,tabarena-2025-10-20,default,KNN,False,
polish_companies_bankruptcy,0,KNN (tuned),0.1722328244274809,499.71980357170105,0.19655513763427734,roc_auc,binary,0.15105815523194,hpo,KNeighbors,tabarena-2025-10-20,tuned,KNN,False,
polish_companies_bankruptcy,0,KNN (tuned + ensemble),0.15970796715632818,499.71980357170105,5.711326360702515,roc_auc,binary,0.13950545752844246,hpo,KNeighbors,tabarena-2025-10-20,tuned_ensemble,KNN,False,
polish_companies_bankruptcy,0,GBM (default),0.03713756494964404,8.67645812034607,0.6490709781646729,roc_auc,binary,0.05010632324656239,config,LightGBM,tabarena-2025-06-12,default,GBM,False,
polish_companies_bankruptcy,0,GBM (tuned),0.036245509654243335,2159.6580634117126,0.09354448318481445,roc_auc,binary,0.0429792809044246,hpo,LightGBM,tabarena-2025-06-12,tuned,GBM,False,
polish_companies_bankruptcy,0,GBM (tuned + ensemble),0.034671884020783916,2159.6580634117126,2.515528678894043,roc_auc,binary,0.040830914180813194,hpo,LightGBM,tabarena-2025-06-12,tuned_ensemble,GBM,False,
polish_companies_bankruptcy,0,LR (default),0.12734540381037907,5.57503080368042,0.5513484477996826,roc_auc,binary,0.13064916912564062,config,LinearModel,tabarena-2025-10-20,default,LR,False,
polish_companies_bankruptcy,0,LR (tuned),0.11122426069664504,1069.995937347412,0.42174649238586426,roc_auc,binary,0.11419246100485425,hpo,LinearModel,tabarena-2025-10-20,tuned,LR,False,
polish_companies_bankruptcy,0,LR (tuned + ensemble),0.09902816088267363,1069.995937347412,3.1048800945281982,roc_auc,binary,0.10352977250010953,hpo,LinearModel,tabarena-2025-10-20,tuned_ensemble,LR,False,
polish_companies_bankruptcy,0,FASTAI (default),0.14564757200590162,13.70175576210022,0.5681214332580566,roc_auc,binary,0.20187081128221052,config,NeuralNetFastAI,tabarena-2025-06-12,default,FASTAI,False,
polish_companies_bankruptcy,0,FASTAI (tuned),0.14719714221566493,2344.1142625808716,0.30547261238098145,roc_auc,binary,0.15034983135619884,hpo,NeuralNetFastAI,tabarena-2025-06-12,tuned,FASTAI,False,
polish_companies_bankruptcy,0,FASTAI (tuned + ensemble),0.13111007761883375,2344.1142625808716,12.332777738571167,roc_auc,binary,0.12802792279419084,hpo,NeuralNetFastAI,tabarena-2025-06-12,tuned_ensemble,FASTAI,False,
polish_companies_bankruptcy,0,NN_TORCH (default),0.09742446596959387,61.82354474067688,0.4172234535217285,roc_auc,binary,0.13001003500304642,config,NeuralNetTorch,tabarena-2025-06-12,default,NN_TORCH,False,
polish_companies_bankruptcy,0,NN_TORCH (tuned),0.03785922766052985,15276.417636156082,0.4108881950378418,roc_auc,binary,0.040846842757077284,hpo,NeuralNetTorch,tabarena-2025-06-12,tuned,NN_TORCH,False,
polish_companies_bankruptcy,0,NN_TORCH (tuned + ensemble),0.03519308486753481,15276.417636156082,5.950657844543457,roc_auc,binary,0.025725646202428343,hpo,NeuralNetTorch,tabarena-2025-06-12,tuned_ensemble,NN_TORCH,False,
polish_companies_bankruptcy,0,RF (default),0.06431017063313871,1.9077191352844238,0.06424641609191895,roc_auc,binary,0.09019655863109821,config,RandomForest,tabarena-2025-06-12,default,RF,False,
polish_companies_bankruptcy,0,RF (tuned),0.054407354544871334,2290.358302593231,0.19600272178649902,roc_auc,binary,0.07259498409133447,hpo,RandomForest,tabarena-2025-06-12,tuned,RF,False,
polish_companies_bankruptcy,0,RF (tuned + ensemble),0.050692796202450485,2290.358302593231,1.3191993236541748,roc_auc,binary,0.06454010218181672,hpo,RandomForest,tabarena-2025-06-12,tuned_ensemble,RF,False,
polish_companies_bankruptcy,0,XGB (default),0.033016069023029115,11.168999433517456,0.13991117477416992,roc_auc,binary,0.044141071435682466,config,XGBoost,tabarena-2025-06-12,default,XGB,False,
polish_companies_bankruptcy,0,XGB (tuned),0.03567218872281741,4872.136126279831,0.1729755401611328,roc_auc,binary,0.04324011134074812,hpo,XGBoost,tabarena-2025-06-12,tuned,XGB,False,
polish_companies_bankruptcy,0,XGB (tuned + ensemble),0.03413464622490214,4872.136126279831,0.5907120704650879,roc_auc,binary,0.04197378952775754,hpo,XGBoost,tabarena-2025-06-12,tuned_ensemble,XGB,False,
polish_companies_bankruptcy,0,MITRA_GPU (default),0.0195771056514209,1408.2841310501099,14.849059343338013,roc_auc,binary,0.03011148012312792,config,Mitra_GPU,tabarena-2025-09-03,default,MITRA_GPU,False,
polish_companies_bankruptcy,0,MNCA_GPU (default),0.0349485213932903,85.39880299568176,1.105128288269043,roc_auc,binary,0.054687282226496325,config,ModernNCA_GPU,tabarena-2025-06-12,default,MNCA_GPU,False,
polish_companies_bankruptcy,0,MNCA_GPU (tuned),0.025847552761562587,18196.89922642708,0.9975595474243164,roc_auc,binary,0.03376161292763247,hpo,ModernNCA_GPU,tabarena-2025-06-12,tuned,MNCA_GPU,False,
polish_companies_bankruptcy,0,MNCA_GPU (tuned + ensemble),0.024805151068060804,18196.89922642708,27.374778985977173,roc_auc,binary,0.01864240744501655,hpo,ModernNCA_GPU,tabarena-2025-06-12,tuned_ensemble,MNCA_GPU,False,
polish_companies_bankruptcy,0,REALMLP_GPU (default),0.030141445891333496,38.241373777389526,3.3772616386413574,roc_auc,binary,0.04472545107736903,config,RealMLP_GPU,tabarena-2025-09-03,default,REALMLP_GPU,False,
polish_companies_bankruptcy,0,REALMLP_GPU (tuned),0.03293989351465776,13426.887768983841,0.7343387603759766,roc_auc,binary,0.027893923646369667,hpo,RealMLP_GPU,tabarena-2025-09-03,tuned,REALMLP_GPU,False,
polish_companies_bankruptcy,0,REALMLP_GPU (tuned + ensemble),0.026585252421579275,13426.887768983841,27.355530738830566,roc_auc,binary,0.01986492567328102,hpo,RealMLP_GPU,tabarena-2025-09-03,tuned_ensemble,REALMLP_GPU,False,
polish_companies_bankruptcy,0,TABDPT_GPU (default),0.03393618897940853,243.45193243026733,77.37778925895691,roc_auc,binary,0.04232521374158282,config,TabDPT_GPU,tabarena-2025-10-20,default,TABDPT_GPU,False,
polish_companies_bankruptcy,0,TABDPT_GPU (tuned),0.021683959843479372,30817.27125787735,77.8112211227417,roc_auc,binary,0.022608125166752258,hpo,TabDPT_GPU,tabarena-2025-10-20,tuned,TABDPT_GPU,False,
polish_companies_bankruptcy,0,TABDPT_GPU (tuned + ensemble),0.0203188145487202,30817.27125787735,865.2563891410828,roc_auc,binary,0.015138120666929433,hpo,TabDPT_GPU,tabarena-2025-10-20,tuned_ensemble,TABDPT_GPU,False,
polish_companies_bankruptcy,0,TABDPT_TURBO (default),0.03443734363974604,9.29957914352417,0.2088940143585205,roc_auc,binary,0.04062882036946325,config,TabDPT-Turbo,tabarena-2026-07-13,default,TABDPT_TURBO,False,
polish_companies_bankruptcy,0,TABICL_GPU (default),0.025811469626018435,27.01539134979248,3.5672378540039062,roc_auc,binary,0.029914861759868683,config,TabICL_GPU,tabarena-2025-06-12,default,TABICL_GPU,False,
polish_companies_bankruptcy,0,TA-TABM (default),0.039956058759381685,26.541971921920776,0.4007987976074219,roc_auc,binary,0.07686931797818575,config,TabM,tabarena-2026-06-26,default,TA-TABM,False,
polish_companies_bankruptcy,0,TA-TABM (tuned),0.024143626916415473,6622.434290409088,0.45114994049072266,roc_auc,binary,0.02883370964594756,hpo,TabM,tabarena-2026-06-26,tuned,TA-TABM,False,
polish_companies_bankruptcy,0,TA-TABM (tuned + ensemble),0.02486128039001856,6622.434290409088,2.9284920692443848,roc_auc,binary,0.0258690033888046,hpo,TabM,tabarena-2026-06-26,tuned_ensemble,TA-TABM,False,
polish_companies_bankruptcy,0,TABPFNV2_GPU (default),0.03547373147732369,14.239903450012207,1.1280510425567627,roc_auc,binary,0.047061974108099314,config,TabPFNv2_GPU,tabarena-2025-06-12,default,TABPFNV2_GPU,False,
polish_companies_bankruptcy,0,TABPFNV2_GPU (tuned),0.019955978574635935,30745.109215974808,3.9198830127716064,roc_auc,binary,0.02655194109612502,hpo,TabPFNv2_GPU,tabarena-2025-06-12,tuned,TABPFNV2_GPU,False,
polish_companies_bankruptcy,0,TABPFNV2_GPU (tuned + ensemble),0.017223683366476394,30745.109215974808,296.0691397190094,roc_auc,binary,0.019651880965749546,hpo,TabPFNv2_GPU,tabarena-2025-06-12,tuned_ensemble,TABPFNV2_GPU,False,
polish_companies_bankruptcy,0,XRFM_GPU (default),0.07109780935274879,7.9058146476745605,0.771214485168457,roc_auc,binary,0.07429784844756115,config,xRFM_GPU,tabarena-2025-09-03,default,XRFM_GPU,False,
polish_companies_bankruptcy,0,XRFM_GPU (tuned),0.04748941561357367,1957.574123620987,0.2525608539581299,roc_auc,binary,0.06086109883283353,hpo,xRFM_GPU,tabarena-2025-09-03,tuned,XRFM_GPU,False,
polish_companies_bankruptcy,0,XRFM_GPU (tuned + ensemble),0.048435595612290716,1957.574123620987,4.190838098526001,roc_auc,binary,0.0430917764742893,hpo,xRFM_GPU,tabarena-2025-09-03,tuned_ensemble,XRFM_GPU,False,
polish_companies_bankruptcy,0,BETA_GPU (default),0.028942683943806613,846.6668472290039,4.164196729660034,roc_auc,binary,0.04060094536100123,config,BetaTabPFN_GPU,tabarena-2025-09-03,default,BETA_GPU,False,
polish_companies_bankruptcy,0,TABFLEX_GPU (default),0.15804814292129066,4.0147480964660645,0.2912614345550537,roc_auc,binary,0.15139514417352595,config,TabFlex_GPU,tabarena-2025-09-03,default,TABFLEX_GPU,False,
polish_companies_bankruptcy,0,REALTABPFN-V2.5 (default),0.018023526204374862,17.200260162353516,1.9599378108978271,roc_auc,binary,0.016818087694776662,config,RealTabPFN-v2.5,tabarena-2025-11-12,default,REALTABPFN-V2.5,False,
polish_companies_bankruptcy,0,REALTABPFN-V2.5 (tuned),0.011741051382385015,13375.608642101288,3.95180606842041,roc_auc,binary,0.010410320124561445,hpo,RealTabPFN-v2.5,tabarena-2025-11-12,tuned,REALTABPFN-V2.5,False,
polish_companies_bankruptcy,0,REALTABPFN-V2.5 (tuned + ensemble),0.010295721341971875,13375.608642101288,25.221141815185547,roc_auc,binary,0.006878158338012308,hpo,RealTabPFN-v2.5,tabarena-2025-11-12,tuned_ensemble,REALTABPFN-V2.5,False,
polish_companies_bankruptcy,0,SAP-RPT-OSS (default),0.03158477131310544,32.63795757293701,4.098732233047485,roc_auc,binary,0.04363285029925812,config,SAP-RPT-OSS,tabarena-2025-11-25,default,SAP-RPT-OSS,False,
polish_companies_bankruptcy,0,TABICLV2 (default),0.01552376675861189,7.735180139541626,0.3915085792541504,roc_auc,binary,0.019601606396916216,config,TabICLv2,tabarena-2026-07-13,default,TABICLV2,False,
polish_companies_bankruptcy,0,TABSTAR (default),0.1518739175059336,2530.15660405159,16.57668447494507,roc_auc,binary,0.1471317611828562,config,TabSTAR,tabarena-2026-03-18,default,TABSTAR,False,
polish_companies_bankruptcy,0,TABSTAR (tuned),0.05893979729296295,167408.38667988777,18.606669902801514,roc_auc,binary,0.09175108812086608,hpo,TabSTAR,tabarena-2026-03-18,tuned,TABSTAR,False,
polish_companies_bankruptcy,0,TABSTAR (tuned + ensemble),0.0597576816986336,167408.38667988777,34.85018277168274,roc_auc,binary,0.09134938933820747,hpo,TabSTAR,tabarena-2026-03-18,tuned_ensemble,TABSTAR,False,
polish_companies_bankruptcy,0,PB (default),0.03901388799794736,2684.390007019043,0.1024770736694336,roc_auc,binary,0.10166115139713527,config,PerpetualBooster,tabarena-2026-03-18,default,PB,False,
polish_companies_bankruptcy,0,PB (tuned),0.03798351401629352,15088.544877052307,0.21602153778076172,roc_auc,binary,0.10729837409057785,hpo,PerpetualBooster,tabarena-2026-03-18,tuned,PB,False,
polish_companies_bankruptcy,0,PB (tuned + ensemble),0.04591178074283153,15088.544877052307,0.35794615745544434,roc_auc,binary,0.090985520924176,hpo,PerpetualBooster,tabarena-2026-03-18,tuned_ensemble,PB,False,
polish_companies_bankruptcy,0,TABPFN-V2.6 (default),0.011927480916030575,22.66304302215576,1.1137304306030273,roc_auc,binary,0.0129046356139072,config,TabPFN-v2.6,tabarena-2026-03-18,default,TABPFN-V2.6,False,
polish_companies_bankruptcy,0,TA-LIMIX (default),0.02158974276733594,63.63533663749695,8.901851892471313,roc_auc,binary,0.022216381744258662,config,LimiX,tabarena-2026-05-13,default,TA-LIMIX,False,
polish_companies_bankruptcy,0,TA-ORION-MSP (default),0.04502774392199638,58.097119092941284,6.382553577423096,roc_auc,binary,0.05558674901740601,config,OrionMSP,tabarena-2026-05-13,default,TA-ORION-MSP,False,
polish_companies_bankruptcy,0,TA-TABPFN-3 (default),0.015307267945346203,18.379709482192993,0.6344921588897705,roc_auc,binary,0.016892255128006073,config,TabPFN-3,tabarena-2026-07-13,default,TA-TABPFN-3,False,
polish_companies_bankruptcy,0,TA-ILTM (default),0.03931057155686701,1065.4865045547485,129.67836451530457,roc_auc,binary,0.05516762835445865,config,iLTM,tabarena-2026-05-13,default,TA-ILTM,False,
polish_companies_bankruptcy,0,TA-ILTM (tuned),0.031235967669510534,52946.87838125229,84.6037609577179,roc_auc,binary,0.036678533455983375,hpo,iLTM,tabarena-2026-05-13,tuned,TA-ILTM,False,
polish_companies_bankruptcy,0,TA-ILTM (tuned + ensemble),0.031139745974725797,52946.87838125229,691.3308618068695,roc_auc,binary,0.03464067123020376,hpo,iLTM,tabarena-2026-05-13,tuned_ensemble,TA-ILTM,False,
polish_companies_bankruptcy,0,TA-NORI (default),0.06431017063313871,1.9077191352844238,0.06424641609191895,roc_auc,binary,0.09019655863109821,config,Nori,tabarena-2026-07-13,default,TA-NORI,True,
polish_companies_bankruptcy,0,TA-NORI-30M (default),0.06431017063313871,1.9077191352844238,0.06424641609191895,roc_auc,binary,0.09019655863109821,config,Nori-30M,tabarena-2026-07-13,default,TA-NORI-30M,True,
polish_companies_bankruptcy,0,TABFM (default),0.004843158637500733,147.13211798667908,19.204809427261353,roc_auc,binary,0.007301758913033973,config,TabFM,tabarena-2026-07-13,default,TABFM,False,
polish_companies_bankruptcy,0,TA-TABSWIFT (default),0.07047036371800619,4.672631740570068,0.08996725082397461,roc_auc,binary,0.07624810350388855,config,TabSwift,tabarena-2026-07-13,default,TA-TABSWIFT,False,
polish_companies_bankruptcy,0,TA-EXAONE-TABULAR (default),0.00870004490345766,19.19318723678589,2.027468204498291,roc_auc,binary,0.011580074943951302,config,EXAONE-Tabular,tabarena-2026-08-06,default,TA-EXAONE-TABULAR,False,
polish_companies_bankruptcy,0,[Leakage] TabSTAR_base (default),0.048166976714349885,2092.1898214817047,27.879552841186523,roc_auc,binary,0.08218896468236414,config,[Leakage] TabSTAR_base,[Leakage] TabSTAR_base,default,[Leakage] TabSTAR_base,False,
polish_companies_bankruptcy,0,[Leakage] TabSTAR_correct (default),0.05366364102893062,2462.8534033298492,27.978261947631836,roc_auc,binary,0.08790334141708578,config,[Leakage] TabSTAR_correct,[Leakage] TabSTAR_correct,default,[Leakage] TabSTAR_correct,False,
polish_companies_bankruptcy,0,[Leakage] TabSTAR_wrong (default),0.06431017063313871,1.9077191352844238,0.06424641609191895,roc_auc,binary,0.09019655863109821,config,[Leakage] TabSTAR_wrong,[Leakage] TabSTAR_wrong,default,[Leakage] TabSTAR_wrong,True,
qsar-biodeg,0,"AutoGluon 1.4 (best, 4h)",0.06856133011144372,4734.4050052165985,0.5257649421691895,roc_auc,binary,0.04446424674474436,baseline,AutoGluon_v140_bq_4h8c,tabarena-2025-11-01,,,False,
qsar-biodeg,0,"AutoGluon 1.5 (extreme, 4h)",0.06657770404299057,160.1932921409607,1.0527818202972412,roc_auc,binary,0.058385465919837065,baseline,AutoGluon_v150_eq_4h8c,tabarena-2025-12-18,,,False,
qsar-biodeg,0,"AutoGluon 1.6 (extreme, 4h)",0.06123994662242571,16.12646794319153,0.24336671829223633,roc_auc,binary,0.06020404451880401,baseline,AutoGluon_16_extreme,tabarena-2026-08-05,,,False,
qsar-biodeg,0,"AutoGluon 1.6 (noncommercial, 4h)",0.06217766076387621,24.542832851409912,0.4705348014831543,roc_auc,binary,0.05997672219393313,baseline,AutoGluon_16_noncommercial,tabarena-2026-08-05,,,False,
qsar-biodeg,0,TabFM+,0.06470227576008936,19.01306390762329,2.911139965057373,roc_auc,binary,,baseline,TabFM+,tabarena-2026-07-07,,,False,
qsar-biodeg,0,CAT (default),0.07498106538752847,9.118683576583862,0.03584480285644531,roc_auc,binary,0.061195169855241094,config,CatBoost,tabarena-2026-07-13,default,CAT,False,
qsar-biodeg,0,CAT (tuned),0.07393515346052582,2773.3083493709564,0.04062914848327637,roc_auc,binary,0.05701243907761688,hpo,CatBoost,tabarena-2026-07-13,tuned,CAT,False,
qsar-biodeg,0,CAT (tuned + ensemble),0.07382695567497388,2773.3083493709564,0.28751468658447266,roc_auc,binary,0.05250236415217868,hpo,CatBoost,tabarena-2026-07-13,tuned_ensemble,CAT,False,
qsar-biodeg,0,CHIMERA (default),0.08028275687957576,10.719291687011719,0.028901338577270508,roc_auc,binary,0.057148832472539324,config,ChimeraBoost,tabarena-2026-08-10,default,CHIMERA,False,
qsar-biodeg,0,CHIMERA (tuned),0.07584664767194427,1890.523438692093,0.03400015830993652,roc_auc,binary,0.05487560922383061,hpo,ChimeraBoost,tabarena-2026-08-10,tuned,CHIMERA,False,
qsar-biodeg,0,CHIMERA (tuned + ensemble),0.07584664767194427,1890.523438692093,0.4053974151611328,roc_auc,binary,0.04941078053393466,hpo,ChimeraBoost,tabarena-2026-08-10,tuned_ensemble,CHIMERA,False,
qsar-biodeg,0,EBM (default),0.06571212175857477,14.545249700546265,0.022852182388305664,roc_auc,binary,0.06408670982759879,config,ExplainableBM,tabarena-2026-07-13,default,EBM,False,
qsar-biodeg,0,EBM (tuned),0.06654163811447322,3732.336091518402,0.0201413631439209,roc_auc,binary,0.058721902960645944,hpo,ExplainableBM,tabarena-2026-07-13,tuned,EBM,False,
qsar-biodeg,0,EBM (tuned + ensemble),0.06502686911674538,3732.336091518402,0.23451924324035645,roc_auc,binary,0.053575325525569206,hpo,ExplainableBM,tabarena-2026-07-13,tuned_ensemble,EBM,False,
qsar-biodeg,0,XT (default),0.07196956035633129,6.8148205280303955,0.5577082633972168,roc_auc,binary,0.06315923474212559,config,ExtraTrees,tabarena-2026-07-13,default,XT,False,
qsar-biodeg,0,XT (tuned),0.07324990081869653,1232.4143862724304,0.21118855476379395,roc_auc,binary,0.06182712591838224,hpo,ExtraTrees,tabarena-2026-07-13,tuned,XT,False,
qsar-biodeg,0,XT (tuned + ensemble),0.07177119774948604,1232.4143862724304,1.2088181972503662,roc_auc,binary,0.05906743289444971,hpo,ExtraTrees,tabarena-2026-07-13,tuned_ensemble,XT,False,
qsar-biodeg,0,KNN (default),0.09036318390016951,0.42952704429626465,0.008808374404907227,roc_auc,binary,0.0930112024441696,config,KNeighbors,tabarena-2025-10-20,default,KNN,False,
qsar-biodeg,0,KNN (tuned),0.08067948209326647,97.14509606361389,0.01332855224609375,roc_auc,binary,0.08329999272568556,hpo,KNeighbors,tabarena-2025-10-20,tuned,KNN,False,
qsar-biodeg,0,KNN (tuned + ensemble),0.07884011973888272,97.14509606361389,0.5372049808502197,roc_auc,binary,0.06959700298246885,hpo,KNeighbors,tabarena-2025-10-20,tuned_ensemble,KNN,False,
qsar-biodeg,0,GBM (default),0.08298770151837553,4.0968337059021,0.03220486640930176,roc_auc,binary,0.06470502655124755,config,LightGBM,tabarena-2025-06-12,default,GBM,False,
qsar-biodeg,0,GBM (tuned),0.08504345944386338,1008.5987064838409,0.2889828681945801,roc_auc,binary,0.05901287553648071,hpo,LightGBM,tabarena-2025-06-12,tuned,GBM,False,
qsar-biodeg,0,GBM (tuned + ensemble),0.07743354852670681,1008.5987064838409,1.0243163108825684,roc_auc,binary,0.05546664726849493,hpo,LightGBM,tabarena-2025-06-12,tuned_ensemble,GBM,False,
qsar-biodeg,0,LR (default),0.10307642370252834,4.237924575805664,0.19709372520446777,roc_auc,binary,0.09988542954826507,config,LinearModel,tabarena-2025-10-20,default,LR,False,
qsar-biodeg,0,LR (tuned),0.07902044938146935,809.5602054595947,0.06336212158203125,roc_auc,binary,0.07807157925365538,hpo,LinearModel,tabarena-2025-10-20,tuned,LR,False,
qsar-biodeg,0,LR (tuned + ensemble),0.07934504273812526,809.5602054595947,0.9554328918457031,roc_auc,binary,0.0774532625300065,hpo,LinearModel,tabarena-2025-10-20,tuned_ensemble,LR,False,
qsar-biodeg,0,FASTAI (default),0.06762361596999311,6.504905700683594,0.22560954093933105,roc_auc,binary,0.06587800974758129,config,NeuralNetFastAI,tabarena-2025-06-12,default,FASTAI,False,
qsar-biodeg,0,FASTAI (tuned),0.06437768240343344,2064.2218239307404,0.29415059089660645,roc_auc,binary,0.052966101694915224,hpo,NeuralNetFastAI,tabarena-2025-06-12,tuned,FASTAI,False,
qsar-biodeg,0,FASTAI (tuned + ensemble),0.06578425361560936,2064.2218239307404,6.4066479206085205,roc_auc,binary,0.04139084891249001,hpo,NeuralNetFastAI,tabarena-2025-06-12,tuned_ensemble,FASTAI,False,
qsar-biodeg,0,NN_TORCH (default),0.08186965773433841,10.397483825683594,0.14620447158813477,roc_auc,binary,0.0728977231395942,config,NeuralNetTorch,tabarena-2025-06-12,default,NN_TORCH,False,
qsar-biodeg,0,NN_TORCH (tuned),0.08143686659213045,3039.5505542755127,0.16089916229248047,roc_auc,binary,0.060622317596566555,hpo,NeuralNetTorch,tabarena-2025-06-12,tuned,NN_TORCH,False,
qsar-biodeg,0,NN_TORCH (tuned + ensemble),0.07974176795181587,3039.5505542755127,3.4640159606933594,roc_auc,binary,0.04608278169782498,hpo,NeuralNetTorch,tabarena-2025-06-12,tuned_ensemble,NN_TORCH,False,
qsar-biodeg,0,RF (default),0.07889421863165869,0.5661170482635498,0.053967952728271484,roc_auc,binary,0.0720111660725975,config,RandomForest,tabarena-2025-06-12,default,RF,False,
qsar-biodeg,0,RF (tuned),0.08911890936632161,679.1137788295746,0.12772154808044434,roc_auc,binary,0.06768749545355346,hpo,RandomForest,tabarena-2025-06-12,tuned,RF,False,
qsar-biodeg,0,RF (tuned + ensemble),0.08937137086594293,679.1137788295746,1.0156497955322266,roc_auc,binary,0.0648414199461701,hpo,RandomForest,tabarena-2025-06-12,tuned_ensemble,RF,False,
qsar-biodeg,0,XGB (default),0.0955025787138889,3.597618341445923,0.1942141056060791,roc_auc,binary,0.06269095075289155,config,XGBoost,tabarena-2025-06-12,default,XGB,False,
qsar-biodeg,0,XGB (tuned),0.0828073718757889,1339.5554134845734,0.0746006965637207,roc_auc,binary,0.05954935622317592,hpo,XGBoost,tabarena-2025-06-12,tuned,XGB,False,
qsar-biodeg,0,XGB (tuned + ensemble),0.08143686659213045,1339.5554134845734,0.7368199825286865,roc_auc,binary,0.05774896341019864,hpo,XGBoost,tabarena-2025-06-12,tuned_ensemble,XGB,False,
qsar-biodeg,0,MITRA_GPU (default),0.07202365924910725,156.36425256729126,2.5864367485046387,roc_auc,binary,0.0627227758783735,config,Mitra_GPU,tabarena-2025-09-03,default,MITRA_GPU,False,
qsar-biodeg,0,MNCA_GPU (default),0.07458434017383786,13.36586618423462,0.18740582466125488,roc_auc,binary,0.0838273805193861,config,ModernNCA_GPU,tabarena-2025-06-12,default,MNCA_GPU,False,
qsar-biodeg,0,MNCA_GPU (tuned),0.07256464817686736,6325.773305654526,0.2789340019226074,roc_auc,binary,0.054484614825052735,hpo,ModernNCA_GPU,tabarena-2025-06-12,tuned,MNCA_GPU,False,
qsar-biodeg,0,MNCA_GPU (tuned + ensemble),0.07451220831680316,6325.773305654526,6.400612831115723,roc_auc,binary,0.028851749472612154,hpo,ModernNCA_GPU,tabarena-2025-06-12,tuned_ensemble,MNCA_GPU,False,
qsar-biodeg,0,REALMLP_GPU (default),0.0677678796840624,21.586971044540405,4.198752403259277,roc_auc,binary,0.07357059722121184,config,RealMLP_GPU,tabarena-2025-09-03,default,REALMLP_GPU,False,
qsar-biodeg,0,REALMLP_GPU (tuned),0.06921051682475565,4592.849108219147,0.9148919582366943,roc_auc,binary,0.056339564995999125,hpo,RealMLP_GPU,tabarena-2025-09-03,tuned,REALMLP_GPU,False,
qsar-biodeg,0,REALMLP_GPU (tuned + ensemble),0.06978757168103289,4592.849108219147,25.459993362426758,roc_auc,binary,0.04348221430130206,hpo,RealMLP_GPU,tabarena-2025-09-03,tuned_ensemble,REALMLP_GPU,False,
qsar-biodeg,0,TABDPT_GPU (default),0.06942691239585952,30.596445560455322,16.252436876296997,roc_auc,binary,0.06335018549501714,config,TabDPT_GPU,tabarena-2025-10-20,default,TABDPT_GPU,False,
qsar-biodeg,0,TABDPT_GPU (tuned),0.06702852814945726,7297.171932935715,16.139663457870483,roc_auc,binary,0.06096330108387282,hpo,TabDPT_GPU,tabarena-2025-10-20,tuned,TABDPT_GPU,False,
qsar-biodeg,0,TABDPT_GPU (tuned + ensemble),0.06470227576008947,7297.171932935715,185.2111256122589,roc_auc,binary,0.05936749836327926,hpo,TabDPT_GPU,tabarena-2025-10-20,tuned_ensemble,TABDPT_GPU,False,
qsar-biodeg,0,TABDPT_TURBO (default),0.0644137483319509,8.078519582748413,0.1409311294555664,roc_auc,binary,0.06454135447734055,config,TabDPT-Turbo,tabarena-2026-07-13,default,TABDPT_TURBO,False,
qsar-biodeg,0,TABICL_GPU (default),0.06127601255094306,10.708236932754517,0.9650697708129883,roc_auc,binary,0.06504601003855393,config,TabICL_GPU,tabarena-2025-06-12,default,TABICL_GPU,False,
qsar-biodeg,0,TA-TABM (default),0.0726007141053846,9.241919040679932,0.2830231189727783,roc_auc,binary,0.06295009820324426,config,TabM,tabarena-2026-06-26,default,TA-TABM,False,
qsar-biodeg,0,TA-TABM (tuned),0.07285317560500593,2666.8796575069427,0.36162471771240234,roc_auc,binary,0.060008547319415184,hpo,TabM,tabarena-2026-06-26,tuned,TA-TABM,False,
qsar-biodeg,0,TA-TABM (tuned + ensemble),0.06715475889926781,2666.8796575069427,4.081696271896362,roc_auc,binary,0.05431184985815085,hpo,TabM,tabarena-2026-06-26,tuned_ensemble,TA-TABM,False,
qsar-biodeg,0,TABPFNV2_GPU (default),0.07299743931907521,4.58307147026062,0.16079115867614746,roc_auc,binary,0.06116789117625665,config,TabPFNv2_GPU,tabarena-2025-06-12,default,TABPFNV2_GPU,False,
qsar-biodeg,0,TABPFNV2_GPU (tuned),0.07674829588487753,2302.8450996875763,0.20122337341308594,roc_auc,binary,0.05944024150723792,hpo,TabPFNv2_GPU,tabarena-2025-06-12,tuned,TABPFNV2_GPU,False,
qsar-biodeg,0,TABPFNV2_GPU (tuned + ensemble),0.0769646914559815,2302.8450996875763,5.8931565284729,roc_auc,binary,0.055630319342401924,hpo,TabPFNv2_GPU,tabarena-2025-06-12,tuned_ensemble,TABPFNV2_GPU,False,
qsar-biodeg,0,XRFM_GPU (default),0.06884985753958228,8.092895030975342,0.6325526237487793,roc_auc,binary,0.06925147304866519,config,xRFM_GPU,tabarena-2025-09-03,default,XRFM_GPU,False,
qsar-biodeg,0,XRFM_GPU (tuned),0.0648104735456414,2243.700832128525,0.04109025001525879,roc_auc,binary,0.06208627336873496,hpo,xRFM_GPU,tabarena-2025-09-03,tuned,XRFM_GPU,False,
qsar-biodeg,0,XRFM_GPU (tuned + ensemble),0.0693187146103077,2243.700832128525,6.3157124519348145,roc_auc,binary,0.05100203680803084,hpo,xRFM_GPU,tabarena-2025-09-03,tuned_ensemble,XRFM_GPU,False,
qsar-biodeg,0,BETA_GPU (default),0.07645976845673885,209.72603940963745,2.141151189804077,roc_auc,binary,0.06295464464974176,config,BetaTabPFN_GPU,tabarena-2025-09-03,default,BETA_GPU,False,
qsar-biodeg,0,TABFLEX_GPU (default),0.0661449129007825,5.361033916473389,0.44169020652770996,roc_auc,binary,0.06617807521641084,config,TabFlex_GPU,tabarena-2025-09-03,default,TABFLEX_GPU,False,
qsar-biodeg,0,REALTABPFN-V2.5 (default),0.06336783640494825,8.078168392181396,0.29159116744995117,roc_auc,binary,0.06226813122863173,config,RealTabPFN-v2.5,tabarena-2025-11-12,default,REALTABPFN-V2.5,False,
qsar-biodeg,0,REALTABPFN-V2.5 (tuned),0.06984167057380897,3482.876961708069,0.3096930980682373,roc_auc,binary,0.0595629955626682,hpo,RealTabPFN-v2.5,tabarena-2025-11-12,tuned,REALTABPFN-V2.5,False,
qsar-biodeg,0,REALTABPFN-V2.5 (tuned + ensemble),0.06993183539510228,3482.876961708069,15.381364345550537,roc_auc,binary,0.0572261220629956,hpo,RealTabPFN-v2.5,tabarena-2025-11-12,tuned_ensemble,REALTABPFN-V2.5,False,
qsar-biodeg,0,SAP-RPT-OSS (default),0.06508096800952157,22.384591579437256,0.44845032691955566,roc_auc,binary,0.06802393249436234,config,SAP-RPT-OSS,tabarena-2025-11-25,default,SAP-RPT-OSS,False,
qsar-biodeg,0,TABICLV2 (default),0.06448588018898549,5.472154378890991,0.0991673469543457,roc_auc,binary,0.060567760238597446,config,TabICLv2,tabarena-2026-07-13,default,TABICLV2,False,
qsar-biodeg,0,TABSTAR (default),0.07335809860424858,677.75621342659,6.523217678070068,roc_auc,binary,0.056239543173055795,config,TabSTAR,tabarena-2026-03-18,default,TABSTAR,False,
qsar-biodeg,0,TABSTAR (tuned),0.06769574782702781,31285.829163074493,2.5015881061553955,roc_auc,binary,0.0507519822506729,hpo,TabSTAR,tabarena-2026-03-18,tuned,TABSTAR,False,
qsar-biodeg,0,TABSTAR (tuned + ensemble),0.069246582753273,31285.829163074493,7.14266037940979,roc_auc,binary,0.0506928784462064,hpo,TabSTAR,tabarena-2026-03-18,tuned_ensemble,TABSTAR,False,
qsar-biodeg,0,PB (default),0.07721715295560283,1663.4941987991333,0.01552271842956543,roc_auc,binary,0.10008547319415151,config,PerpetualBooster,tabarena-2026-03-18,default,PB,False,
qsar-biodeg,0,PB (tuned),0.08051718541493846,13106.594050884247,0.06716442108154297,roc_auc,binary,0.09112897359423877,hpo,PerpetualBooster,tabarena-2026-03-18,tuned,PB,False,
qsar-biodeg,0,PB (tuned + ensemble),0.07739748259818946,13106.594050884247,0.0826871395111084,roc_auc,binary,0.08920128027933372,hpo,PerpetualBooster,tabarena-2026-03-18,tuned_ensemble,PB,False,
qsar-biodeg,0,TABPFN-V2.6 (default),0.0745482742453204,8.7947518825531,0.25831127166748047,roc_auc,binary,0.06234996726558517,config,TabPFN-v2.6,tabarena-2026-03-18,default,TABPFN-V2.6,False,
qsar-biodeg,0,TA-LIMIX (default),0.06318750676236162,42.76485562324524,3.6976635456085205,roc_auc,binary,0.05964028515312436,config,LimiX,tabarena-2026-05-13,default,TA-LIMIX,False,
qsar-biodeg,0,TA-ORION-MSP (default),0.07007609910917145,21.089938402175903,1.7220466136932373,roc_auc,binary,0.06709645740888914,config,OrionMSP,tabarena-2026-05-13,default,TA-ORION-MSP,False,
qsar-biodeg,0,TA-TABPFN-3 (default),0.06636130847188648,11.28093147277832,0.20173883438110352,roc_auc,binary,0.06102240488833921,config,TabPFN-3,tabarena-2026-07-13,default,TA-TABPFN-3,False,
qsar-biodeg,0,TA-ILTM (default),0.08396148158834338,550.9607326984406,132.99991631507874,roc_auc,binary,0.06513239252200487,config,iLTM,tabarena-2026-05-13,default,TA-ILTM,False,
qsar-biodeg,0,TA-ILTM (tuned),0.06336783640494825,31162.194108486176,312.4248421192169,roc_auc,binary,0.047355786717101944,hpo,iLTM,tabarena-2026-05-13,tuned,TA-ILTM,False,
qsar-biodeg,0,TA-ILTM (tuned + ensemble),0.06318750676236162,31162.194108486176,1613.7506091594696,roc_auc,binary,0.0431366843674984,hpo,iLTM,tabarena-2026-05-13,tuned_ensemble,TA-ILTM,False,
qsar-biodeg,0,TA-NORI (default),0.07889421863165869,0.5661170482635498,0.053967952728271484,roc_auc,binary,0.0720111660725975,config,Nori,tabarena-2026-07-13,default,TA-NORI,True,
qsar-biodeg,0,TA-NORI-30M (default),0.07889421863165869,0.5661170482635498,0.053967952728271484,roc_auc,binary,0.0720111660725975,config,Nori-30M,tabarena-2026-07-13,default,TA-NORI-30M,True,
qsar-biodeg,0,TABFM (default),0.0628629134057056,44.4796028137207,2.4577460289001465,roc_auc,binary,0.06020404451880412,config,TabFM,tabarena-2026-07-13,default,TABFM,False,
qsar-biodeg,0,TA-TABSWIFT (default),0.06463014390305477,3.9536755084991455,0.02421879768371582,roc_auc,binary,0.06441860042191028,config,TabSwift,tabarena-2026-07-13,default,TA-TABSWIFT,False,
qsar-biodeg,0,TA-EXAONE-TABULAR (default),0.0668481985068704,10.140414476394653,0.28837084770202637,roc_auc,binary,0.06153615334254736,config,EXAONE-Tabular,tabarena-2026-08-06,default,TA-EXAONE-TABULAR,False,
qsar-biodeg,0,[Leakage] TabSTAR_base (default),0.06394489126122549,177.87260699272156,2.680591344833374,roc_auc,binary,0.07962191750927472,config,[Leakage] TabSTAR_base,[Leakage] TabSTAR_base,default,[Leakage] TabSTAR_base,False,
qsar-biodeg,0,[Leakage] TabSTAR_correct (default),0.06874165975403046,178.09165930747986,2.6791603565216064,roc_auc,binary,0.08571870226231171,config,[Leakage] TabSTAR_correct,[Leakage] TabSTAR_correct,default,[Leakage] TabSTAR_correct,False,
qsar-biodeg,0,[Leakage] TabSTAR_wrong (default),0.05492840913189312,163.7794313430786,2.661738634109497,roc_auc,binary,0.06144522441259903,config,[Leakage] TabSTAR_wrong,[Leakage] TabSTAR_wrong,default,[Leakage] TabSTAR_wrong,False,
seismic-bumps,0,"AutoGluon 1.4 (best, 4h)",0.2094366350659257,3688.1702692508698,0.6478197574615479,roc_auc,binary,0.18972373320426583,baseline,AutoGluon_v140_bq_4h8c,tabarena-2025-11-01,,,False,
seismic-bumps,0,"AutoGluon 1.5 (extreme, 4h)",0.2040318186771275,637.1381089687347,3.753606081008911,roc_auc,binary,0.22664547319557582,baseline,AutoGluon_v150_eq_4h8c,tabarena-2025-12-18,,,False,
seismic-bumps,0,"AutoGluon 1.6 (extreme, 4h)",0.20161272747085102,16.32456350326538,0.24614644050598145,roc_auc,binary,0.23449402421115728,baseline,AutoGluon_16_extreme,tabarena-2026-08-05,,,False,
seismic-bumps,0,"AutoGluon 1.6 (noncommercial, 4h)",0.2011114743380189,31.204871892929077,0.5315799713134766,roc_auc,binary,0.23410902170864112,baseline,AutoGluon_16_noncommercial,tabarena-2026-08-05,,,False,
seismic-bumps,0,TabFM+,0.19123896698267417,22.166194438934326,3.92335844039917,roc_auc,binary,,baseline,TabFM+,tabarena-2026-07-07,,,False,
seismic-bumps,0,CAT (default),0.2092404925356871,6.505584478378296,0.03161787986755371,roc_auc,binary,0.2264254717655665,config,CatBoost,tabarena-2026-07-13,default,CAT,False,
seismic-bumps,0,CAT (tuned),0.21187751988667325,1341.8742349147797,0.03161263465881348,roc_auc,binary,0.2251632135608882,hpo,CatBoost,tabarena-2026-07-13,tuned,CAT,False,
seismic-bumps,0,CAT (tuned + ensemble),0.21582216410591692,1341.8742349147797,0.2784132957458496,roc_auc,binary,0.21796091674595885,hpo,CatBoost,tabarena-2026-07-13,tuned_ensemble,CAT,False,
seismic-bumps,0,CHIMERA (default),0.20597145036504305,10.459821224212646,0.02737736701965332,roc_auc,binary,0.24456458966983285,config,ChimeraBoost,tabarena-2026-08-10,default,CHIMERA,False,
seismic-bumps,0,CHIMERA (tuned),0.222883295194508,1962.645318031311,0.02758002281188965,roc_auc,binary,0.22409895664321822,hpo,ChimeraBoost,tabarena-2026-08-10,tuned,CHIMERA,False,
seismic-bumps,0,CHIMERA (tuned + ensemble),0.21035196687370605,1962.645318031311,0.19663166999816895,roc_auc,binary,0.20628984088396574,hpo,ChimeraBoost,tabarena-2026-08-10,tuned_ensemble,CHIMERA,False,
seismic-bumps,0,EBM (default),0.2120300751879699,8.358272314071655,0.014341592788696289,roc_auc,binary,0.22083193540758006,config,ExplainableBM,tabarena-2026-07-13,default,EBM,False,
seismic-bumps,0,EBM (tuned),0.21322872398387271,1863.061451435089,0.015796422958374023,roc_auc,binary,0.2187529218939923,hpo,ExplainableBM,tabarena-2026-07-13,tuned,EBM,False,
seismic-bumps,0,EBM (tuned + ensemble),0.21296720061022123,1863.061451435089,0.12077140808105469,roc_auc,binary,0.20994736465787023,hpo,ExplainableBM,tabarena-2026-07-13,tuned_ensemble,EBM,False,
seismic-bumps,0,XT (default),0.22787403290835773,6.082405090332031,0.518956184387207,roc_auc,binary,0.2704752580891776,config,ExtraTrees,tabarena-2026-07-13,default,XT,False,
seismic-bumps,0,XT (tuned),0.2028004794595184,1034.0911085605621,0.11471152305603027,roc_auc,binary,0.23773079525016916,hpo,ExtraTrees,tabarena-2026-07-13,tuned,XT,False,
seismic-bumps,0,XT (tuned + ensemble),0.20394464421924374,1034.0911085605621,1.369300127029419,roc_auc,binary,0.22863098610140964,hpo,ExtraTrees,tabarena-2026-07-13,tuned_ensemble,XT,False,
seismic-bumps,0,KNN (default),0.26980494715048486,0.40821099281311035,0.014777183532714844,roc_auc,binary,0.31590555338609705,config,KNeighbors,tabarena-2025-10-20,default,KNN,False,
seismic-bumps,0,KNN (tuned),0.22312302495368852,102.05611610412598,0.0720970630645752,roc_auc,binary,0.2525671416864209,hpo,KNeighbors,tabarena-2025-10-20,tuned,KNN,False,
seismic-bumps,0,KNN (tuned + ensemble),0.21379535796011773,102.05611610412598,0.44920802116394043,roc_auc,binary,0.22533096465127023,hpo,KNeighbors,tabarena-2025-10-20,tuned_ensemble,KNN,False,
seismic-bumps,0,GBM (default),0.22031164868693476,7.4396703243255615,0.4453103542327881,roc_auc,binary,0.2722875198688791,config,LightGBM,tabarena-2025-06-12,default,GBM,False,
seismic-bumps,0,GBM (tuned),0.20475100795466927,882.3620498180389,0.026552915573120117,roc_auc,binary,0.23185675706892095,hpo,LightGBM,tabarena-2025-06-12,tuned,GBM,False,
seismic-bumps,0,GBM (tuned + ensemble),0.2028985507246377,882.3620498180389,0.45128417015075684,roc_auc,binary,0.2255922163494063,hpo,LightGBM,tabarena-2025-06-12,tuned_ensemble,GBM,False,
seismic-bumps,0,LR (default),0.22116159965130222,3.817124366760254,0.09943890571594238,roc_auc,binary,0.261042696777529,config,LinearModel,tabarena-2025-10-20,default,LR,False,
seismic-bumps,0,LR (tuned),0.2251062438705459,794.1842882633209,0.06202530860900879,roc_auc,binary,0.2525286414361694,hpo,LinearModel,tabarena-2025-10-20,tuned,LR,False,
seismic-bumps,0,LR (tuned + ensemble),0.2206603465184701,794.1842882633209,0.30466341972351074,roc_auc,binary,0.2497951236683038,hpo,LinearModel,tabarena-2025-10-20,tuned_ensemble,LR,False,
seismic-bumps,0,FASTAI (default),0.23988231448185693,7.743835687637329,0.6829245090484619,roc_auc,binary,0.24960812245279596,config,NeuralNetFastAI,tabarena-2025-06-12,default,FASTAI,False,
seismic-bumps,0,FASTAI (tuned),0.2475100795466928,2244.3698081970215,0.5068414211273193,roc_auc,binary,0.1975502840768465,hpo,NeuralNetFastAI,tabarena-2025-06-12,tuned,FASTAI,False,
seismic-bumps,0,FASTAI (tuned + ensemble),0.22761250953470635,2244.3698081970215,5.74967885017395,roc_auc,binary,0.17208511855327058,hpo,NeuralNetFastAI,tabarena-2025-06-12,tuned_ensemble,FASTAI,False,
seismic-bumps,0,NN_TORCH (default),0.2173041298899423,12.007782936096191,0.12938761711120605,roc_auc,binary,0.23243151080482027,config,NeuralNetTorch,tabarena-2025-06-12,default,NN_TORCH,False,
seismic-bumps,0,NN_TORCH (tuned),0.20533943554538525,4203.374087572098,0.09687614440917969,roc_auc,binary,0.21069261950202678,hpo,NeuralNetTorch,tabarena-2025-06-12,tuned,NN_TORCH,False,
seismic-bumps,0,NN_TORCH (tuned + ensemble),0.2137517707311758,4203.374087572098,2.202759265899658,roc_auc,binary,0.17792615652001742,hpo,NeuralNetTorch,tabarena-2025-06-12,tuned_ensemble,NN_TORCH,False,
seismic-bumps,0,RF (default),0.23497875122589074,0.5909445285797119,0.0555577278137207,roc_auc,binary,0.25860618094017607,config,RandomForest,tabarena-2025-06-12,default,RF,False,
seismic-bumps,0,RF (tuned),0.21762013729977114,694.4701044559479,0.13393115997314453,roc_auc,binary,0.23869605152433493,hpo,RandomForest,tabarena-2025-06-12,tuned,RF,False,
seismic-bumps,0,RF (tuned + ensemble),0.2165086629617522,694.4701044559479,0.8582887649536133,roc_auc,binary,0.23175225638966657,hpo,RandomForest,tabarena-2025-06-12,tuned_ensemble,RF,False,
seismic-bumps,0,XGB (default),0.22353710362863688,3.414090633392334,0.13002276420593262,roc_auc,binary,0.26067694440013867,config,XGBoost,tabarena-2025-06-12,default,XGB,False,
seismic-bumps,0,XGB (tuned),0.19884493843303908,797.8672423362732,0.12955355644226074,roc_auc,binary,0.24159732038258253,hpo,XGBoost,tabarena-2025-06-12,tuned,XGB,False,
seismic-bumps,0,XGB (tuned + ensemble),0.20233191674839268,797.8672423362732,1.2386837005615234,roc_auc,binary,0.2334600174901137,hpo,XGBoost,tabarena-2025-06-12,tuned_ensemble,XGB,False,
seismic-bumps,0,MITRA_GPU (default),0.20350877192982453,150.487797498703,1.5943913459777832,roc_auc,binary,0.22562521656390766,config,Mitra_GPU,tabarena-2025-09-03,default,MITRA_GPU,False,
seismic-bumps,0,MNCA_GPU (default),0.20697395663070717,26.0888512134552,0.24718785285949707,roc_auc,binary,0.2433710819120325,config,ModernNCA_GPU,tabarena-2025-06-12,default,MNCA_GPU,False,
seismic-bumps,0,MNCA_GPU (tuned),0.20446769096654682,13555.428643465042,0.4798097610473633,roc_auc,binary,0.19582327285127354,hpo,ModernNCA_GPU,tabarena-2025-06-12,tuned,MNCA_GPU,False,
seismic-bumps,0,MNCA_GPU (tuned + ensemble),0.23497875122589085,13555.428643465042,6.661982774734497,roc_auc,binary,0.12529631442604372,hpo,ModernNCA_GPU,tabarena-2025-06-12,tuned_ensemble,MNCA_GPU,False,
seismic-bumps,0,REALMLP_GPU (default),0.21346845374305334,21.73289394378662,3.433924674987793,roc_auc,binary,0.23787654619755028,config,RealMLP_GPU,tabarena-2025-09-03,default,REALMLP_GPU,False,
seismic-bumps,0,REALMLP_GPU (tuned),0.21383894518905966,4748.3150589466095,0.4964008331298828,roc_auc,binary,0.21324738610800975,hpo,RealMLP_GPU,tabarena-2025-09-03,tuned,REALMLP_GPU,False,
seismic-bumps,0,REALMLP_GPU (tuned + ensemble),0.21830663615560641,4748.3150589466095,20.614192247390747,roc_auc,binary,0.16217405413135189,hpo,RealMLP_GPU,tabarena-2025-09-03,tuned_ensemble,REALMLP_GPU,False,
seismic-bumps,0,TABDPT_GPU (default),0.20436961970142753,31.129075288772583,15.589510679244995,roc_auc,binary,0.2384017996116975,config,TabDPT_GPU,tabarena-2025-10-20,default,TABDPT_GPU,False,
seismic-bumps,0,TABDPT_GPU (tuned),0.20294213795357963,10137.099293231964,11.267274379730225,roc_auc,binary,0.23203000819505326,hpo,TabDPT_GPU,tabarena-2025-10-20,tuned,TABDPT_GPU,False,
seismic-bumps,0,TABDPT_GPU (tuned + ensemble),0.20926228615015796,10137.099293231964,96.22728085517883,roc_auc,binary,0.22125818817822318,hpo,TabDPT_GPU,tabarena-2025-10-20,tuned_ensemble,TABDPT_GPU,False,
seismic-bumps,0,TABDPT_TURBO (default),0.2080418437397843,7.970561504364014,0.1358485221862793,roc_auc,binary,0.23707904101376653,config,TabDPT-Turbo,tabarena-2026-07-13,default,TABDPT_TURBO,False,
seismic-bumps,0,TABICL_GPU (default),0.2055573716900947,11.154580116271973,1.0587520599365234,roc_auc,binary,0.24037356242815577,config,TabICL_GPU,tabarena-2025-06-12,default,TABICL_GPU,False,
seismic-bumps,0,TA-TABM (default),0.2120300751879699,11.721154689788818,0.34393835067749023,roc_auc,binary,0.24146806954245204,config,TabM,tabarena-2026-06-26,default,TA-TABM,False,
seismic-bumps,0,TA-TABM (tuned),0.2030728996404053,3047.9376118183136,0.270463228225708,roc_auc,binary,0.20901785861608102,hpo,TabM,tabarena-2026-06-26,tuned,TA-TABM,False,
seismic-bumps,0,TA-TABM (tuned + ensemble),0.2045548654244307,3047.9376118183136,1.7124319076538086,roc_auc,binary,0.20450232926514023,hpo,TabM,tabarena-2026-06-26,tuned_ensemble,TA-TABM,False,
seismic-bumps,0,TABPFNV2_GPU (default),0.21593113217827176,4.7614521980285645,0.15682387351989746,roc_auc,binary,0.2398620591033842,config,TabPFNv2_GPU,tabarena-2025-06-12,default,TABPFNV2_GPU,False,
seismic-bumps,0,TABPFNV2_GPU (tuned),0.2107660455486542,5449.522542715073,0.4675617218017578,roc_auc,binary,0.2355225308964508,hpo,TabPFNv2_GPU,tabarena-2025-06-12,tuned,TABPFNV2_GPU,False,
seismic-bumps,0,TABPFNV2_GPU (tuned + ensemble),0.21046093494606077,5449.522542715073,14.957067966461182,roc_auc,binary,0.22761897952336685,hpo,TabPFNv2_GPU,tabarena-2025-06-12,tuned_ensemble,TABPFNV2_GPU,False,
seismic-bumps,0,XRFM_GPU (default),0.25960553557807575,9.569081544876099,1.2967545986175537,roc_auc,binary,0.2993751959387735,config,xRFM_GPU,tabarena-2025-09-03,default,XRFM_GPU,False,
seismic-bumps,0,XRFM_GPU (tuned),0.2159747194072137,2096.2884092330933,0.0647420883178711,roc_auc,binary,0.2273549778073557,hpo,xRFM_GPU,tabarena-2025-09-03,tuned,XRFM_GPU,False,
seismic-bumps,0,XRFM_GPU (tuned + ensemble),0.20723548000435876,2096.2884092330933,0.31238508224487305,roc_auc,binary,0.21881342228724487,hpo,xRFM_GPU,tabarena-2025-09-03,tuned_ensemble,XRFM_GPU,False,
seismic-bumps,0,BETA_GPU (default),0.20093712542225128,449.63978695869446,1.4398057460784912,roc_auc,binary,0.2231172002618017,config,BetaTabPFN_GPU,tabarena-2025-09-03,default,BETA_GPU,False,
seismic-bumps,0,TABFLEX_GPU (default),0.21536449820202674,3.822140693664551,0.395613431930542,roc_auc,binary,0.24015906103389661,config,TabFlex_GPU,tabarena-2025-09-03,default,TABFLEX_GPU,False,
seismic-bumps,0,REALTABPFN-V2.5 (default),0.2057535142203335,7.9501683712005615,0.2810049057006836,roc_auc,binary,0.24109131709356113,config,RealTabPFN-v2.5,tabarena-2025-11-12,default,REALTABPFN-V2.5,False,
seismic-bumps,0,REALTABPFN-V2.5 (tuned),0.20208129018197674,3303.6701197624207,0.4568297863006592,roc_auc,binary,0.23732929264040215,hpo,RealTabPFN-v2.5,tabarena-2025-11-12,tuned,REALTABPFN-V2.5,False,
seismic-bumps,0,REALTABPFN-V2.5 (tuned + ensemble),0.20856489048708726,3303.6701197624207,6.017008304595947,roc_auc,binary,0.23271201262808205,hpo,RealTabPFN-v2.5,tabarena-2025-11-12,tuned_ensemble,REALTABPFN-V2.5,False,
seismic-bumps,0,SAP-RPT-OSS (default),0.21854636591478693,22.153807640075684,0.4190099239349365,roc_auc,binary,0.23783254591154845,config,SAP-RPT-OSS,tabarena-2025-11-25,default,SAP-RPT-OSS,False,
seismic-bumps,0,TABICLV2 (default),0.2143837855508336,5.188300371170044,0.07448482513427734,roc_auc,binary,0.23798104687680466,config,TabICLv2,tabarena-2026-07-13,default,TABICLV2,False,
seismic-bumps,0,TABSTAR (default),0.2113980603683121,567.8386225700378,3.5226707458496094,roc_auc,binary,0.25979693868010134,config,TabSTAR,tabarena-2026-03-18,default,TABSTAR,False,
seismic-bumps,0,TABSTAR (tuned),0.2093712542225128,56359.36096787453,2.419814348220825,roc_auc,binary,0.24988862427605785,hpo,TabSTAR,tabarena-2026-03-18,tuned,TABSTAR,False,
seismic-bumps,0,TABSTAR (tuned + ensemble),0.20932766699357086,56359.36096787453,8.355398654937744,roc_auc,binary,0.24972912323930108,hpo,TabSTAR,tabarena-2026-03-18,tuned_ensemble,TABSTAR,False,
seismic-bumps,0,PB (default),0.23886891140895716,31.234928131103516,0.019199371337890625,roc_auc,binary,0.33325266614232996,config,PerpetualBooster,tabarena-2026-03-18,default,PB,False,
seismic-bumps,0,PB (tuned),0.22863680941484144,241.56980562210083,0.05145668983459473,roc_auc,binary,0.2815908303403972,hpo,PerpetualBooster,tabarena-2026-03-18,tuned,PB,False,
seismic-bumps,0,PB (tuned + ensemble),0.23007518796992477,241.56980562210083,0.3011174201965332,roc_auc,binary,0.28057332372660426,hpo,PerpetualBooster,tabarena-2026-03-18,tuned_ensemble,PB,False,
seismic-bumps,0,TABPFN-V2.6 (default),0.20460934946060805,8.673885583877563,0.24225878715515137,roc_auc,binary,0.24300807955251713,config,TabPFN-v2.6,tabarena-2026-03-18,default,TABPFN-V2.6,False,
seismic-bumps,0,TA-LIMIX (default),0.2093712542225128,47.072664976119995,3.7313313484191895,roc_auc,binary,0.2362100353652299,config,LimiX,tabarena-2026-05-13,default,TA-LIMIX,False,
seismic-bumps,0,TA-ORION-MSP (default),0.21030837964476423,21.363203525543213,1.7687287330627441,roc_auc,binary,0.2386795514170843,config,OrionMSP,tabarena-2026-05-13,default,TA-ORION-MSP,False,
seismic-bumps,0,TA-TABPFN-3 (default),0.19978206385529051,11.500040292739868,0.27422404289245605,roc_auc,binary,0.24057706375091437,config,TabPFN-3,tabarena-2026-07-13,default,TA-TABPFN-3,False,
seismic-bumps,0,TA-ILTM (default),0.1990846681922197,823.5138673782349,128.22734689712524,roc_auc,binary,0.2148258963683265,config,iLTM,tabarena-2026-05-13,default,TA-ILTM,False,
seismic-bumps,0,TA-ILTM (tuned),0.21039555410264787,40636.19086122513,64.71898007392883,roc_auc,binary,0.18424569759703435,hpo,iLTM,tabarena-2026-05-13,tuned,TA-ILTM,False,
seismic-bumps,0,TA-ILTM (tuned + ensemble),0.21030837964476412,40636.19086122513,464.76867175102234,roc_auc,binary,0.17859716088154576,hpo,iLTM,tabarena-2026-05-13,tuned_ensemble,TA-ILTM,False,
seismic-bumps,0,TA-NORI (default),0.23497875122589074,0.5909445285797119,0.0555577278137207,roc_auc,binary,0.25860618094017607,config,Nori,tabarena-2026-07-13,default,TA-NORI,True,
seismic-bumps,0,TA-NORI-30M (default),0.23497875122589074,0.5909445285797119,0.0555577278137207,roc_auc,binary,0.25860618094017607,config,Nori-30M,tabarena-2026-07-13,default,TA-NORI-30M,True,
seismic-bumps,0,TABFM (default),0.19989103192764524,48.059640884399414,3.3547799587249756,roc_auc,binary,0.21895092318100073,config,TabFM,tabarena-2026-07-13,default,TABFM,False,
seismic-bumps,0,TA-TABSWIFT (default),0.20527405470197235,3.753937005996704,0.03913307189941406,roc_auc,binary,0.23585803307721498,config,TabSwift,tabarena-2026-07-13,default,TA-TABSWIFT,False,
seismic-bumps,0,TA-EXAONE-TABULAR (default),0.20475100795466927,9.70577335357666,0.29979419708251953,roc_auc,binary,0.229703493072705,config,EXAONE-Tabular,tabarena-2026-08-06,default,TA-EXAONE-TABULAR,False,
seismic-bumps,0,[Leakage] TabSTAR_base (default),0.21137626675384125,243.78573393821716,2.7649331092834473,roc_auc,binary,0.24693510507818295,config,[Leakage] TabSTAR_base,[Leakage] TabSTAR_base,default,[Leakage] TabSTAR_base,False,
seismic-bumps,0,[Leakage] TabSTAR_correct (default),0.20069739566307065,212.63827204704285,2.745530605316162,roc_auc,binary,0.2457855976063844,config,[Leakage] TabSTAR_correct,[Leakage] TabSTAR_correct,default,[Leakage] TabSTAR_correct,False,
seismic-bumps,0,[Leakage] TabSTAR_wrong (default),0.23497875122589074,0.5909445285797119,0.0555577278137207,roc_auc,binary,0.25860618094017607,config,[Leakage] TabSTAR_wrong,[Leakage] TabSTAR_wrong,default,[Leakage] TabSTAR_wrong,True,
splice,0,"AutoGluon 1.4 (best, 4h)",0.07829878456378477,10155.086869955063,3.5504422187805176,log_loss,multiclass,0.10239145501960496,baseline,AutoGluon_v140_bq_4h8c,tabarena-2025-11-01,,,False,
splice,0,"AutoGluon 1.5 (extreme, 4h)",0.08465835938398718,2461.924618959427,31.747283458709717,log_loss,multiclass,0.11118354557630027,baseline,AutoGluon_v150_eq_4h8c,tabarena-2025-12-18,,,False,
splice,0,"AutoGluon 1.6 (extreme, 4h)",0.07702183946384464,42.776763677597046,2.3701014518737793,log_loss,multiclass,0.10699203245201833,baseline,AutoGluon_16_extreme,tabarena-2026-08-05,,,False,
splice,0,"AutoGluon 1.6 (noncommercial, 4h)",0.07702183946384464,51.23222637176514,2.374267101287842,log_loss,multiclass,0.10699203245201833,baseline,AutoGluon_16_noncommercial,tabarena-2026-08-05,,,False,
splice,0,TabFM+,0.07075604812206417,42.94769763946533,10.31932258605957,log_loss,multiclass,,baseline,TabFM+,tabarena-2026-07-07,,,False,
splice,0,CAT (default),0.09036763875392806,407.06562852859497,0.4003317356109619,log_loss,multiclass,0.12467418450219465,config,CatBoost,tabarena-2026-07-13,default,CAT,False,
splice,0,CAT (tuned),0.09405884449525871,3669.1405532360077,0.3718383312225342,log_loss,multiclass,0.12467214102981854,hpo,CatBoost,tabarena-2026-07-13,tuned,CAT,False,
splice,0,CAT (tuned + ensemble),0.09298505010992367,3669.1405532360077,3.061603307723999,log_loss,multiclass,0.1148555808381712,hpo,CatBoost,tabarena-2026-07-13,tuned_ensemble,CAT,False,
splice,0,CHIMERA (default),0.09801492094993591,13.632055282592773,0.2103285789489746,log_loss,multiclass,0.12622469663619995,config,ChimeraBoost,tabarena-2026-08-10,default,CHIMERA,False,
splice,0,CHIMERA (tuned),0.09062630887519552,2455.10604262352,0.20743155479431152,log_loss,multiclass,0.11836058024862932,hpo,ChimeraBoost,tabarena-2026-08-10,tuned,CHIMERA,False,
splice,0,CHIMERA (tuned + ensemble),0.09262974378359756,2455.10604262352,3.0418941974639893,log_loss,multiclass,0.10779484806726805,hpo,ChimeraBoost,tabarena-2026-08-10,tuned_ensemble,CHIMERA,False,
splice,0,EBM (default),0.10385077502778481,7.264654636383057,0.05143141746520996,log_loss,multiclass,0.1316305118037939,config,ExplainableBM,tabarena-2026-07-13,default,EBM,False,
splice,0,EBM (tuned),0.09967295961799591,58967.583213567734,0.03048419952392578,log_loss,multiclass,0.12770716672165722,hpo,ExplainableBM,tabarena-2026-07-13,tuned,EBM,False,
splice,0,EBM (tuned + ensemble),0.09862196543727579,58967.583213567734,0.46553540229797363,log_loss,multiclass,0.12521469305726124,hpo,ExplainableBM,tabarena-2026-07-13,tuned_ensemble,EBM,False,
splice,0,XT (default),0.4040690650982009,6.932756662368774,0.7176027297973633,log_loss,multiclass,0.40984806835689735,config,ExtraTrees,tabarena-2026-07-13,default,XT,False,
splice,0,XT (tuned),0.16736823617023536,1122.6852464675903,0.15101885795593262,log_loss,multiclass,0.1998493848174089,hpo,ExtraTrees,tabarena-2026-07-13,tuned,XT,False,
splice,0,XT (tuned + ensemble),0.1605844831246016,1122.6852464675903,1.991511583328247,log_loss,multiclass,0.1878394698983419,hpo,ExtraTrees,tabarena-2026-07-13,tuned_ensemble,XT,False,
splice,0,KNN (default),0.5268088493863364,0.8353807926177979,0.08423876762390137,log_loss,multiclass,0.565398467385636,config,KNeighbors,tabarena-2025-10-20,default,KNN,False,
splice,0,KNN (tuned),0.45617595314979553,582.9864745140076,0.42478227615356445,log_loss,multiclass,0.47105905413627625,hpo,KNeighbors,tabarena-2025-10-20,tuned,KNN,False,
splice,0,KNN (tuned + ensemble),0.42031148076057434,582.9864745140076,9.533616781234741,log_loss,multiclass,0.41979801654815674,hpo,KNeighbors,tabarena-2025-10-20,tuned_ensemble,KNN,False,
splice,0,GBM (default),0.09156199195824077,6.97411584854126,0.6143672466278076,log_loss,multiclass,0.12742864583518862,config,LightGBM,tabarena-2025-06-12,default,GBM,False,
splice,0,GBM (tuned),0.08189558735716483,1674.9911787509918,1.0794198513031006,log_loss,multiclass,0.11637218124703036,hpo,LightGBM,tabarena-2025-06-12,tuned,GBM,False,
splice,0,GBM (tuned + ensemble),0.08290151980227468,1674.9911787509918,3.8033926486968994,log_loss,multiclass,0.11527372053197797,hpo,LightGBM,tabarena-2025-06-12,tuned_ensemble,GBM,False,
splice,0,LR (default),0.1415672832062087,4.480790615081787,0.13948273658752441,log_loss,multiclass,0.21293761643999787,config,LinearModel,tabarena-2025-10-20,default,LR,False,
splice,0,LR (tuned),0.13420340418815613,845.3077383041382,0.13782095909118652,log_loss,multiclass,0.16532006859779358,hpo,LinearModel,tabarena-2025-10-20,tuned,LR,False,
splice,0,LR (tuned + ensemble),0.13375702500343323,845.3077383041382,0.5114893913269043,log_loss,multiclass,0.16530545055866241,hpo,LinearModel,tabarena-2025-10-20,tuned_ensemble,LR,False,
splice,0,FASTAI (default),0.09438109328732572,15.456350088119507,0.670119047164917,log_loss,multiclass,0.1615541856397742,config,NeuralNetFastAI,tabarena-2025-06-12,default,FASTAI,False,
splice,0,FASTAI (tuned),0.08734853095141341,3999.8190157413483,1.7757093906402588,log_loss,multiclass,0.10821688608515878,hpo,NeuralNetFastAI,tabarena-2025-06-12,tuned,FASTAI,False,
splice,0,FASTAI (tuned + ensemble),0.08408622783986201,3999.8190157413483,16.60558557510376,log_loss,multiclass,0.09520368635496755,hpo,NeuralNetFastAI,tabarena-2025-06-12,tuned_ensemble,FASTAI,False,
splice,0,NN_TORCH (default),0.1327065156046685,19.96923542022705,0.35529565811157227,log_loss,multiclass,0.2048324239310971,config,NeuralNetTorch,tabarena-2025-06-12,default,NN_TORCH,False,
splice,0,NN_TORCH (tuned),0.10166649048784011,7359.621433019638,0.29021620750427246,log_loss,multiclass,0.1347767123413971,hpo,NeuralNetTorch,tabarena-2025-06-12,tuned,NN_TORCH,False,
splice,0,NN_TORCH (tuned + ensemble),0.09762039767861577,7359.621433019638,3.6842262744903564,log_loss,multiclass,0.11370107530873656,hpo,NeuralNetTorch,tabarena-2025-06-12,tuned_ensemble,NN_TORCH,False,
splice,0,RF (default),0.319173908519172,0.9566311836242676,0.07904553413391113,log_loss,multiclass,0.3251392139404064,config,RandomForest,tabarena-2025-06-12,default,RF,False,
splice,0,RF (tuned),0.16135064331904558,802.0555651187897,0.278031587600708,log_loss,multiclass,0.20023916249581655,hpo,RandomForest,tabarena-2025-06-12,tuned,RF,False,
splice,0,RF (tuned + ensemble),0.16554376305443005,802.0555651187897,2.5480217933654785,log_loss,multiclass,0.18996897106416238,hpo,RandomForest,tabarena-2025-06-12,tuned_ensemble,RF,False,
splice,0,XGB (default),0.09951523368474072,9.535624504089355,0.3698081970214844,log_loss,multiclass,0.13389796122620057,config,XGBoost,tabarena-2025-06-12,default,XGB,False,
splice,0,XGB (tuned),0.08866167273636845,3542.9192214012146,1.1479504108428955,log_loss,multiclass,0.12197483501933838,hpo,XGBoost,tabarena-2025-06-12,tuned,XGB,False,
splice,0,XGB (tuned + ensemble),0.08992334112783526,3542.9192214012146,5.453774929046631,log_loss,multiclass,0.12158073977069206,hpo,XGBoost,tabarena-2025-06-12,tuned_ensemble,XGB,False,
splice,0,MITRA_GPU (default),0.08840871013739798,709.9646096229553,7.852312803268433,log_loss,multiclass,0.12083795219019691,config,Mitra_GPU,tabarena-2025-09-03,default,MITRA_GPU,False,
splice,0,MNCA_GPU (default),0.13129013142843465,25.407453060150146,0.508392333984375,log_loss,multiclass,0.1656228838718159,config,ModernNCA_GPU,tabarena-2025-06-12,default,MNCA_GPU,False,
splice,0,MNCA_GPU (tuned),0.10554972826963456,10821.423727989197,0.6198983192443848,log_loss,multiclass,0.14143329731939988,hpo,ModernNCA_GPU,tabarena-2025-06-12,tuned,MNCA_GPU,False,
splice,0,MNCA_GPU (tuned + ensemble),0.11058387039358838,10821.423727989197,10.15585470199585,log_loss,multiclass,0.11093062189888923,hpo,ModernNCA_GPU,tabarena-2025-06-12,tuned_ensemble,MNCA_GPU,False,
splice,0,REALMLP_GPU (default),0.09758665445358232,24.418946504592896,3.2057480812072754,log_loss,multiclass,0.17361483315551557,config,RealMLP_GPU,tabarena-2025-09-03,default,REALMLP_GPU,False,
splice,0,REALMLP_GPU (tuned),0.0916319414973259,6193.732361078262,4.28452730178833,log_loss,multiclass,0.10597684979438782,hpo,RealMLP_GPU,tabarena-2025-09-03,tuned,REALMLP_GPU,False,
splice,0,REALMLP_GPU (tuned + ensemble),0.08935730159282684,6193.732361078262,21.43347454071045,log_loss,multiclass,0.09831015020608902,hpo,RealMLP_GPU,tabarena-2025-09-03,tuned_ensemble,REALMLP_GPU,False,
splice,0,TABDPT_GPU (default),0.20723909386990075,32.11918902397156,105.11247444152832,log_loss,multiclass,0.21233327000176502,config,TabDPT_GPU,tabarena-2025-10-20,default,TABDPT_GPU,False,
splice,0,TABDPT_GPU (tuned),0.17893657331904606,10771.0949010849,121.94846510887146,log_loss,multiclass,0.19110103641565332,hpo,TabDPT_GPU,tabarena-2025-10-20,tuned,TABDPT_GPU,False,
splice,0,TABDPT_GPU (tuned + ensemble),0.16146586075338867,10771.0949010849,760.6117837429047,log_loss,multiclass,0.177614482433227,hpo,TabDPT_GPU,tabarena-2025-10-20,tuned_ensemble,TABDPT_GPU,False,
splice,0,TABDPT_TURBO (default),0.1611432104464117,10.86192274093628,0.16077613830566406,log_loss,multiclass,0.18933041900505318,config,TabDPT-Turbo,tabarena-2026-07-13,default,TABDPT_TURBO,False,
splice,0,TABICL_GPU (default),0.14104033592923348,18.56988263130188,2.2666306495666504,log_loss,multiclass,0.1632260006848211,config,TabICL_GPU,tabarena-2025-06-12,default,TABICL_GPU,False,
splice,0,TA-TABM (default),0.09813235562782104,26.791569709777832,0.3712620735168457,log_loss,multiclass,0.12403938677680548,config,TabM,tabarena-2026-06-26,default,TA-TABM,False,
splice,0,TA-TABM (tuned),0.0981130718806943,5306.817719697952,0.41686034202575684,log_loss,multiclass,0.11652973011417442,hpo,TabM,tabarena-2026-06-26,tuned,TA-TABM,False,
splice,0,TA-TABM (tuned + ensemble),0.09468313390663334,5306.817719697952,3.6288375854492188,log_loss,multiclass,0.11203228985669841,hpo,TabM,tabarena-2026-06-26,tuned_ensemble,TA-TABM,False,
splice,0,TABPFNV2_GPU (default),0.08884796292317004,6.945381164550781,0.4124925136566162,log_loss,multiclass,0.12388623572626226,config,TabPFNv2_GPU,tabarena-2025-06-12,default,TABPFNV2_GPU,False,
splice,0,TABPFNV2_GPU (tuned),0.09360323994611192,11337.408584594727,11.357506036758423,log_loss,multiclass,0.11691215142078322,hpo,TabPFNv2_GPU,tabarena-2025-06-12,tuned,TABPFNV2_GPU,False,
splice,0,TABPFNV2_GPU (tuned + ensemble),0.08609263659141435,11337.408584594727,171.50239777565002,log_loss,multiclass,0.10794915462259426,hpo,TabPFNv2_GPU,tabarena-2025-06-12,tuned_ensemble,TABPFNV2_GPU,False,
splice,0,XRFM_GPU (default),0.12933663743117435,14.080221891403198,0.6933906078338623,log_loss,multiclass,0.1626773322567035,config,xRFM_GPU,tabarena-2025-09-03,default,XRFM_GPU,False,
splice,0,XRFM_GPU (tuned),0.12158165872097015,2113.6277039051056,0.15574264526367188,log_loss,multiclass,0.14426441490650177,hpo,xRFM_GPU,tabarena-2025-09-03,tuned,XRFM_GPU,False,
splice,0,XRFM_GPU (tuned + ensemble),0.107243612408638,2113.6277039051056,2.4792633056640625,log_loss,multiclass,0.12684611976146698,hpo,xRFM_GPU,tabarena-2025-09-03,tuned_ensemble,XRFM_GPU,False,
splice,0,BETA_GPU (default),0.08859474683345266,450.43883299827576,2.163046360015869,log_loss,multiclass,0.1190512586629545,config,BetaTabPFN_GPU,tabarena-2025-09-03,default,BETA_GPU,False,
splice,0,TABFLEX_GPU (default),0.32547698364198113,4.974182605743408,0.47704148292541504,log_loss,multiclass,0.3521087686663346,config,TabFlex_GPU,tabarena-2025-09-03,default,TABFLEX_GPU,False,
splice,0,REALTABPFN-V2.5 (default),0.08156389935913216,12.154548168182373,0.90944504737854,log_loss,multiclass,0.12094303802827237,config,RealTabPFN-v2.5,tabarena-2025-11-12,default,REALTABPFN-V2.5,False,
splice,0,REALTABPFN-V2.5 (tuned),0.08563274751588588,5847.851523637772,2.171140432357788,log_loss,multiclass,0.12010184371704363,hpo,RealTabPFN-v2.5,tabarena-2025-11-12,tuned,REALTABPFN-V2.5,False,
splice,0,REALTABPFN-V2.5 (tuned + ensemble),0.08082871140702425,5847.851523637772,11.994861364364624,log_loss,multiclass,0.11576047501087751,hpo,RealTabPFN-v2.5,tabarena-2025-11-12,tuned_ensemble,REALTABPFN-V2.5,False,
splice,0,SAP-RPT-OSS (default),0.08568102090735288,25.46913480758667,1.965010404586792,log_loss,multiclass,0.1290537152892323,config,SAP-RPT-OSS,tabarena-2025-11-25,default,SAP-RPT-OSS,False,
splice,0,TABICLV2 (default),0.07394381937076296,7.507569313049316,0.22898268699645996,log_loss,multiclass,0.11861995870222782,config,TabICLv2,tabarena-2026-07-13,default,TABICLV2,False,
splice,0,TABSTAR (default),0.1309580002778586,993.6472461223602,4.939121723175049,log_loss,multiclass,0.195971660644889,config,TabSTAR,tabarena-2026-03-18,default,TABSTAR,False,
splice,0,TABSTAR (tuned),0.09390563482177508,96762.4441356659,4.559189558029175,log_loss,multiclass,0.16186461908570235,hpo,TabSTAR,tabarena-2026-03-18,tuned,TABSTAR,False,
splice,0,TABSTAR (tuned + ensemble),0.09920432072914188,96762.4441356659,21.442862272262573,log_loss,multiclass,0.15035716708320931,hpo,TabSTAR,tabarena-2026-03-18,tuned_ensemble,TABSTAR,False,
splice,0,PB (default),0.20464490711342267,10489.170077085495,3.8272037506103516,log_loss,multiclass,0.3343584906746801,config,PerpetualBooster,tabarena-2026-03-18,default,PB,False,
splice,0,PB (tuned),0.183993433836961,48565.08537483215,26.878516912460327,log_loss,multiclass,0.20983360472371082,hpo,PerpetualBooster,tabarena-2026-03-18,tuned,PB,False,
splice,0,PB (tuned + ensemble),0.1565262323955899,48565.08537483215,39.96124744415283,log_loss,multiclass,0.20218984054330563,hpo,PerpetualBooster,tabarena-2026-03-18,tuned_ensemble,PB,False,
splice,0,TABPFN-V2.6 (default),0.07864170368594846,13.803107976913452,0.565126895904541,log_loss,multiclass,0.1174656726206386,config,TabPFN-v2.6,tabarena-2026-03-18,default,TABPFN-V2.6,False,
splice,0,TA-LIMIX (default),0.08466718047023057,52.20697855949402,5.2190539836883545,log_loss,multiclass,0.11919547001286782,config,LimiX,tabarena-2026-05-13,default,TA-LIMIX,False,
splice,0,TA-ORION-MSP (default),0.2053078308507436,35.0504789352417,3.5136756896972656,log_loss,multiclass,0.23724978448413103,config,OrionMSP,tabarena-2026-05-13,default,TA-ORION-MSP,False,
splice,0,TA-TABPFN-3 (default),0.07977256707483853,16.76524519920349,0.48845982551574707,log_loss,multiclass,0.12647994050170114,config,TabPFN-3,tabarena-2026-07-13,default,TA-TABPFN-3,False,
splice,0,TA-ILTM (default),0.11052314570227126,917.8957498073578,151.00183629989624,log_loss,multiclass,0.15243947613624187,config,iLTM,tabarena-2026-05-13,default,TA-ILTM,False,
splice,0,TA-ILTM (tuned),0.10222717039147249,46300.22463321686,183.69531154632568,log_loss,multiclass,0.1306315187461713,hpo,iLTM,tabarena-2026-05-13,tuned,TA-ILTM,False,
splice,0,TA-ILTM (tuned + ensemble),0.09272628605713433,46300.22463321686,507.57951259613037,log_loss,multiclass,0.1083381717247681,hpo,iLTM,tabarena-2026-05-13,tuned_ensemble,TA-ILTM,False,
splice,0,TA-NORI (default),0.319173908519172,0.9566311836242676,0.07904553413391113,log_loss,multiclass,0.3251392139404064,config,Nori,tabarena-2026-07-13,default,TA-NORI,True,
splice,0,TA-NORI-30M (default),0.319173908519172,0.9566311836242676,0.07904553413391113,log_loss,multiclass,0.3251392139404064,config,Nori-30M,tabarena-2026-07-13,default,TA-NORI-30M,True,
splice,0,TABFM (default),0.06830293011702254,100.56549429893494,9.510124683380127,log_loss,multiclass,0.11460563347695049,config,TabFM,tabarena-2026-07-13,default,TABFM,False,
splice,0,TA-TABSWIFT (default),0.16126003468140782,4.92368745803833,0.05890989303588867,log_loss,multiclass,0.1840739999922536,config,TabSwift,tabarena-2026-07-13,default,TA-TABSWIFT,False,
splice,0,TA-EXAONE-TABULAR (default),0.07439465513743196,14.360586404800415,1.0902678966522217,log_loss,multiclass,0.11643252014925713,config,EXAONE-Tabular,tabarena-2026-08-06,default,TA-EXAONE-TABULAR,False,
splice,0,[Leakage] TabSTAR_base (default),0.11852925270795822,604.6649875640869,5.811467885971069,log_loss,multiclass,0.16539253294467926,config,[Leakage] TabSTAR_base,[Leakage] TabSTAR_base,default,[Leakage] TabSTAR_base,False,
splice,0,[Leakage] TabSTAR_correct (default),0.0978219211101532,587.5281600952148,5.772622346878052,log_loss,multiclass,0.14947208762168884,config,[Leakage] TabSTAR_correct,[Leakage] TabSTAR_correct,default,[Leakage] TabSTAR_correct,False,
splice,0,[Leakage] TabSTAR_wrong (default),0.1065550446510315,605.790271282196,5.748275995254517,log_loss,multiclass,0.15883147716522217,config,[Leakage] TabSTAR_wrong,[Leakage] TabSTAR_wrong,default,[Leakage] TabSTAR_wrong,False,
students_dropout_and_academic_success,0,"AutoGluon 1.4 (best, 4h)",0.5516587103046865,8704.277115106583,1.2364237308502197,log_loss,multiclass,0.5170771400085077,baseline,AutoGluon_v140_bq_4h8c,tabarena-2025-11-01,,,False,
students_dropout_and_academic_success,0,"AutoGluon 1.5 (extreme, 4h)",0.5446402523887128,2572.3518059253693,7.136152744293213,log_loss,multiclass,0.5139383726830047,baseline,AutoGluon_v150_eq_4h8c,tabarena-2025-12-18,,,False,
students_dropout_and_academic_success,0,"AutoGluon 1.6 (extreme, 4h)",0.5473399526216516,51.19327402114868,1.5237009525299072,log_loss,multiclass,0.5212979291104436,baseline,AutoGluon_16_extreme,tabarena-2026-08-05,,,False,
students_dropout_and_academic_success,0,"AutoGluon 1.6 (noncommercial, 4h)",0.5471532957265062,60.46093034744263,1.95491623878479,log_loss,multiclass,0.5211594453378493,baseline,AutoGluon_16_noncommercial,tabarena-2026-08-05,,,False,
students_dropout_and_academic_success,0,TabFM+,0.5279475139806623,46.7292914390564,11.351144790649414,log_loss,multiclass,,baseline,TabFM+,tabarena-2026-07-07,,,False,
students_dropout_and_academic_success,0,CAT (default),0.5753429733714002,55.9510862827301,0.10574197769165039,log_loss,multiclass,0.5381535584375468,config,CatBoost,tabarena-2026-07-13,default,CAT,False,
students_dropout_and_academic_success,0,CAT (tuned),0.5611390107628033,5851.093776226044,0.09999680519104004,log_loss,multiclass,0.5264393128064178,hpo,CatBoost,tabarena-2026-07-13,tuned,CAT,False,
students_dropout_and_academic_success,0,CAT (tuned + ensemble),0.5602203049470804,5851.093776226044,1.7856097221374512,log_loss,multiclass,0.5187577963579266,hpo,CatBoost,tabarena-2026-07-13,tuned_ensemble,CAT,False,
students_dropout_and_academic_success,0,CHIMERA (default),0.5595473647117615,10.911660194396973,0.09206604957580566,log_loss,multiclass,0.5384441018104553,config,ChimeraBoost,tabarena-2026-08-10,default,CHIMERA,False,
students_dropout_and_academic_success,0,CHIMERA (tuned),0.5568349939058912,2351.337648868561,0.10378289222717285,log_loss,multiclass,0.52877189819876,hpo,ChimeraBoost,tabarena-2026-08-10,tuned,CHIMERA,False,
students_dropout_and_academic_success,0,CHIMERA (tuned + ensemble),0.5612934033123682,2351.337648868561,1.7957632541656494,log_loss,multiclass,0.5113358779844509,hpo,ChimeraBoost,tabarena-2026-08-10,tuned_ensemble,CHIMERA,False,
students_dropout_and_academic_success,0,EBM (default),0.5705669318624845,11.329350233078003,0.05385637283325195,log_loss,multiclass,0.539482863706543,config,ExplainableBM,tabarena-2026-07-13,default,EBM,False,
students_dropout_and_academic_success,0,EBM (tuned),0.5716538785512105,21618.493227481842,0.032135963439941406,log_loss,multiclass,0.5338024741430617,hpo,ExplainableBM,tabarena-2026-07-13,tuned,EBM,False,
students_dropout_and_academic_success,0,EBM (tuned + ensemble),0.5706721893717273,21618.493227481842,0.3733851909637451,log_loss,multiclass,0.5255019561756591,hpo,ExplainableBM,tabarena-2026-07-13,tuned_ensemble,EBM,False,
students_dropout_and_academic_success,0,XT (default),0.6029480574937238,6.722787857055664,0.55745530128479,log_loss,multiclass,0.5853937836817232,config,ExtraTrees,tabarena-2026-07-13,default,XT,False,
students_dropout_and_academic_success,0,XT (tuned),0.5788168621445147,1097.4201021194458,0.14032721519470215,log_loss,multiclass,0.5601030924844378,hpo,ExtraTrees,tabarena-2026-07-13,tuned,XT,False,
students_dropout_and_academic_success,0,XT (tuned + ensemble),0.5787402601859131,1097.4201021194458,1.2901604175567627,log_loss,multiclass,0.5523076902566119,hpo,ExtraTrees,tabarena-2026-07-13,tuned_ensemble,XT,False,
students_dropout_and_academic_success,0,KNN (default),0.8485692855397968,0.4668715000152588,0.029514312744140625,log_loss,multiclass,0.7807116702259643,config,KNeighbors,tabarena-2025-10-20,default,KNN,False,
students_dropout_and_academic_success,0,KNN (tuned),0.7097740769386292,385.4544110298157,0.06842470169067383,log_loss,multiclass,0.7004319429397583,hpo,KNeighbors,tabarena-2025-10-20,tuned,KNN,False,
students_dropout_and_academic_success,0,KNN (tuned + ensemble),0.6681692600250244,385.4544110298157,1.8276176452636719,log_loss,multiclass,0.6471038460731506,hpo,KNeighbors,tabarena-2025-10-20,tuned_ensemble,KNN,False,
students_dropout_and_academic_success,0,GBM (default),0.5676244430547236,7.673433542251587,0.7752482891082764,log_loss,multiclass,0.5475777169084731,config,LightGBM,tabarena-2025-06-12,default,GBM,False,
students_dropout_and_academic_success,0,GBM (tuned),0.5588950399345386,1811.3893458843231,2.331047534942627,log_loss,multiclass,0.5274629774331678,hpo,LightGBM,tabarena-2025-06-12,tuned,GBM,False,
students_dropout_and_academic_success,0,GBM (tuned + ensemble),0.5590978377309019,1811.3893458843231,10.876701593399048,log_loss,multiclass,0.522172876075015,hpo,LightGBM,tabarena-2025-06-12,tuned_ensemble,GBM,False,
students_dropout_and_academic_success,0,LR (default),0.5903326751478909,4.934045314788818,0.1616530418395996,log_loss,multiclass,0.566711790689849,config,LinearModel,tabarena-2025-10-20,default,LR,False,
students_dropout_and_academic_success,0,LR (tuned),0.5761099457740784,1077.533111333847,0.10075879096984863,log_loss,multiclass,0.555404782295227,hpo,LinearModel,tabarena-2025-10-20,tuned,LR,False,
students_dropout_and_academic_success,0,LR (tuned + ensemble),0.574958086013794,1077.533111333847,1.5440282821655273,log_loss,multiclass,0.5522789359092712,hpo,LinearModel,tabarena-2025-10-20,tuned_ensemble,LR,False,
students_dropout_and_academic_success,0,FASTAI (default),0.5757572637689365,9.245899200439453,0.7700824737548828,log_loss,multiclass,0.5711108443873395,config,NeuralNetFastAI,tabarena-2025-06-12,default,FASTAI,False,
students_dropout_and_academic_success,0,FASTAI (tuned),0.5649288442885532,2144.9225614070892,1.3653481006622314,log_loss,multiclass,0.5326471353697441,hpo,NeuralNetFastAI,tabarena-2025-06-12,tuned,FASTAI,False,
students_dropout_and_academic_success,0,FASTAI (tuned + ensemble),0.5567027168545615,2144.9225614070892,11.840214014053345,log_loss,multiclass,0.5064283283896572,hpo,NeuralNetFastAI,tabarena-2025-06-12,tuned_ensemble,FASTAI,False,
students_dropout_and_academic_success,0,NN_TORCH (default),0.6060297397519618,13.923541784286499,0.27344202995300293,log_loss,multiclass,0.5903085936029671,config,NeuralNetTorch,tabarena-2025-06-12,default,NN_TORCH,False,
students_dropout_and_academic_success,0,NN_TORCH (tuned),0.5694885837000226,4919.592597961426,0.17806386947631836,log_loss,multiclass,0.5409204541498512,hpo,NeuralNetTorch,tabarena-2025-06-12,tuned,NN_TORCH,False,
students_dropout_and_academic_success,0,NN_TORCH (tuned + ensemble),0.5656864087935528,4919.592597961426,2.9921414852142334,log_loss,multiclass,0.5275121927695704,hpo,NeuralNetTorch,tabarena-2025-06-12,tuned_ensemble,NN_TORCH,False,
students_dropout_and_academic_success,0,RF (default),0.6025781699112828,1.9548051357269287,0.09175229072570801,log_loss,multiclass,0.5739910050857894,config,RandomForest,tabarena-2025-06-12,default,RF,False,
students_dropout_and_academic_success,0,RF (tuned),0.598109213533557,818.7065062522888,0.1433720588684082,log_loss,multiclass,0.5692859327718985,hpo,RandomForest,tabarena-2025-06-12,tuned,RF,False,
students_dropout_and_academic_success,0,RF (tuned + ensemble),0.596872309653236,818.7065062522888,2.425166130065918,log_loss,multiclass,0.5571944408991324,hpo,RandomForest,tabarena-2025-06-12,tuned_ensemble,RF,False,
students_dropout_and_academic_success,0,XGB (default),0.5688579323034699,6.575343370437622,0.4675559997558594,log_loss,multiclass,0.5466762762796397,config,XGBoost,tabarena-2025-06-12,default,XGB,False,
students_dropout_and_academic_success,0,XGB (tuned),0.5640535217848822,2286.1266479492188,1.0911664962768555,log_loss,multiclass,0.5285987658883584,hpo,XGBoost,tabarena-2025-06-12,tuned,XGB,False,
students_dropout_and_academic_success,0,XGB (tuned + ensemble),0.562794103128165,2286.1266479492188,3.219954013824463,log_loss,multiclass,0.5260574181231897,hpo,XGBoost,tabarena-2025-06-12,tuned_ensemble,XGB,False,
students_dropout_and_academic_success,0,MITRA_GPU (default),0.5529135745510066,621.2222027778625,6.813080310821533,log_loss,multiclass,0.5290157550675401,config,Mitra_GPU,tabarena-2025-09-03,default,MITRA_GPU,False,
students_dropout_and_academic_success,0,MNCA_GPU (default),0.5743565637651167,43.80479693412781,0.5322227478027344,log_loss,multiclass,0.5462679807956575,config,ModernNCA_GPU,tabarena-2025-06-12,default,MNCA_GPU,False,
students_dropout_and_academic_success,0,MNCA_GPU (tuned),0.5709136041843255,18481.964403629303,0.5141561031341553,log_loss,multiclass,0.5360608030815549,hpo,ModernNCA_GPU,tabarena-2025-06-12,tuned,MNCA_GPU,False,
students_dropout_and_academic_success,0,MNCA_GPU (tuned + ensemble),0.5647411041137942,18481.964403629303,14.189403295516968,log_loss,multiclass,0.5061170059856671,hpo,ModernNCA_GPU,tabarena-2025-06-12,tuned_ensemble,MNCA_GPU,False,
students_dropout_and_academic_success,0,REALMLP_GPU (default),0.5778146580363608,38.01724576950073,4.094073534011841,log_loss,multiclass,0.5495273929139913,config,RealMLP_GPU,tabarena-2025-09-03,default,REALMLP_GPU,False,
students_dropout_and_academic_success,0,REALMLP_GPU (tuned),0.5615809559822083,7275.772755861282,0.5042178630828857,log_loss,multiclass,0.5240767598152161,hpo,RealMLP_GPU,tabarena-2025-09-03,tuned,REALMLP_GPU,False,
students_dropout_and_academic_success,0,REALMLP_GPU (tuned + ensemble),0.5559202432632446,7275.772755861282,32.12011218070984,log_loss,multiclass,0.5096831321716309,hpo,RealMLP_GPU,tabarena-2025-09-03,tuned_ensemble,REALMLP_GPU,False,
students_dropout_and_academic_success,0,TABDPT_GPU (default),0.5816187088168174,197.15075302124023,59.28236794471741,log_loss,multiclass,0.5441669538866659,config,TabDPT_GPU,tabarena-2025-10-20,default,TABDPT_GPU,False,
students_dropout_and_academic_success,0,TABDPT_GPU (tuned),0.5698103424585571,24817.355605363846,57.323230028152466,log_loss,multiclass,0.5400680599143123,hpo,TabDPT_GPU,tabarena-2025-10-20,tuned,TABDPT_GPU,False,
students_dropout_and_academic_success,0,TABDPT_GPU (tuned + ensemble),0.5659394699969735,24817.355605363846,688.745902299881,log_loss,multiclass,0.536603303246754,hpo,TabDPT_GPU,tabarena-2025-10-20,tuned_ensemble,TABDPT_GPU,False,
students_dropout_and_academic_success,0,TABDPT_TURBO (default),0.5613341648388797,7.862855434417725,0.18439316749572754,log_loss,multiclass,0.537148084153164,config,TabDPT-Turbo,tabarena-2026-07-13,default,TABDPT_TURBO,False,
students_dropout_and_academic_success,0,TABICL_GPU (default),0.5668978619061781,25.70625400543213,2.162321090698242,log_loss,multiclass,0.5430854315939985,config,TabICL_GPU,tabarena-2025-06-12,default,TABICL_GPU,False,
students_dropout_and_academic_success,0,TA-TABM (default),0.5631070659099824,17.852571725845337,0.47181034088134766,log_loss,multiclass,0.5284745448001212,config,TabM,tabarena-2026-06-26,default,TA-TABM,False,
students_dropout_and_academic_success,0,TA-TABM (tuned),0.563896081551279,6266.822264432907,0.6263856887817383,log_loss,multiclass,0.5248565172918042,hpo,TabM,tabarena-2026-06-26,tuned,TA-TABM,False,
students_dropout_and_academic_success,0,TA-TABM (tuned + ensemble),0.5606734285208801,6266.822264432907,6.561342716217041,log_loss,multiclass,0.5168381271254917,hpo,TabM,tabarena-2026-06-26,tuned_ensemble,TA-TABM,False,
students_dropout_and_academic_success,0,TABPFNV2_GPU (default),0.5517254559643091,11.396654844284058,0.42960238456726074,log_loss,multiclass,0.5264034320186959,config,TabPFNv2_GPU,tabarena-2025-06-12,default,TABPFNV2_GPU,False,
students_dropout_and_academic_success,0,TABPFNV2_GPU (tuned),0.5483742051848806,12440.47407078743,1.1012706756591797,log_loss,multiclass,0.5184988254604294,hpo,TabPFNv2_GPU,tabarena-2025-06-12,tuned,TABPFNV2_GPU,False,
students_dropout_and_academic_success,0,TABPFNV2_GPU (tuned + ensemble),0.5463328979486346,12440.47407078743,75.18110775947571,log_loss,multiclass,0.5135223878491917,hpo,TabPFNv2_GPU,tabarena-2025-06-12,tuned_ensemble,TABPFNV2_GPU,False,
students_dropout_and_academic_success,0,XRFM_GPU (default),0.5896315782970527,8.836919784545898,0.6549303531646729,log_loss,multiclass,0.5642062275081888,config,xRFM_GPU,tabarena-2025-09-03,default,XRFM_GPU,False,
students_dropout_and_academic_success,0,XRFM_GPU (tuned),0.5762821435928345,2190.756894350052,0.10966825485229492,log_loss,multiclass,0.5358343124389648,hpo,xRFM_GPU,tabarena-2025-09-03,tuned,XRFM_GPU,False,
students_dropout_and_academic_success,0,XRFM_GPU (tuned + ensemble),0.5594378709793091,2190.756894350052,1.7352747917175293,log_loss,multiclass,0.5182750821113586,hpo,xRFM_GPU,tabarena-2025-09-03,tuned_ensemble,XRFM_GPU,False,
students_dropout_and_academic_success,0,BETA_GPU (default),0.5695520920532209,667.7639183998108,3.0692636966705322,log_loss,multiclass,0.5308274732550229,config,BetaTabPFN_GPU,tabarena-2025-09-03,default,BETA_GPU,False,
students_dropout_and_academic_success,0,TABFLEX_GPU (default),0.5892011969027533,4.580724239349365,0.5107288360595703,log_loss,multiclass,0.5562500881520922,config,TabFlex_GPU,tabarena-2025-09-03,default,TABFLEX_GPU,False,
students_dropout_and_academic_success,0,REALTABPFN-V2.5 (default),0.5469248356830934,10.404936075210571,0.8289258480072021,log_loss,multiclass,0.5207968258328135,config,RealTabPFN-v2.5,tabarena-2025-11-12,default,REALTABPFN-V2.5,False,
students_dropout_and_academic_success,0,REALTABPFN-V2.5 (tuned),0.5469248356830934,5760.115637302399,0.8289258480072021,log_loss,multiclass,0.5207968258328135,hpo,RealTabPFN-v2.5,tabarena-2025-11-12,tuned,REALTABPFN-V2.5,False,
students_dropout_and_academic_success,0,REALTABPFN-V2.5 (tuned + ensemble),0.5437314022691051,5760.115637302399,12.255013465881348,log_loss,multiclass,0.5193967092881954,hpo,RealTabPFN-v2.5,tabarena-2025-11-12,tuned_ensemble,REALTABPFN-V2.5,False,
students_dropout_and_academic_success,0,SAP-RPT-OSS (default),0.5474419676845982,25.34332847595215,1.780106544494629,log_loss,multiclass,0.5204013142841926,config,SAP-RPT-OSS,tabarena-2025-11-25,default,SAP-RPT-OSS,False,
students_dropout_and_academic_success,0,TABICLV2 (default),0.5502392261049277,6.237958669662476,0.20073366165161133,log_loss,multiclass,0.5276981453322785,config,TabICLv2,tabarena-2026-07-13,default,TABICLV2,False,
students_dropout_and_academic_success,0,TABSTAR (default),0.6220725254521086,3283.529094696045,16.13369369506836,log_loss,multiclass,0.5856963027338408,config,TabSTAR,tabarena-2026-03-18,default,TABSTAR,False,
students_dropout_and_academic_success,0,TABSTAR (tuned),0.6151673916764553,152528.0069653988,6.26726770401001,log_loss,multiclass,0.577108618477835,hpo,TabSTAR,tabarena-2026-03-18,tuned,TABSTAR,False,
students_dropout_and_academic_success,0,TABSTAR (tuned + ensemble),0.611183129348481,152528.0069653988,41.7075719833374,log_loss,multiclass,0.5739456829651342,hpo,TabSTAR,tabarena-2026-03-18,tuned_ensemble,TABSTAR,False,
students_dropout_and_academic_success,0,PB (default),1.6535792395928766,136.46267580986023,4.299064874649048,log_loss,multiclass,1.6462150274138003,config,PerpetualBooster,tabarena-2026-03-18,default,PB,False,
students_dropout_and_academic_success,0,PB (tuned),1.7384903890489911,1402.6574323177338,8.710453033447266,log_loss,multiclass,1.4288042541825534,hpo,PerpetualBooster,tabarena-2026-03-18,tuned,PB,False,
students_dropout_and_academic_success,0,PB (tuned + ensemble),1.1753992779824909,1402.6574323177338,60.517332553863525,log_loss,multiclass,1.1967029482874574,hpo,PerpetualBooster,tabarena-2026-03-18,tuned_ensemble,PB,False,
students_dropout_and_academic_success,0,TABPFN-V2.6 (default),0.5519167617631762,11.237590551376343,0.5032086372375488,log_loss,multiclass,0.5319869130416572,config,TabPFN-v2.6,tabarena-2026-03-18,default,TABPFN-V2.6,False,
students_dropout_and_academic_success,0,TA-LIMIX (default),0.553054195317224,50.326669454574585,5.120035171508789,log_loss,multiclass,0.5289126227776153,config,LimiX,tabarena-2026-05-13,default,TA-LIMIX,False,
students_dropout_and_academic_success,0,TA-ORION-MSP (default),0.5929725293977078,35.786728382110596,3.77224063873291,log_loss,multiclass,0.5586126116721696,config,OrionMSP,tabarena-2026-05-13,default,TA-ORION-MSP,False,
students_dropout_and_academic_success,0,TA-TABPFN-3 (default),0.5609194925929668,13.030867099761963,0.4063243865966797,log_loss,multiclass,0.5351383649853301,config,TabPFN-3,tabarena-2026-07-13,default,TA-TABPFN-3,False,
students_dropout_and_academic_success,0,TA-ILTM (default),0.5982582200441839,1012.7451002597809,153.47670602798462,log_loss,multiclass,0.5604277436097547,config,iLTM,tabarena-2026-05-13,default,TA-ILTM,False,
students_dropout_and_academic_success,0,TA-ILTM (tuned),0.5779162363233451,46557.38985943794,87.6152594089508,log_loss,multiclass,0.5403552477204802,hpo,iLTM,tabarena-2026-05-13,tuned,TA-ILTM,False,
students_dropout_and_academic_success,0,TA-ILTM (tuned + ensemble),0.5681121123362217,46557.38985943794,676.1362218856812,log_loss,multiclass,0.5224187301454806,hpo,iLTM,tabarena-2026-05-13,tuned_ensemble,TA-ILTM,False,
students_dropout_and_academic_success,0,TA-NORI (default),0.6025781699112828,1.9548051357269287,0.09175229072570801,log_loss,multiclass,0.5739910050857894,config,Nori,tabarena-2026-07-13,default,TA-NORI,True,
students_dropout_and_academic_success,0,TA-NORI-30M (default),0.6025781699112828,1.9548051357269287,0.09175229072570801,log_loss,multiclass,0.5739910050857894,config,Nori-30M,tabarena-2026-07-13,default,TA-NORI-30M,True,
students_dropout_and_academic_success,0,TABFM (default),0.5351762642036199,78.81114554405212,9.488370180130005,log_loss,multiclass,0.5023594205044225,config,TabFM,tabarena-2026-07-13,default,TABFM,False,
students_dropout_and_academic_success,0,TA-TABSWIFT (default),0.5643771200321529,5.2008750438690186,0.06828069686889648,log_loss,multiclass,0.5422899447771499,config,TabSwift,tabarena-2026-07-13,default,TA-TABSWIFT,False,
students_dropout_and_academic_success,0,TA-EXAONE-TABULAR (default),0.5354595414472963,13.564594268798828,0.8748302459716797,log_loss,multiclass,0.5128920785507657,config,EXAONE-Tabular,tabarena-2026-08-06,default,TA-EXAONE-TABULAR,False,
students_dropout_and_academic_success,0,[Leakage] TabSTAR_base (default),0.5892536044120789,649.948145866394,8.407468795776367,log_loss,multiclass,0.5718935132026672,config,[Leakage] TabSTAR_base,[Leakage] TabSTAR_base,default,[Leakage] TabSTAR_base,False,
students_dropout_and_academic_success,0,[Leakage] TabSTAR_correct (default),0.5784876346588135,640.4317305088043,8.42730164527893,log_loss,multiclass,0.5577214360237122,config,[Leakage] TabSTAR_correct,[Leakage] TabSTAR_correct,default,[Leakage] TabSTAR_correct,False,
students_dropout_and_academic_success,0,[Leakage] TabSTAR_wrong (default),0.6025781699112828,1.9548051357269287,0.09175229072570801,log_loss,multiclass,0.5739910050857894,config,[Leakage] TabSTAR_wrong,[Leakage] TabSTAR_wrong,default,[Leakage] TabSTAR_wrong,True,
superconductivity,0,"AutoGluon 1.4 (best, 4h)",9.129571475421567,14405.548024892807,12.557068824768066,rmse,regression,9.124429504630928,baseline,AutoGluon_v140_bq_4h8c,tabarena-2025-11-01,,,False,
superconductivity,0,"AutoGluon 1.5 (extreme, 4h)",9.056020037945773,10023.971235990524,30.678357124328613,rmse,regression,9.154586175007568,baseline,AutoGluon_v150_eq_4h8c,tabarena-2025-12-18,,,False,
superconductivity,0,"AutoGluon 1.6 (extreme, 4h)",8.921859473461005,203.96673226356506,4.807912111282349,rmse,regression,9.026934663872009,baseline,AutoGluon_16_extreme,tabarena-2026-08-05,,,False,
superconductivity,0,"AutoGluon 1.6 (noncommercial, 4h)",8.875454579634738,229.6138162612915,7.629793167114258,rmse,regression,8.996107267498148,baseline,AutoGluon_16_noncommercial,tabarena-2026-08-05,,,False,
superconductivity,0,TabFM+,8.888223951285147,86.28483653068542,120.75991177558899,rmse,regression,,baseline,TabFM+,tabarena-2026-07-07,,,False,
superconductivity,0,CAT (default),9.263816812713719,127.89965915679932,0.0730295181274414,rmse,regression,9.614788096317593,config,CatBoost,tabarena-2026-07-13,default,CAT,False,
superconductivity,0,CAT (tuned),9.278808062661772,44225.64030480385,0.31876182556152344,rmse,regression,9.501755602600035,hpo,CatBoost,tabarena-2026-07-13,tuned,CAT,False,
superconductivity,0,CAT (tuned + ensemble),9.259437522897667,44225.64030480385,2.9922635555267334,rmse,regression,9.47044362175179,hpo,CatBoost,tabarena-2026-07-13,tuned_ensemble,CAT,False,
superconductivity,0,CHIMERA (default),9.374495305397275,21.446569204330444,0.7426424026489258,rmse,regression,9.650847276742951,config,ChimeraBoost,tabarena-2026-08-10,default,CHIMERA,False,
superconductivity,0,CHIMERA (tuned),9.305069325646363,4480.760081768036,0.9948246479034424,rmse,regression,9.531711202158249,hpo,ChimeraBoost,tabarena-2026-08-10,tuned,CHIMERA,False,
superconductivity,0,CHIMERA (tuned + ensemble),9.254174608501764,4480.760081768036,8.79188585281372,rmse,regression,9.338201674951623,hpo,ChimeraBoost,tabarena-2026-08-10,tuned_ensemble,CHIMERA,False,
superconductivity,0,EBM (default),10.205564506074783,230.06241464614868,0.48183274269104004,rmse,regression,10.769127127538423,config,ExplainableBM,tabarena-2026-07-13,default,EBM,False,
superconductivity,0,EBM (tuned),10.047955133523123,114313.28867220879,0.6754124164581299,rmse,regression,10.52739824084137,hpo,ExplainableBM,tabarena-2026-07-13,tuned,EBM,False,
superconductivity,0,EBM (tuned + ensemble),9.876775026861582,114313.28867220879,8.445812225341797,rmse,regression,10.230429144348987,hpo,ExplainableBM,tabarena-2026-07-13,tuned_ensemble,EBM,False,
superconductivity,0,XT (default),9.411799507961225,36.49630856513977,0.7146599292755127,rmse,regression,9.599052709095638,config,ExtraTrees,tabarena-2026-07-13,default,XT,False,
superconductivity,0,XT (tuned),9.29638907842759,1806.3316578865051,0.2325444221496582,rmse,regression,9.551998672810916,hpo,ExtraTrees,tabarena-2026-07-13,tuned,XT,False,
superconductivity,0,XT (tuned + ensemble),9.293161934950412,1806.3316578865051,2.6115787029266357,rmse,regression,9.464043585477732,hpo,ExtraTrees,tabarena-2026-07-13,tuned_ensemble,XT,False,
superconductivity,0,KNN (default),11.086303947039307,0.8845977783203125,0.16905879974365234,rmse,regression,11.159999451414405,config,KNeighbors,tabarena-2025-10-20,default,KNN,False,
superconductivity,0,KNN (tuned),10.223342858746141,4709.027968168259,2.131812572479248,rmse,regression,10.311949933131704,hpo,KNeighbors,tabarena-2025-10-20,tuned,KNN,False,
superconductivity,0,KNN (tuned + ensemble),9.902156854998127,4709.027968168259,31.987832069396973,rmse,regression,9.877741925601628,hpo,KNeighbors,tabarena-2025-10-20,tuned_ensemble,KNN,False,
superconductivity,0,GBM (default),9.33002335952439,28.770506620407104,2.0995535850524902,rmse,regression,9.674074468088552,config,LightGBM,tabarena-2025-06-12,default,GBM,False,
superconductivity,0,GBM (tuned),9.123543283226882,9731.326864480972,4.851914167404175,rmse,regression,9.41888063967519,hpo,LightGBM,tabarena-2025-06-12,tuned,GBM,False,
superconductivity,0,GBM (tuned + ensemble),9.138874832679502,9731.326864480972,68.7947289943695,rmse,regression,9.329862376495146,hpo,LightGBM,tabarena-2025-06-12,tuned_ensemble,GBM,False,
superconductivity,0,LR (default),17.41749763924846,4.415846109390259,0.7740285396575928,rmse,regression,17.44687235129963,config,LinearModel,tabarena-2025-10-20,default,LR,False,
superconductivity,0,LR (tuned),17.414188429535745,1315.4575185775757,0.6029481887817383,rmse,regression,17.438237511991037,hpo,LinearModel,tabarena-2025-10-20,tuned,LR,False,
superconductivity,0,LR (tuned + ensemble),17.284169006996574,1315.4575185775757,2.1861941814422607,rmse,regression,17.2655515120362,hpo,LinearModel,tabarena-2025-10-20,tuned_ensemble,LR,False,
superconductivity,0,FASTAI (default),11.561548710356297,21.17293906211853,1.4462931156158447,rmse,regression,11.67011285507873,config,NeuralNetFastAI,tabarena-2025-06-12,default,FASTAI,False,
superconductivity,0,FASTAI (tuned),10.586108771444126,5467.458690166473,1.4059789180755615,rmse,regression,10.775321565059592,hpo,NeuralNetFastAI,tabarena-2025-06-12,tuned,FASTAI,False,
superconductivity,0,FASTAI (tuned + ensemble),10.548185756261216,5467.458690166473,5.063936233520508,rmse,regression,10.608051064725137,hpo,NeuralNetFastAI,tabarena-2025-06-12,tuned_ensemble,FASTAI,False,
superconductivity,0,NN_TORCH (default),9.93640159447524,355.33711099624634,0.5768628120422363,rmse,regression,10.150895860123908,config,NeuralNetTorch,tabarena-2025-06-12,default,NN_TORCH,False,
superconductivity,0,NN_TORCH (tuned),9.624036403112271,81408.38901042938,0.627288818359375,rmse,regression,9.766035379637147,hpo,NeuralNetTorch,tabarena-2025-06-12,tuned,NN_TORCH,False,
superconductivity,0,NN_TORCH (tuned + ensemble),9.530116035075327,81408.38901042938,9.867212295532227,rmse,regression,9.320258283909997,hpo,NeuralNetTorch,tabarena-2025-06-12,tuned_ensemble,NN_TORCH,False,
superconductivity,0,RF (default),9.582525705237195,39.379685163497925,0.3721911907196045,rmse,regression,9.637435493065666,config,RandomForest,tabarena-2025-06-12,default,RF,False,
superconductivity,0,RF (tuned),9.582525705237195,7458.950337409973,0.3721911907196045,rmse,regression,9.637435493065666,hpo,RandomForest,tabarena-2025-06-12,tuned,RF,False,
superconductivity,0,RF (tuned + ensemble),9.494666609311594,7458.950337409973,5.457806348800659,rmse,regression,9.53454973913196,hpo,RandomForest,tabarena-2025-06-12,tuned_ensemble,RF,False,
superconductivity,0,XGB (default),9.416368548419275,30.420203685760498,0.5209238529205322,rmse,regression,9.805107535880088,config,XGBoost,tabarena-2025-06-12,default,XGB,False,
superconductivity,0,XGB (tuned),9.276557926444571,21652.6676633358,2.5540895462036133,rmse,regression,9.488476551230566,hpo,XGBoost,tabarena-2025-06-12,tuned,XGB,False,
superconductivity,0,XGB (tuned + ensemble),9.273820255808243,21652.6676633358,12.741094827651978,rmse,regression,9.444606765671546,hpo,XGBoost,tabarena-2025-06-12,tuned_ensemble,XGB,False,
superconductivity,0,MITRA_GPU (default),9.582525705237195,39.379685163497925,0.3721911907196045,rmse,regression,9.637435493065666,config,Mitra_GPU,tabarena-2025-09-03,default,MITRA_GPU,True,
superconductivity,0,MNCA_GPU (default),9.48624876062519,247.0310251712799,2.995574951171875,rmse,regression,9.768026250560881,config,ModernNCA_GPU,tabarena-2025-06-12,default,MNCA_GPU,False,
superconductivity,0,MNCA_GPU (tuned),9.5178920888948,54030.84883737564,3.2028822898864746,rmse,regression,9.62590926076745,hpo,ModernNCA_GPU,tabarena-2025-06-12,tuned,MNCA_GPU,False,
superconductivity,0,MNCA_GPU (tuned + ensemble),9.187247680640379,54030.84883737564,97.0994279384613,rmse,regression,9.12099567999961,hpo,ModernNCA_GPU,tabarena-2025-06-12,tuned_ensemble,MNCA_GPU,False,
superconductivity,0,REALMLP_GPU (default),9.458875804668654,94.06514048576355,4.253600120544434,rmse,regression,9.954560791145694,config,RealMLP_GPU,tabarena-2025-09-03,default,REALMLP_GPU,False,
superconductivity,0,REALMLP_GPU (tuned),9.489097479725714,57513.72247385979,0.8411860466003418,rmse,regression,9.371176961365036,hpo,RealMLP_GPU,tabarena-2025-09-03,tuned,REALMLP_GPU,False,
superconductivity,0,REALMLP_GPU (tuned + ensemble),9.181780580646237,57513.72247385979,58.623046875,rmse,regression,9.107605439913808,hpo,RealMLP_GPU,tabarena-2025-09-03,tuned_ensemble,REALMLP_GPU,False,
superconductivity,0,TABDPT_GPU (default),8.995491077691318,632.908289194107,270.75731778144836,rmse,regression,9.066769901146724,config,TabDPT_GPU,tabarena-2025-10-20,default,TABDPT_GPU,False,
superconductivity,0,TABDPT_GPU (tuned),8.966560550146767,72432.84356117249,280.2492823600769,rmse,regression,9.050101734086889,hpo,TabDPT_GPU,tabarena-2025-10-20,tuned,TABDPT_GPU,False,
superconductivity,0,TABDPT_GPU (tuned + ensemble),8.955830204212823,72432.84356117249,2749.2372970581055,rmse,regression,9.008479823821322,hpo,TabDPT_GPU,tabarena-2025-10-20,tuned_ensemble,TABDPT_GPU,False,
superconductivity,0,TABDPT_TURBO (default),9.142924952675623,12.739574432373047,0.792123556137085,rmse,regression,9.199401404422861,config,TabDPT-Turbo,tabarena-2026-07-13,default,TABDPT_TURBO,False,
superconductivity,0,TABICL_GPU (default),9.582525705237195,39.379685163497925,0.3721911907196045,rmse,regression,9.637435493065666,config,TabICL_GPU,tabarena-2025-06-12,default,TABICL_GPU,True,RandomForest_c1_BAG_L1
superconductivity,0,TA-TABM (default),9.282426138523565,116.8428041934967,0.947796106338501,rmse,regression,9.650618221727097,config,TabM,tabarena-2026-06-26,default,TA-TABM,False,
superconductivity,0,TA-TABM (tuned),9.121959252539934,53448.08504343033,1.3724396228790283,rmse,regression,9.365831318499145,hpo,TabM,tabarena-2026-06-26,tuned,TA-TABM,False,
superconductivity,0,TA-TABM (tuned + ensemble),9.113555350027262,53448.08504343033,10.934859275817871,rmse,regression,9.239838966380416,hpo,TabM,tabarena-2026-06-26,tuned_ensemble,TA-TABM,False,
superconductivity,0,TABPFNV2_GPU (default),9.582525705237195,39.379685163497925,0.3721911907196045,rmse,regression,9.637435493065666,config,TabPFNv2_GPU,tabarena-2025-06-12,default,TABPFNV2_GPU,True,RandomForest_c1_BAG_L1
superconductivity,0,TABPFNV2_GPU (tuned),9.582525705237195,39.379685163497925,0.3721911907196045,rmse,regression,9.637435493065666,hpo,TabPFNv2_GPU,tabarena-2025-06-12,tuned,TABPFNV2_GPU,True,RandomForest_c1_BAG_L1
superconductivity,0,TABPFNV2_GPU (tuned + ensemble),9.582525705237195,39.379685163497925,0.3721911907196045,rmse,regression,9.637435493065666,hpo,TabPFNv2_GPU,tabarena-2025-06-12,tuned_ensemble,TABPFNV2_GPU,True,RandomForest_c1_BAG_L1
superconductivity,0,XRFM_GPU (default),9.437717324958262,31.507615089416504,1.6260871887207031,rmse,regression,9.640806178431584,config,xRFM_GPU,tabarena-2025-09-03,default,XRFM_GPU,False,
superconductivity,0,XRFM_GPU (tuned),9.364244467349257,5331.205455780029,0.2474989891052246,rmse,regression,9.52019072991355,hpo,xRFM_GPU,tabarena-2025-09-03,tuned,XRFM_GPU,False,
superconductivity,0,XRFM_GPU (tuned + ensemble),9.292278131065963,5331.205455780029,4.605919361114502,rmse,regression,9.387483811704147,hpo,xRFM_GPU,tabarena-2025-09-03,tuned_ensemble,XRFM_GPU,False,
superconductivity,0,BETA_GPU (default),9.582525705237195,39.379685163497925,0.3721911907196045,rmse,regression,9.637435493065666,config,BetaTabPFN_GPU,tabarena-2025-09-03,default,BETA_GPU,True,
superconductivity,0,TABFLEX_GPU (default),9.582525705237195,39.379685163497925,0.3721911907196045,rmse,regression,9.637435493065666,config,TabFlex_GPU,tabarena-2025-09-03,default,TABFLEX_GPU,True,
superconductivity,0,REALTABPFN-V2.5 (default),9.203596734448945,101.5343587398529,14.672367334365845,rmse,regression,9.27103652532521,config,RealTabPFN-v2.5,tabarena-2025-11-12,default,REALTABPFN-V2.5,False,
superconductivity,0,REALTABPFN-V2.5 (tuned),9.084286283018614,28967.80777835846,20.01434898376465,rmse,regression,9.235649097932455,hpo,RealTabPFN-v2.5,tabarena-2025-11-12,tuned,REALTABPFN-V2.5,False,
superconductivity,0,REALTABPFN-V2.5 (tuned + ensemble),9.127815065096684,28967.80777835846,182.96626377105713,rmse,regression,9.157275235971854,hpo,RealTabPFN-v2.5,tabarena-2025-11-12,tuned_ensemble,REALTABPFN-V2.5,False,
superconductivity,0,SAP-RPT-OSS (default),9.927361691962357,871.6025552749634,426.0893156528473,rmse,regression,9.95130003481568,config,SAP-RPT-OSS,tabarena-2025-11-25,default,SAP-RPT-OSS,False,
superconductivity,0,TABICLV2 (default),8.941578115444411,18.642287015914917,1.6850183010101318,rmse,regression,9.063066208696963,config,TabICLv2,tabarena-2026-07-13,default,TABICLV2,False,
superconductivity,0,TABSTAR (default),14.463212453790215,3447.2682971954346,66.11597442626953,rmse,regression,14.47642584753924,config,TabSTAR,tabarena-2026-03-18,default,TABSTAR,False,
superconductivity,0,TABSTAR (tuned),13.745606227996852,174795.44284129143,60.11506223678589,rmse,regression,13.803948644438728,hpo,TabSTAR,tabarena-2026-03-18,tuned,TABSTAR,False,
superconductivity,0,TABSTAR (tuned + ensemble),13.67913646450046,174795.44284129143,184.2504358291626,rmse,regression,13.70885618588837,hpo,TabSTAR,tabarena-2026-03-18,tuned_ensemble,TABSTAR,False,
superconductivity,0,PB (default),9.871039866957627,692.720278263092,0.04008984565734863,rmse,regression,10.264187119492869,config,PerpetualBooster,tabarena-2026-03-18,default,PB,False,
superconductivity,0,PB (tuned),9.50285877684309,3724.905877351761,0.5642704963684082,rmse,regression,9.718901454592629,hpo,PerpetualBooster,tabarena-2026-03-18,tuned,PB,False,
superconductivity,0,PB (tuned + ensemble),9.371212146163822,3724.905877351761,2.8378522396087646,rmse,regression,9.618706493018195,hpo,PerpetualBooster,tabarena-2026-03-18,tuned_ensemble,PB,False,
superconductivity,0,TABPFN-V2.6 (default),9.184438051179269,121.32071447372437,11.361096858978271,rmse,regression,9.294790963577679,config,TabPFN-v2.6,tabarena-2026-03-18,default,TABPFN-V2.6,False,
superconductivity,0,TA-LIMIX (default),9.374120767947138,841.6722309589386,39.541030168533325,rmse,regression,9.802525574136766,config,LimiX,tabarena-2026-05-13,default,TA-LIMIX,False,
superconductivity,0,TA-ORION-MSP (default),9.582525705237195,39.379685163497925,0.3721911907196045,rmse,regression,9.637435493065666,config,OrionMSP,tabarena-2026-05-13,default,TA-ORION-MSP,True,
superconductivity,0,TA-TABPFN-3 (default),8.963563937501041,38.83355355262756,2.8217055797576904,rmse,regression,9.07917824369923,config,TabPFN-3,tabarena-2026-07-13,default,TA-TABPFN-3,False,
superconductivity,0,TA-ILTM (default),9.954317339798,2719.130299091339,125.47930335998535,rmse,regression,10.111132464166445,config,iLTM,tabarena-2026-05-13,default,TA-ILTM,False,
superconductivity,0,TA-ILTM (tuned),9.31078824304507,64012.415591955185,132.90717363357544,rmse,regression,9.446005812582593,hpo,iLTM,tabarena-2026-05-13,tuned,TA-ILTM,False,
superconductivity,0,TA-ILTM (tuned + ensemble),9.345449169791156,64012.415591955185,699.4800817966461,rmse,regression,9.219572963824872,hpo,iLTM,tabarena-2026-05-13,tuned_ensemble,TA-ILTM,False,
superconductivity,0,TA-NORI (default),9.240260312611065,97.30235886573792,15.545349836349487,rmse,regression,9.298474115774024,config,Nori,tabarena-2026-07-13,default,TA-NORI,False,
superconductivity,0,TA-NORI-30M (default),9.094286617366011,218.72326231002808,40.30053687095642,rmse,regression,9.190978835883664,config,Nori-30M,tabarena-2026-07-13,default,TA-NORI-30M,False,
superconductivity,0,TABFM (default),8.903091358499415,578.2495000362396,106.53892302513123,rmse,regression,9.020112386596097,config,TabFM,tabarena-2026-07-13,default,TABFM,False,
superconductivity,0,TA-TABSWIFT (default),9.81495392147927,12.729081869125366,0.5588662624359131,rmse,regression,9.785796104126018,config,TabSwift,tabarena-2026-07-13,default,TA-TABSWIFT,False,
superconductivity,0,TA-EXAONE-TABULAR (default),9.060523674047351,300.3168535232544,27.848557949066162,rmse,regression,9.168745386730087,config,EXAONE-Tabular,tabarena-2026-08-06,default,TA-EXAONE-TABULAR,False,
superconductivity,0,[Leakage] TabSTAR_base (default),13.438867244049606,3435.396728038788,109.8708016872406,rmse,regression,13.574655821687157,config,[Leakage] TabSTAR_base,[Leakage] TabSTAR_base,default,[Leakage] TabSTAR_base,False,
superconductivity,0,[Leakage] TabSTAR_correct (default),13.587712288071591,3446.6125934123993,109.11876511573792,rmse,regression,13.795370937290972,config,[Leakage] TabSTAR_correct,[Leakage] TabSTAR_correct,default,[Leakage] TabSTAR_correct,False,
superconductivity,0,[Leakage] TabSTAR_wrong (default),13.511402880431023,3446.356039047241,108.86504602432251,rmse,regression,13.541228361392886,config,[Leakage] TabSTAR_wrong,[Leakage] TabSTAR_wrong,default,[Leakage] TabSTAR_wrong,False,
taiwanese_bankruptcy_prediction,0,"AutoGluon 1.4 (best, 4h)",0.048605230386052356,8577.545351028442,4.0467610359191895,roc_auc,binary,0.04492672267815978,baseline,AutoGluon_v140_bq_4h8c,tabarena-2025-11-01,,,False,
taiwanese_bankruptcy_prediction,0,"AutoGluon 1.5 (extreme, 4h)",0.04956413449564134,1216.5019297599792,12.49562931060791,roc_auc,binary,0.056399645559519596,baseline,AutoGluon_v150_eq_4h8c,tabarena-2025-12-18,,,False,
taiwanese_bankruptcy_prediction,0,"AutoGluon 1.6 (extreme, 4h)",0.0519987546699876,29.453237295150757,1.5729272365570068,roc_auc,binary,0.05879969628224102,baseline,AutoGluon_16_extreme,tabarena-2026-08-05,,,False,
taiwanese_bankruptcy_prediction,0,"AutoGluon 1.6 (noncommercial, 4h)",0.048605230386052245,46.467467308044434,2.4803645610809326,roc_auc,binary,0.05825999415451566,baseline,AutoGluon_16_noncommercial,tabarena-2026-08-05,,,False,
taiwanese_bankruptcy_prediction,0,TabFM+,0.05149439601494388,112.86101961135864,35.09163689613342,roc_auc,binary,,baseline,TabFM+,tabarena-2026-07-07,,,False,
taiwanese_bankruptcy_prediction,0,CAT (default),0.05431506849315071,14.64583706855774,0.025293350219726562,roc_auc,binary,0.05442795440522197,config,CatBoost,tabarena-2026-07-13,default,CAT,False,
taiwanese_bankruptcy_prediction,0,CAT (tuned),0.05431506849315071,6124.912091970444,0.025293350219726562,roc_auc,binary,0.05442795440522197,hpo,CatBoost,tabarena-2026-07-13,tuned,CAT,False,
taiwanese_bankruptcy_prediction,0,CAT (tuned + ensemble),0.053505603985055994,6124.912091970444,0.21563267707824707,roc_auc,binary,0.052053419685673785,hpo,CatBoost,tabarena-2026-07-13,tuned_ensemble,CAT,False,
taiwanese_bankruptcy_prediction,0,CHIMERA (default),0.05912204234122043,13.946323871612549,0.09980916976928711,roc_auc,binary,0.06204564117076705,config,ChimeraBoost,tabarena-2026-08-10,default,CHIMERA,False,
taiwanese_bankruptcy_prediction,0,CHIMERA (tuned),0.0503424657534246,2254.9450073242188,0.08281087875366211,roc_auc,binary,0.049940230695597165,hpo,ChimeraBoost,tabarena-2026-08-10,tuned,CHIMERA,False,
taiwanese_bankruptcy_prediction,0,CHIMERA (tuned + ensemble),0.048275217932752135,2254.9450073242188,0.6008546352386475,roc_auc,binary,0.04636799025134042,hpo,ChimeraBoost,tabarena-2026-08-10,tuned_ensemble,CHIMERA,False,
taiwanese_bankruptcy_prediction,0,EBM (default),0.05765255292652549,31.862119436264038,0.20377683639526367,roc_auc,binary,0.05842855441790262,config,ExplainableBM,tabarena-2026-07-13,default,EBM,False,
taiwanese_bankruptcy_prediction,0,EBM (tuned),0.054769613947696194,8862.45035123825,0.23872685432434082,roc_auc,binary,0.05593107895579241,hpo,ExplainableBM,tabarena-2026-07-13,tuned,EBM,False,
taiwanese_bankruptcy_prediction,0,EBM (tuned + ensemble),0.05722914072229146,8862.45035123825,3.1941919326782227,roc_auc,binary,0.05283513723743649,hpo,ExplainableBM,tabarena-2026-07-13,tuned_ensemble,EBM,False,
taiwanese_bankruptcy_prediction,0,XT (default),0.04998443337484437,6.91493034362793,0.5625698566436768,roc_auc,binary,0.06860866647181718,config,ExtraTrees,tabarena-2026-07-13,default,XT,False,
taiwanese_bankruptcy_prediction,0,XT (tuned),0.05434620174346205,1151.1268434524536,0.1320631504058838,roc_auc,binary,0.06759885131592991,hpo,ExtraTrees,tabarena-2026-07-13,tuned,XT,False,
taiwanese_bankruptcy_prediction,0,XT (tuned + ensemble),0.052596513075965134,1151.1268434524536,1.7344141006469727,roc_auc,binary,0.060912112060100276,hpo,ExtraTrees,tabarena-2026-07-13,tuned_ensemble,XT,False,
taiwanese_bankruptcy_prediction,0,KNN (default),0.11500933997509344,0.8868553638458252,0.03744220733642578,roc_auc,binary,0.14624071952036088,config,KNeighbors,tabarena-2025-10-20,default,KNN,False,
taiwanese_bankruptcy_prediction,0,KNN (tuned),0.10066625155666253,727.2232465744019,0.4027576446533203,roc_auc,binary,0.0668588872239052,hpo,KNeighbors,tabarena-2025-10-20,tuned,KNN,False,
taiwanese_bankruptcy_prediction,0,KNN (tuned + ensemble),0.06927148194271482,727.2232465744019,18.622146129608154,roc_auc,binary,0.061035052802662304,hpo,KNeighbors,tabarena-2025-10-20,tuned_ensemble,KNN,False,
taiwanese_bankruptcy_prediction,0,GBM (default),0.054153175591531766,11.245131492614746,0.569481611251831,roc_auc,binary,0.0876018513793333,config,LightGBM,tabarena-2025-06-12,default,GBM,False,
taiwanese_bankruptcy_prediction,0,GBM (tuned),0.053044831880448284,1620.0325572490692,0.16887664794921875,roc_auc,binary,0.05838680095816462,hpo,LightGBM,tabarena-2025-06-12,tuned,GBM,False,
taiwanese_bankruptcy_prediction,0,GBM (tuned + ensemble),0.053110211706102084,1620.0325572490692,0.8641095161437988,roc_auc,binary,0.05528776639093924,hpo,LightGBM,tabarena-2025-06-12,tuned_ensemble,GBM,False,
taiwanese_bankruptcy_prediction,0,LR (default),0.058144458281444544,6.705505609512329,0.5326151847839355,roc_auc,binary,0.06961074950553092,config,LinearModel,tabarena-2025-10-20,default,LR,False,
taiwanese_bankruptcy_prediction,0,LR (tuned),0.05871731008717307,1274.7821969985962,0.48633885383605957,roc_auc,binary,0.06648542572291471,hpo,LinearModel,tabarena-2025-10-20,tuned,LR,False,
taiwanese_bankruptcy_prediction,0,LR (tuned + ensemble),0.05975716064757164,1274.7821969985962,4.194401979446411,roc_auc,binary,0.06611119100970686,hpo,LinearModel,tabarena-2025-10-20,tuned_ensemble,LR,False,
taiwanese_bankruptcy_prediction,0,FASTAI (default),0.06736612702366129,12.696701765060425,0.9700667858123779,roc_auc,binary,0.126717111031728,config,NeuralNetFastAI,tabarena-2025-06-12,default,FASTAI,False,
taiwanese_bankruptcy_prediction,0,FASTAI (tuned),0.08423100871731004,2527.207446575165,0.4834444522857666,roc_auc,binary,0.07425620850749937,hpo,NeuralNetFastAI,tabarena-2025-06-12,tuned,FASTAI,False,
taiwanese_bankruptcy_prediction,0,FASTAI (tuned + ensemble),0.08706413449564132,2527.207446575165,10.290910243988037,roc_auc,binary,0.05647387393238723,hpo,NeuralNetFastAI,tabarena-2025-06-12,tuned_ensemble,FASTAI,False,
taiwanese_bankruptcy_prediction,0,NN_TORCH (default),0.07968866749688663,26.178309440612793,0.5552330017089844,roc_auc,binary,0.10010314650979746,config,NeuralNetTorch,tabarena-2025-06-12,default,NN_TORCH,False,
taiwanese_bankruptcy_prediction,0,NN_TORCH (tuned),0.060834371108343666,5634.409262180328,0.5628399848937988,roc_auc,binary,0.05318308273525363,hpo,NeuralNetTorch,tabarena-2025-06-12,tuned,NN_TORCH,False,
taiwanese_bankruptcy_prediction,0,NN_TORCH (tuned + ensemble),0.05110211706102119,5634.409262180328,9.96765422821045,roc_auc,binary,0.043125138211683844,hpo,NeuralNetTorch,tabarena-2025-06-12,tuned_ensemble,NN_TORCH,False,
taiwanese_bankruptcy_prediction,0,RF (default),0.054243462017434685,1.9623315334320068,0.053556203842163086,roc_auc,binary,0.08260458081846067,config,RandomForest,tabarena-2025-06-12,default,RF,False,
taiwanese_bankruptcy_prediction,0,RF (tuned),0.054243462017434574,2590.927313566208,0.053556203842163086,roc_auc,binary,0.08260458081846056,hpo,RandomForest,tabarena-2025-06-12,tuned,RF,False,
taiwanese_bankruptcy_prediction,0,RF (tuned + ensemble),0.05226027397260269,2590.927313566208,1.385364294052124,roc_auc,binary,0.07192033439881973,hpo,RandomForest,tabarena-2025-06-12,tuned_ensemble,RF,False,
taiwanese_bankruptcy_prediction,0,XGB (default),0.05816313823163144,7.08273983001709,0.2684915065765381,roc_auc,binary,0.07311185442578949,config,XGBoost,tabarena-2025-06-12,default,XGB,False,
taiwanese_bankruptcy_prediction,0,XGB (tuned),0.05223536737235368,3186.567796230316,0.07064270973205566,roc_auc,binary,0.06191110224494434,hpo,XGBoost,tabarena-2025-06-12,tuned,XGB,False,
taiwanese_bankruptcy_prediction,0,XGB (tuned + ensemble),0.052384806973848064,3186.567796230316,0.8938033580780029,roc_auc,binary,0.05983425422908417,hpo,XGBoost,tabarena-2025-06-12,tuned_ensemble,XGB,False,
taiwanese_bankruptcy_prediction,0,MITRA_GPU (default),0.05274595267745952,2435.7630410194397,33.89636039733887,roc_auc,binary,0.05954584607200464,config,Mitra_GPU,tabarena-2025-09-03,default,MITRA_GPU,False,
taiwanese_bankruptcy_prediction,0,MNCA_GPU (default),0.06120797011207968,80.11408066749573,1.3841872215270996,roc_auc,binary,0.08927353619329059,config,ModernNCA_GPU,tabarena-2025-06-12,default,MNCA_GPU,False,
taiwanese_bankruptcy_prediction,0,MNCA_GPU (tuned),0.052518679950186775,15327.038512945175,1.2968008518218994,roc_auc,binary,0.05641356337943226,hpo,ModernNCA_GPU,tabarena-2025-06-12,tuned,MNCA_GPU,False,
taiwanese_bankruptcy_prediction,0,MNCA_GPU (tuned + ensemble),0.06927148194271482,15327.038512945175,33.48587942123413,roc_auc,binary,0.027306762668695583,hpo,ModernNCA_GPU,tabarena-2025-06-12,tuned_ensemble,MNCA_GPU,False,
taiwanese_bankruptcy_prediction,0,REALMLP_GPU (default),0.05432752179327516,50.43063545227051,5.591272592544556,roc_auc,binary,0.06684883546507936,config,RealMLP_GPU,tabarena-2025-09-03,default,REALMLP_GPU,False,
taiwanese_bankruptcy_prediction,0,REALMLP_GPU (tuned),0.05036737235367372,12240.538945436478,0.5337002277374268,roc_auc,binary,0.05560942267336577,hpo,RealMLP_GPU,tabarena-2025-09-03,tuned,REALMLP_GPU,False,
taiwanese_bankruptcy_prediction,0,REALMLP_GPU (tuned + ensemble),0.04839975093399751,12240.538945436478,42.82160758972168,roc_auc,binary,0.04096632970078229,hpo,RealMLP_GPU,tabarena-2025-09-03,tuned_ensemble,REALMLP_GPU,False,
taiwanese_bankruptcy_prediction,0,TABDPT_GPU (default),0.06235990037359895,262.5377552509308,108.32321691513062,roc_auc,binary,0.07066927703111248,config,TabDPT_GPU,tabarena-2025-10-20,default,TABDPT_GPU,False,
taiwanese_bankruptcy_prediction,0,TABDPT_GPU (tuned),0.05495952677459526,32023.2285656929,28.864017248153687,roc_auc,binary,0.06374825447341925,hpo,TabDPT_GPU,tabarena-2025-10-20,tuned,TABDPT_GPU,False,
taiwanese_bankruptcy_prediction,0,TABDPT_GPU (tuned + ensemble),0.04718555417185555,32023.2285656929,870.4688422679901,roc_auc,binary,0.0566115057070794,hpo,TabDPT_GPU,tabarena-2025-10-20,tuned_ensemble,TABDPT_GPU,False,
taiwanese_bankruptcy_prediction,0,TABDPT_TURBO (default),0.05176836861768375,6.733288526535034,0.2489328384399414,roc_auc,binary,0.06713569719772428,config,TabDPT-Turbo,tabarena-2026-07-13,default,TABDPT_TURBO,False,
taiwanese_bankruptcy_prediction,0,TABICL_GPU (default),0.053412204234122074,38.27916193008423,5.41669225692749,roc_auc,binary,0.06537818582763866,config,TabICL_GPU,tabarena-2025-06-12,default,TABICL_GPU,False,
taiwanese_bankruptcy_prediction,0,TA-TABM (default),0.0586799501867995,17.212267875671387,0.5960798263549805,roc_auc,binary,0.06642666159439459,config,TabM,tabarena-2026-06-26,default,TA-TABM,False,
taiwanese_bankruptcy_prediction,0,TA-TABM (tuned),0.060635118306351155,5020.067365884781,0.5875718593597412,roc_auc,binary,0.05967651893674042,hpo,TabM,tabarena-2026-06-26,tuned,TA-TABM,False,
taiwanese_bankruptcy_prediction,0,TA-TABM (tuned + ensemble),0.05689912826899124,5020.067365884781,7.938620090484619,roc_auc,binary,0.056343974279868814,hpo,TabM,tabarena-2026-06-26,tuned_ensemble,TA-TABM,False,
taiwanese_bankruptcy_prediction,0,TABPFNV2_GPU (default),0.06054171855541712,20.053958892822266,1.8750278949737549,roc_auc,binary,0.06220492288754553,config,TabPFNv2_GPU,tabarena-2025-06-12,default,TABPFNV2_GPU,False,
taiwanese_bankruptcy_prediction,0,TABPFNV2_GPU (tuned),0.055429638854296415,40275.97459101677,2.122826337814331,roc_auc,binary,0.059057949162843126,hpo,TabPFNv2_GPU,tabarena-2025-06-12,tuned,TABPFNV2_GPU,False,
taiwanese_bankruptcy_prediction,0,TABPFNV2_GPU (tuned + ensemble),0.05219800747198011,40275.97459101677,336.9897611141205,roc_auc,binary,0.05617386759204701,hpo,TabPFNv2_GPU,tabarena-2025-06-12,tuned_ensemble,TABPFNV2_GPU,False,
taiwanese_bankruptcy_prediction,0,XRFM_GPU (default),0.07392901618929004,7.451278448104858,0.6174221038818359,roc_auc,binary,0.09263778255107447,config,xRFM_GPU,tabarena-2025-09-03,default,XRFM_GPU,False,
taiwanese_bankruptcy_prediction,0,XRFM_GPU (tuned),0.0635491905354919,2190.086011648178,0.6762797832489014,roc_auc,binary,0.0608695853881448,hpo,xRFM_GPU,tabarena-2025-09-03,tuned,XRFM_GPU,False,
taiwanese_bankruptcy_prediction,0,XRFM_GPU (tuned + ensemble),0.056407222914072186,2190.086011648178,1.9646005630493164,roc_auc,binary,0.05342123209820415,hpo,xRFM_GPU,tabarena-2025-09-03,tuned_ensemble,XRFM_GPU,False,
taiwanese_bankruptcy_prediction,0,BETA_GPU (default),0.051768368617683636,829.8594193458557,3.925888776779175,roc_auc,binary,0.05883062477093581,config,BetaTabPFN_GPU,tabarena-2025-09-03,default,BETA_GPU,False,
taiwanese_bankruptcy_prediction,0,TABFLEX_GPU (default),0.06290161892901613,4.7786900997161865,0.33772826194763184,roc_auc,binary,0.06804422155313583,config,TabFlex_GPU,tabarena-2025-09-03,default,TABFLEX_GPU,False,
taiwanese_bankruptcy_prediction,0,REALTABPFN-V2.5 (default),0.049722914072229174,29.437548637390137,3.4708313941955566,roc_auc,binary,0.06146959806882524,config,RealTabPFN-v2.5,tabarena-2025-11-12,default,REALTABPFN-V2.5,False,
taiwanese_bankruptcy_prediction,0,REALTABPFN-V2.5 (tuned),0.04779265255292653,22524.5192155838,8.563266038894653,roc_auc,binary,0.058605620015680704,hpo,RealTabPFN-v2.5,tabarena-2025-11-12,tuned,REALTABPFN-V2.5,False,
taiwanese_bankruptcy_prediction,0,REALTABPFN-V2.5 (tuned + ensemble),0.051992528019925266,22524.5192155838,65.6672158241272,roc_auc,binary,0.0575811138276634,hpo,RealTabPFN-v2.5,tabarena-2025-11-12,tuned_ensemble,REALTABPFN-V2.5,False,
taiwanese_bankruptcy_prediction,0,SAP-RPT-OSS (default),0.0589850560398506,40.87166929244995,9.677406549453735,roc_auc,binary,0.06384645242502551,config,SAP-RPT-OSS,tabarena-2025-11-25,default,SAP-RPT-OSS,False,
taiwanese_bankruptcy_prediction,0,TABICLV2 (default),0.053664383561643825,8.430406332015991,0.6114990711212158,roc_auc,binary,0.06267503591570744,config,TabICLv2,tabarena-2026-07-13,default,TABICLV2,False,
taiwanese_bankruptcy_prediction,0,TABSTAR (default),0.07787048567870491,3207.321455717087,25.813844203948975,roc_auc,binary,0.07430801372606344,config,TabSTAR,tabarena-2026-03-18,default,TABSTAR,False,
taiwanese_bankruptcy_prediction,0,TABSTAR (tuned),0.0678704856787049,171648.57964801788,60.051461696624756,roc_auc,binary,0.06971590636709335,hpo,TabSTAR,tabarena-2026-03-18,tuned,TABSTAR,False,
taiwanese_bankruptcy_prediction,0,TABSTAR (tuned + ensemble),0.06955479452054791,171648.57964801788,281.1549434661865,roc_auc,binary,0.06931074316519059,hpo,TabSTAR,tabarena-2026-03-18,tuned_ensemble,TABSTAR,False,
taiwanese_bankruptcy_prediction,0,PB (default),0.5043181818181819,2741.8808767795563,0.06900811195373535,roc_auc,binary,0.1335724105509446,config,PerpetualBooster,tabarena-2026-03-18,default,PB,False,
taiwanese_bankruptcy_prediction,0,PB (tuned),0.15114570361145707,10038.954244852066,1.6713106632232666,roc_auc,binary,0.176269962406422,hpo,PerpetualBooster,tabarena-2026-03-18,tuned,PB,False,
taiwanese_bankruptcy_prediction,0,PB (tuned + ensemble),0.14264632627646323,10038.954244852066,2.400153875350952,roc_auc,binary,0.1667981127436199,hpo,PerpetualBooster,tabarena-2026-03-18,tuned_ensemble,PB,False,
taiwanese_bankruptcy_prediction,0,TABPFN-V2.6 (default),0.047643212951432035,31.538671016693115,1.6376900672912598,roc_auc,binary,0.061467278432173034,config,TabPFN-v2.6,tabarena-2026-03-18,default,TABPFN-V2.6,False,
taiwanese_bankruptcy_prediction,0,TA-LIMIX (default),0.048144458281444535,87.87072205543518,13.397022247314453,roc_auc,binary,0.06017292118029305,config,LimiX,tabarena-2026-05-13,default,TA-LIMIX,False,
taiwanese_bankruptcy_prediction,0,TA-ORION-MSP (default),0.0504919053549191,81.76460337638855,9.299640893936157,roc_auc,binary,0.06897207621398194,config,OrionMSP,tabarena-2026-05-13,default,TA-ORION-MSP,False,
taiwanese_bankruptcy_prediction,0,TA-TABPFN-3 (default),0.05001867995018672,13.412126779556274,0.932318925857544,roc_auc,binary,0.0615214032873892,config,TabPFN-3,tabarena-2026-07-13,default,TA-TABPFN-3,False,
taiwanese_bankruptcy_prediction,0,TA-ILTM (default),0.05150684931506855,917.3059866428375,134.3574938774109,roc_auc,binary,0.06942517857336161,config,iLTM,tabarena-2026-05-13,default,TA-ILTM,False,
taiwanese_bankruptcy_prediction,0,TA-ILTM (tuned),0.05196762141967626,53015.02359414101,83.92275094985962,roc_auc,binary,0.05876876779354612,hpo,iLTM,tabarena-2026-05-13,tuned,TA-ILTM,False,
taiwanese_bankruptcy_prediction,0,TA-ILTM (tuned + ensemble),0.04862391033623914,53015.02359414101,949.9769268035889,roc_auc,binary,0.049802598920904995,hpo,iLTM,tabarena-2026-05-13,tuned_ensemble,TA-ILTM,False,
taiwanese_bankruptcy_prediction,0,TA-NORI (default),0.054243462017434685,1.9623315334320068,0.053556203842163086,roc_auc,binary,0.08260458081846067,config,Nori,tabarena-2026-07-13,default,TA-NORI,True,
taiwanese_bankruptcy_prediction,0,TA-NORI-30M (default),0.054243462017434685,1.9623315334320068,0.053556203842163086,roc_auc,binary,0.08260458081846067,config,Nori-30M,tabarena-2026-07-13,default,TA-NORI-30M,True,
taiwanese_bankruptcy_prediction,0,TABFM (default),0.049595267745952576,171.74119091033936,29.91361951828003,roc_auc,binary,0.0563950062862153,config,TabFM,tabarena-2026-07-13,default,TABFM,False,
taiwanese_bankruptcy_prediction,0,TA-TABSWIFT (default),0.056192403486924,4.765355348587036,0.11911988258361816,roc_auc,binary,0.06590242371101662,config,TabSwift,tabarena-2026-07-13,default,TA-TABSWIFT,False,
taiwanese_bankruptcy_prediction,0,TA-EXAONE-TABULAR (default),0.050619551681195585,28.058812856674194,3.3731112480163574,roc_auc,binary,0.059363367988704896,config,EXAONE-Tabular,tabarena-2026-08-06,default,TA-EXAONE-TABULAR,False,
taiwanese_bankruptcy_prediction,0,[Leakage] TabSTAR_base (default),0.06472602739726019,2247.839891433716,46.986340284347534,roc_auc,binary,0.07394615040833341,config,[Leakage] TabSTAR_base,[Leakage] TabSTAR_base,default,[Leakage] TabSTAR_base,False,
taiwanese_bankruptcy_prediction,0,[Leakage] TabSTAR_correct (default),0.062216687422166905,2151.046191215515,46.761898040771484,roc_auc,binary,0.069937818273479,config,[Leakage] TabSTAR_correct,[Leakage] TabSTAR_correct,default,[Leakage] TabSTAR_correct,False,
taiwanese_bankruptcy_prediction,0,[Leakage] TabSTAR_wrong (default),0.054243462017434685,1.9623315334320068,0.053556203842163086,roc_auc,binary,0.08260458081846067,config,[Leakage] TabSTAR_wrong,[Leakage] TabSTAR_wrong,default,[Leakage] TabSTAR_wrong,True,
website_phishing,0,"AutoGluon 1.4 (best, 4h)",0.2237606772785071,5699.666119337082,1.441087007522583,log_loss,multiclass,0.20808905380700776,baseline,AutoGluon_v140_bq_4h8c,tabarena-2025-11-01,,,False,
website_phishing,0,"AutoGluon 1.5 (extreme, 4h)",0.21205515249011447,135.29641008377075,0.6776425838470459,log_loss,multiclass,0.23139529966754124,baseline,AutoGluon_v150_eq_4h8c,tabarena-2025-12-18,,,False,
website_phishing,0,"AutoGluon 1.6 (extreme, 4h)",0.20286793665990183,20.933566570281982,0.26701807975769043,log_loss,multiclass,0.2346212760872825,baseline,AutoGluon_16_extreme,tabarena-2026-08-05,,,False,
website_phishing,0,"AutoGluon 1.6 (noncommercial, 4h)",0.1987760114198903,19.8311505317688,0.19738054275512695,log_loss,multiclass,0.22608508669617453,baseline,AutoGluon_16_noncommercial,tabarena-2026-08-05,,,False,
website_phishing,0,TabFM+,0.19567321928595677,42.15741276741028,1.7390239238739014,log_loss,multiclass,,baseline,TabFM+,tabarena-2026-07-07,,,False,
website_phishing,0,CAT (default),0.2411601418688903,17.843202590942383,0.0739755630493164,log_loss,multiclass,0.27011748315408945,config,CatBoost,tabarena-2026-07-13,default,CAT,False,
website_phishing,0,CAT (tuned),0.20743522311099777,1451.676661491394,0.05420112609863281,log_loss,multiclass,0.2457866674538223,hpo,CatBoost,tabarena-2026-07-13,tuned,CAT,False,
website_phishing,0,CAT (tuned + ensemble),0.21070097332758345,1451.676661491394,0.5223057270050049,log_loss,multiclass,0.23942012272468055,hpo,CatBoost,tabarena-2026-07-13,tuned_ensemble,CAT,False,
website_phishing,0,CHIMERA (default),0.2990708649158478,9.768104791641235,0.022532224655151367,log_loss,multiclass,0.31591930985450745,config,ChimeraBoost,tabarena-2026-08-10,default,CHIMERA,False,
website_phishing,0,CHIMERA (tuned),0.2868841116928572,2079.1257321834564,0.020925521850585938,log_loss,multiclass,0.29899708529801833,hpo,ChimeraBoost,tabarena-2026-08-10,tuned,CHIMERA,False,
website_phishing,0,CHIMERA (tuned + ensemble),0.2831395146942007,2079.1257321834564,0.2606027126312256,log_loss,multiclass,0.27576438825313065,hpo,ChimeraBoost,tabarena-2026-08-10,tuned_ensemble,CHIMERA,False,
website_phishing,0,EBM (default),0.2241565744224039,6.791913270950317,0.00986027717590332,log_loss,multiclass,0.2860853474219531,config,ExplainableBM,tabarena-2026-07-13,default,EBM,False,
website_phishing,0,EBM (tuned),0.23986024945048823,1326.414844751358,0.008774042129516602,log_loss,multiclass,0.2661924823384563,hpo,ExplainableBM,tabarena-2026-07-13,tuned,EBM,False,
website_phishing,0,EBM (tuned + ensemble),0.23578944975071514,1326.414844751358,0.07539558410644531,log_loss,multiclass,0.2627456297846923,hpo,ExplainableBM,tabarena-2026-07-13,tuned_ensemble,EBM,False,
website_phishing,0,XT (default),0.2703178458233412,6.889540433883667,0.48235440254211426,log_loss,multiclass,0.3278043311241597,config,ExtraTrees,tabarena-2026-07-13,default,XT,False,
website_phishing,0,XT (tuned),0.23625834962756057,1104.5169644355774,0.13274598121643066,log_loss,multiclass,0.2646230092038231,hpo,ExtraTrees,tabarena-2026-07-13,tuned,XT,False,
website_phishing,0,XT (tuned + ensemble),0.23778462021752933,1104.5169644355774,1.2928085327148438,log_loss,multiclass,0.2543225476474098,hpo,ExtraTrees,tabarena-2026-07-13,tuned_ensemble,XT,False,
website_phishing,0,KNN (default),0.8015007951233438,0.421022891998291,0.015067815780639648,log_loss,multiclass,1.0421094978074508,config,KNeighbors,tabarena-2025-10-20,default,KNN,False,
website_phishing,0,KNN (tuned),0.368958055973053,91.28527665138245,0.04655265808105469,log_loss,multiclass,0.3640504777431488,hpo,KNeighbors,tabarena-2025-10-20,tuned,KNN,False,
website_phishing,0,KNN (tuned + ensemble),0.26445460319519043,91.28527665138245,0.3729057312011719,log_loss,multiclass,0.2881764769554138,hpo,KNeighbors,tabarena-2025-10-20,tuned_ensemble,KNN,False,
website_phishing,0,GBM (default),0.23792094778681513,4.6449995040893555,0.07718539237976074,log_loss,multiclass,0.2755053506236157,config,LightGBM,tabarena-2025-06-12,default,GBM,False,
website_phishing,0,GBM (tuned),0.231650124226522,1258.1461083889008,0.5406272411346436,log_loss,multiclass,0.2626275573081775,hpo,LightGBM,tabarena-2025-06-12,tuned,GBM,False,
website_phishing,0,GBM (tuned + ensemble),0.22905714781769784,1258.1461083889008,0.8529794216156006,log_loss,multiclass,0.25912421605662284,hpo,LightGBM,tabarena-2025-06-12,tuned_ensemble,GBM,False,
website_phishing,0,LR (default),0.3413345934803583,4.190912246704102,0.06303763389587402,log_loss,multiclass,0.3699435182676259,config,LinearModel,tabarena-2025-10-20,default,LR,False,
website_phishing,0,LR (tuned),0.33630067110061646,817.4227652549744,0.03790640830993652,log_loss,multiclass,0.3687952756881714,hpo,LinearModel,tabarena-2025-10-20,tuned,LR,False,
website_phishing,0,LR (tuned + ensemble),0.33642998337745667,817.4227652549744,0.33273911476135254,log_loss,multiclass,0.367920458316803,hpo,LinearModel,tabarena-2025-10-20,tuned_ensemble,LR,False,
website_phishing,0,FASTAI (default),0.2974262256296583,7.185479164123535,0.333221435546875,log_loss,multiclass,0.35325898826767255,config,NeuralNetFastAI,tabarena-2025-06-12,default,FASTAI,False,
website_phishing,0,FASTAI (tuned),0.24296201463647907,2429.5584824085236,0.6439375877380371,log_loss,multiclass,0.24017721563244776,hpo,NeuralNetFastAI,tabarena-2025-06-12,tuned,FASTAI,False,
website_phishing,0,FASTAI (tuned + ensemble),0.22664938543111787,2429.5584824085236,6.119597911834717,log_loss,multiclass,0.22192196751551121,hpo,NeuralNetFastAI,tabarena-2025-06-12,tuned_ensemble,FASTAI,False,
website_phishing,0,NN_TORCH (default),0.2669362439005517,13.784457683563232,0.7408633232116699,log_loss,multiclass,0.2936157797885243,config,NeuralNetTorch,tabarena-2025-06-12,default,NN_TORCH,False,
website_phishing,0,NN_TORCH (tuned),0.22878672559218163,4763.856801509857,0.0757296085357666,log_loss,multiclass,0.2210321220153197,hpo,NeuralNetTorch,tabarena-2025-06-12,tuned,NN_TORCH,False,
website_phishing,0,NN_TORCH (tuned + ensemble),0.21425051268604176,4763.856801509857,1.0345282554626465,log_loss,multiclass,0.2023746198371569,hpo,NeuralNetTorch,tabarena-2025-06-12,tuned_ensemble,NN_TORCH,False,
website_phishing,0,RF (default),0.29963073681709124,0.62638258934021,0.07370257377624512,log_loss,multiclass,0.31366150309648033,config,RandomForest,tabarena-2025-06-12,default,RF,False,
website_phishing,0,RF (tuned),0.25568626948547096,656.0455896854401,0.14275002479553223,log_loss,multiclass,0.26022974265790616,hpo,RandomForest,tabarena-2025-06-12,tuned,RF,False,
website_phishing,0,RF (tuned + ensemble),0.2486712805468587,656.0455896854401,0.9116780757904053,log_loss,multiclass,0.2551631252000495,hpo,RandomForest,tabarena-2025-06-12,tuned_ensemble,RF,False,
website_phishing,0,XGB (default),0.23613700767860935,3.8732590675354004,0.3239901065826416,log_loss,multiclass,0.2715164079717299,config,XGBoost,tabarena-2025-06-12,default,XGB,False,
website_phishing,0,XGB (tuned),0.23096497115564346,1548.6992716789246,0.45729613304138184,log_loss,multiclass,0.2659602731194166,hpo,XGBoost,tabarena-2025-06-12,tuned,XGB,False,
website_phishing,0,XGB (tuned + ensemble),0.2290283770953786,1548.6992716789246,1.3964767456054688,log_loss,multiclass,0.2632170958486263,hpo,XGBoost,tabarena-2025-06-12,tuned_ensemble,XGB,False,
website_phishing,0,MITRA_GPU (default),0.21455161114694993,77.5374767780304,0.9176595211029053,log_loss,multiclass,0.22840462994964253,config,Mitra_GPU,tabarena-2025-09-03,default,MITRA_GPU,False,
website_phishing,0,MNCA_GPU (default),0.24928811780460233,17.711607456207275,0.11716508865356445,log_loss,multiclass,0.2663782060688724,config,ModernNCA_GPU,tabarena-2025-06-12,default,MNCA_GPU,False,
website_phishing,0,MNCA_GPU (tuned),0.2285486900959998,6569.767284631729,0.214979887008667,log_loss,multiclass,0.22961885084686243,hpo,ModernNCA_GPU,tabarena-2025-06-12,tuned,MNCA_GPU,False,
website_phishing,0,MNCA_GPU (tuned + ensemble),0.21786419042911936,6569.767284631729,1.9998383522033691,log_loss,multiclass,0.2171579716629507,hpo,ModernNCA_GPU,tabarena-2025-06-12,tuned_ensemble,MNCA_GPU,False,
website_phishing,0,REALMLP_GPU (default),0.22505026052985158,18.740304470062256,3.39715313911438,log_loss,multiclass,0.24416192890912208,config,RealMLP_GPU,tabarena-2025-09-03,default,REALMLP_GPU,False,
website_phishing,0,REALMLP_GPU (tuned),0.21098873019218445,4198.941133975983,3.5863826274871826,log_loss,multiclass,0.22087223827838898,hpo,RealMLP_GPU,tabarena-2025-09-03,tuned,REALMLP_GPU,False,
website_phishing,0,REALMLP_GPU (tuned + ensemble),0.2129228562116623,4198.941133975983,8.830533027648926,log_loss,multiclass,0.21675777435302734,hpo,RealMLP_GPU,tabarena-2025-09-03,tuned_ensemble,REALMLP_GPU,False,
website_phishing,0,TABDPT_GPU (default),0.2109085410496047,30.647737979888916,15.282193422317505,log_loss,multiclass,0.2354098868406385,config,TabDPT_GPU,tabarena-2025-10-20,default,TABDPT_GPU,False,
website_phishing,0,TABDPT_GPU (tuned),0.21258257422356566,9184.396478652954,16.267375707626343,log_loss,multiclass,0.231780135228009,hpo,TabDPT_GPU,tabarena-2025-10-20,tuned,TABDPT_GPU,False,
website_phishing,0,TABDPT_GPU (tuned + ensemble),0.21080187905697836,9184.396478652954,63.36127471923828,log_loss,multiclass,0.22700534105647055,hpo,TabDPT_GPU,tabarena-2025-10-20,tuned_ensemble,TABDPT_GPU,False,
website_phishing,0,TABDPT_TURBO (default),0.20728691953457662,6.0681915283203125,0.14577364921569824,log_loss,multiclass,0.23934832415452484,config,TabDPT-Turbo,tabarena-2026-07-13,default,TABDPT_TURBO,False,
website_phishing,0,TABICL_GPU (default),0.20420556961596548,10.557426691055298,0.7957310676574707,log_loss,multiclass,0.24645407269900166,config,TabICL_GPU,tabarena-2025-06-12,default,TABICL_GPU,False,
website_phishing,0,TA-TABM (default),0.23205846389879278,10.833023071289062,0.3283388614654541,log_loss,multiclass,0.2505768538206842,config,TabM,tabarena-2026-06-26,default,TA-TABM,False,
website_phishing,0,TA-TABM (tuned),0.22666346829365194,3454.116805076599,0.2953314781188965,log_loss,multiclass,0.24081209662075903,hpo,TabM,tabarena-2026-06-26,tuned,TA-TABM,False,
website_phishing,0,TA-TABM (tuned + ensemble),0.22363631435329914,3454.116805076599,2.7008323669433594,log_loss,multiclass,0.23615334026975407,hpo,TabM,tabarena-2026-06-26,tuned_ensemble,TA-TABM,False,
website_phishing,0,TABPFNV2_GPU (default),0.21791295821483742,4.479243516921997,0.14397120475769043,log_loss,multiclass,0.24256126317637122,config,TabPFNv2_GPU,tabarena-2025-06-12,default,TABPFNV2_GPU,False,
website_phishing,0,TABPFNV2_GPU (tuned),0.21386199246588364,1455.5969491004944,0.13203811645507812,log_loss,multiclass,0.2230656584621736,hpo,TabPFNv2_GPU,tabarena-2025-06-12,tuned,TABPFNV2_GPU,False,
website_phishing,0,TABPFNV2_GPU (tuned + ensemble),0.20735885385992128,1455.5969491004944,2.1617448329925537,log_loss,multiclass,0.22056840838566047,hpo,TabPFNv2_GPU,tabarena-2025-06-12,tuned_ensemble,TABPFNV2_GPU,False,
website_phishing,0,XRFM_GPU (default),0.2951955451820066,8.482386589050293,0.6994657516479492,log_loss,multiclass,0.3945417729120114,config,xRFM_GPU,tabarena-2025-09-03,default,XRFM_GPU,False,
website_phishing,0,XRFM_GPU (tuned),0.24711748957633972,1938.665830373764,0.04822683334350586,log_loss,multiclass,0.2749071717262268,hpo,xRFM_GPU,tabarena-2025-09-03,tuned,XRFM_GPU,False,
website_phishing,0,XRFM_GPU (tuned + ensemble),0.2490585297346115,1938.665830373764,0.29559922218322754,log_loss,multiclass,0.2700580060482025,hpo,xRFM_GPU,tabarena-2025-09-03,tuned_ensemble,XRFM_GPU,False,
website_phishing,0,BETA_GPU (default),0.23778889060674283,445.5291848182678,1.7707023620605469,log_loss,multiclass,0.23845404123833153,config,BetaTabPFN_GPU,tabarena-2025-09-03,default,BETA_GPU,False,
website_phishing,0,TABFLEX_GPU (default),0.2896279385284273,3.4728915691375732,0.3606595993041992,log_loss,multiclass,0.3181052895128479,config,TabFlex_GPU,tabarena-2025-09-03,default,TABFLEX_GPU,False,
website_phishing,0,REALTABPFN-V2.5 (default),0.20898421158367678,7.933272361755371,0.2753608226776123,log_loss,multiclass,0.23257510135492668,config,RealTabPFN-v2.5,tabarena-2025-11-12,default,REALTABPFN-V2.5,False,
website_phishing,0,REALTABPFN-V2.5 (tuned),0.20871952774475078,1864.705365896225,0.2884349822998047,log_loss,multiclass,0.22262911830367518,hpo,RealTabPFN-v2.5,tabarena-2025-11-12,tuned,REALTABPFN-V2.5,False,
website_phishing,0,REALTABPFN-V2.5 (tuned + ensemble),0.20309345139166002,1864.705365896225,2.3180580139160156,log_loss,multiclass,0.22027144162529888,hpo,RealTabPFN-v2.5,tabarena-2025-11-12,tuned_ensemble,REALTABPFN-V2.5,False,
website_phishing,0,SAP-RPT-OSS (default),0.5252255765951597,19.328636169433594,0.5557951927185059,log_loss,multiclass,0.5539946805489949,config,SAP-RPT-OSS,tabarena-2025-11-25,default,SAP-RPT-OSS,False,
website_phishing,0,TABICLV2 (default),0.2035559817136176,3.692204475402832,0.10544133186340332,log_loss,multiclass,0.23671457096610593,config,TabICLv2,tabarena-2026-07-13,default,TABICLV2,False,
website_phishing,0,TABSTAR (default),0.5357378597494191,328.3623561859131,2.3898749351501465,log_loss,multiclass,0.5886417499675831,config,TabSTAR,tabarena-2026-03-18,default,TABSTAR,False,
website_phishing,0,TABSTAR (tuned),0.31063098263582994,39747.17887926102,4.070013761520386,log_loss,multiclass,0.38488189133435907,hpo,TabSTAR,tabarena-2026-03-18,tuned,TABSTAR,False,
website_phishing,0,TABSTAR (tuned + ensemble),0.32049446483281835,39747.17887926102,19.808789491653442,log_loss,multiclass,0.37703193917699585,hpo,TabSTAR,tabarena-2026-03-18,tuned_ensemble,TABSTAR,False,
website_phishing,0,PB (default),0.2810869008249846,113.11246395111084,0.14352679252624512,log_loss,multiclass,0.31495328949547446,config,PerpetualBooster,tabarena-2026-03-18,default,PB,False,
website_phishing,0,PB (tuned),0.2810869008249846,684.582738161087,0.14352679252624512,log_loss,multiclass,0.31495328949547446,hpo,PerpetualBooster,tabarena-2026-03-18,tuned,PB,False,
website_phishing,0,PB (tuned + ensemble),0.26760934175506806,684.582738161087,4.983600378036499,log_loss,multiclass,0.3033061178513624,hpo,PerpetualBooster,tabarena-2026-03-18,tuned_ensemble,PB,False,
website_phishing,0,TABPFN-V2.6 (default),0.2052867017768651,8.142245531082153,0.23903369903564453,log_loss,multiclass,0.22974391841981665,config,TabPFN-v2.6,tabarena-2026-03-18,default,TABPFN-V2.6,False,
website_phishing,0,TA-LIMIX (default),0.21744710675643425,32.59363150596619,3.621997594833374,log_loss,multiclass,0.2541309041396334,config,LimiX,tabarena-2026-05-13,default,TA-LIMIX,False,
website_phishing,0,TA-ORION-MSP (default),0.28581047520050085,16.748132944107056,1.012420415878296,log_loss,multiclass,0.33130378569515717,config,OrionMSP,tabarena-2026-05-13,default,TA-ORION-MSP,False,
website_phishing,0,TA-TABPFN-3 (default),0.1993571358026281,8.521911859512329,0.2103121280670166,log_loss,multiclass,0.22752943685349322,config,TabPFN-3,tabarena-2026-07-13,default,TA-TABPFN-3,False,
website_phishing,0,TA-ILTM (default),0.24807107174501267,564.8187148571014,131.27648830413818,log_loss,multiclass,0.26511129864534855,config,iLTM,tabarena-2026-05-13,default,TA-ILTM,False,
website_phishing,0,TA-ILTM (tuned),0.2138891247281915,31155.012746572495,298.55484914779663,log_loss,multiclass,0.21412097813226397,hpo,iLTM,tabarena-2026-05-13,tuned,TA-ILTM,False,
website_phishing,0,TA-ILTM (tuned + ensemble),0.21547537575835368,31155.012746572495,444.8447859287262,log_loss,multiclass,0.21377246097052469,hpo,iLTM,tabarena-2026-05-13,tuned_ensemble,TA-ILTM,False,
website_phishing,0,TA-NORI (default),0.29963073681709124,0.62638258934021,0.07370257377624512,log_loss,multiclass,0.31366150309648033,config,Nori,tabarena-2026-07-13,default,TA-NORI,True,
website_phishing,0,TA-NORI-30M (default),0.29963073681709124,0.62638258934021,0.07370257377624512,log_loss,multiclass,0.31366150309648033,config,Nori-30M,tabarena-2026-07-13,default,TA-NORI-30M,True,
website_phishing,0,TABFM (default),0.19239497929491858,37.53455448150635,1.6734366416931152,log_loss,multiclass,0.22231520612632683,config,TabFM,tabarena-2026-07-13,default,TABFM,False,
website_phishing,0,TA-TABSWIFT (default),0.21687288021788537,2.3333301544189453,0.027132034301757812,log_loss,multiclass,0.24765105909859905,config,TabSwift,tabarena-2026-07-13,default,TA-TABSWIFT,False,
website_phishing,0,TA-EXAONE-TABULAR (default),0.19726364589675,9.193995714187622,0.11590051651000977,log_loss,multiclass,0.2310897932031774,config,EXAONE-Tabular,tabarena-2026-08-06,default,TA-EXAONE-TABULAR,False,
website_phishing,0,[Leakage] TabSTAR_base (default),0.2564018666744232,244.30127501487732,1.2217895984649658,log_loss,multiclass,0.3230748474597931,config,[Leakage] TabSTAR_base,[Leakage] TabSTAR_base,default,[Leakage] TabSTAR_base,False,
website_phishing,0,[Leakage] TabSTAR_correct (default),0.2554102838039398,281.6742196083069,1.2329671382904053,log_loss,multiclass,0.35299742221832275,config,[Leakage] TabSTAR_correct,[Leakage] TabSTAR_correct,default,[Leakage] TabSTAR_correct,False,
website_phishing,0,[Leakage] TabSTAR_wrong (default),0.29657572507858276,205.61157059669495,1.229630470275879,log_loss,multiclass,0.3587917387485504,config,[Leakage] TabSTAR_wrong,[Leakage] TabSTAR_wrong,default,[Leakage] TabSTAR_wrong,False,
wine_quality,0,"AutoGluon 1.4 (best, 4h)",0.5920701622962952,6454.437589645386,3.824972152709961,rmse,regression,0.608288586139679,baseline,AutoGluon_v140_bq_4h8c,tabarena-2025-11-01,,,False,
wine_quality,0,"AutoGluon 1.5 (extreme, 4h)",0.5802224278450012,3478.444629430771,5.116825103759766,rmse,regression,0.5957870483398438,baseline,AutoGluon_v150_eq_4h8c,tabarena-2025-12-18,,,False,
wine_quality,0,"AutoGluon 1.6 (extreme, 4h)",0.579451322555542,58.57132124900818,3.2170398235321045,rmse,regression,0.5964794158935547,baseline,AutoGluon_16_extreme,tabarena-2026-08-05,,,False,
wine_quality,0,"AutoGluon 1.6 (noncommercial, 4h)",0.5793667435646057,67.75161027908325,3.7525112628936768,rmse,regression,0.5963351726531982,baseline,AutoGluon_16_noncommercial,tabarena-2026-08-05,,,False,
wine_quality,0,TabFM+,0.5782553915457456,54.56550335884094,11.069088697433472,rmse,regression,,baseline,TabFM+,tabarena-2026-07-07,,,False,
wine_quality,0,CAT (default),0.6117913722991943,40.65730690956116,0.027868270874023438,rmse,regression,0.6366699934005737,config,CatBoost,tabarena-2026-07-13,default,CAT,False,
wine_quality,0,CAT (tuned),0.5953010426549001,9819.955546617508,0.1855909824371338,rmse,regression,0.615478431471752,hpo,CatBoost,tabarena-2026-07-13,tuned,CAT,False,
wine_quality,0,CAT (tuned + ensemble),0.5940557997247097,9819.955546617508,0.8425314426422119,rmse,regression,0.6122614129439305,hpo,CatBoost,tabarena-2026-07-13,tuned_ensemble,CAT,False,
wine_quality,0,CHIMERA (default),0.6135827898979187,10.994704008102417,0.1045839786529541,rmse,regression,0.6385528445243835,config,ChimeraBoost,tabarena-2026-08-10,default,CHIMERA,False,
wine_quality,0,CHIMERA (tuned),0.5990892227566916,2245.643702507019,0.09977912902832031,rmse,regression,0.6300778432265856,hpo,ChimeraBoost,tabarena-2026-08-10,tuned,CHIMERA,False,
wine_quality,0,CHIMERA (tuned + ensemble),0.6048911223267723,2245.643702507019,0.6545925140380859,rmse,regression,0.6154457232324346,hpo,ChimeraBoost,tabarena-2026-08-10,tuned_ensemble,CHIMERA,False,
wine_quality,0,EBM (default),0.645766019821167,21.308271884918213,0.024030447006225586,rmse,regression,0.6772574782371521,config,ExplainableBM,tabarena-2026-07-13,default,EBM,False,
wine_quality,0,EBM (tuned),0.6414890811570596,6844.79652261734,0.02780890464782715,rmse,regression,0.6735823344051021,hpo,ExplainableBM,tabarena-2026-07-13,tuned,EBM,False,
wine_quality,0,EBM (tuned + ensemble),0.640197287526972,6844.79652261734,0.33966851234436035,rmse,regression,0.6624066762856188,hpo,ExplainableBM,tabarena-2026-07-13,tuned_ensemble,EBM,False,
wine_quality,0,XT (default),0.6059325337409973,7.05356240272522,0.5246038436889648,rmse,regression,0.6281698942184448,config,ExtraTrees,tabarena-2026-07-13,default,XT,False,
wine_quality,0,XT (tuned),0.5917839587487329,1115.9184799194336,0.1307978630065918,rmse,regression,0.6177995154724408,hpo,ExtraTrees,tabarena-2026-07-13,tuned,XT,False,
wine_quality,0,XT (tuned + ensemble),0.5894572470899316,1115.9184799194336,1.7597784996032715,rmse,regression,0.6127108420859734,hpo,ExtraTrees,tabarena-2026-07-13,tuned_ensemble,XT,False,
wine_quality,0,KNN (default),0.6142804622650146,0.6109907627105713,0.1124734878540039,rmse,regression,0.6344692707061768,config,KNeighbors,tabarena-2025-10-20,default,KNN,False,
wine_quality,0,KNN (tuned),0.6195361600715585,150.29136538505554,0.14114999771118164,rmse,regression,0.6320955848148487,hpo,KNeighbors,tabarena-2025-10-20,tuned,KNN,False,
wine_quality,0,KNN (tuned + ensemble),0.6073107000175537,150.29136538505554,1.9625332355499268,rmse,regression,0.6193985981739645,hpo,KNeighbors,tabarena-2025-10-20,tuned_ensemble,KNN,False,
wine_quality,0,GBM (default),0.6176813840866089,5.699137926101685,0.7862045764923096,rmse,regression,0.6455867886543274,config,LightGBM,tabarena-2025-06-12,default,GBM,False,
wine_quality,0,GBM (tuned),0.5946651702854623,1804.5555443763733,2.4075584411621094,rmse,regression,0.6198873208694937,hpo,LightGBM,tabarena-2025-06-12,tuned,GBM,False,
wine_quality,0,GBM (tuned + ensemble),0.5943986045712717,1804.5555443763733,7.991660118103027,rmse,regression,0.6178506220549717,hpo,LightGBM,tabarena-2025-06-12,tuned_ensemble,GBM,False,
wine_quality,0,LR (default),0.7113195657730103,3.7993531227111816,0.10515403747558594,rmse,regression,0.7392764091491699,config,LinearModel,tabarena-2025-10-20,default,LR,False,
wine_quality,0,LR (tuned),0.7119148484120975,766.9252886772156,0.07987117767333984,rmse,regression,0.7391219485254102,hpo,LinearModel,tabarena-2025-10-20,tuned,LR,False,
wine_quality,0,LR (tuned + ensemble),0.7129082908486525,766.9252886772156,0.30388617515563965,rmse,regression,0.7376484267805171,hpo,LinearModel,tabarena-2025-10-20,tuned_ensemble,LR,False,
wine_quality,0,FASTAI (default),0.6561919450759888,13.358177185058594,0.3927772045135498,rmse,regression,0.6762492656707764,config,NeuralNetFastAI,tabarena-2025-06-12,default,FASTAI,False,
wine_quality,0,FASTAI (tuned),0.6572746270204208,2283.895311355591,0.909996509552002,rmse,regression,0.6689444699560212,hpo,NeuralNetFastAI,tabarena-2025-06-12,tuned,FASTAI,False,
wine_quality,0,FASTAI (tuned + ensemble),0.6448814681437091,2283.895311355591,6.128213167190552,rmse,regression,0.6507143389645096,hpo,NeuralNetFastAI,tabarena-2025-06-12,tuned_ensemble,FASTAI,False,
wine_quality,0,NN_TORCH (default),0.6706056594848633,49.77176260948181,0.12799930572509766,rmse,regression,0.7005606889724731,config,NeuralNetTorch,tabarena-2025-06-12,default,NN_TORCH,False,
wine_quality,0,NN_TORCH (tuned),0.6457751981915152,10620.000384569168,0.15927791595458984,rmse,regression,0.6653835910135331,hpo,NeuralNetTorch,tabarena-2025-06-12,tuned,NN_TORCH,False,
wine_quality,0,NN_TORCH (tuned + ensemble),0.639087961638318,10620.000384569168,1.3819665908813477,rmse,regression,0.6430234417754196,hpo,NeuralNetTorch,tabarena-2025-06-12,tuned_ensemble,NN_TORCH,False,
wine_quality,0,RF (default),0.6089493036270142,1.4457664489746094,0.08883118629455566,rmse,regression,0.6263664364814758,config,RandomForest,tabarena-2025-06-12,default,RF,False,
wine_quality,0,RF (tuned),0.5995202479743028,838.979950428009,0.2583794593811035,rmse,regression,0.6226214799629879,hpo,RandomForest,tabarena-2025-06-12,tuned,RF,False,
wine_quality,0,RF (tuned + ensemble),0.6005092353373876,838.979950428009,1.0288314819335938,rmse,regression,0.6169016599318566,hpo,RandomForest,tabarena-2025-06-12,tuned_ensemble,RF,False,
wine_quality,0,XGB (default),0.6138439178466797,8.9193594455719,0.2768688201904297,rmse,regression,0.6444780230522156,config,XGBoost,tabarena-2025-06-12,default,XGB,False,
wine_quality,0,XGB (tuned),0.5978626652225161,2595.2154359817505,0.6451444625854492,rmse,regression,0.6221394690012342,hpo,XGBoost,tabarena-2025-06-12,tuned,XGB,False,
wine_quality,0,XGB (tuned + ensemble),0.5989758781531935,2595.2154359817505,3.174222230911255,rmse,regression,0.6209533903176476,hpo,XGBoost,tabarena-2025-06-12,tuned_ensemble,XGB,False,
wine_quality,0,MITRA_GPU (default),0.5999043583869934,359.4454209804535,5.2672529220581055,rmse,regression,0.627259373664856,config,Mitra_GPU,tabarena-2025-09-03,default,MITRA_GPU,False,
wine_quality,0,MNCA_GPU (default),0.5963858366012573,59.5204553604126,0.3109321594238281,rmse,regression,0.6171555519104004,config,ModernNCA_GPU,tabarena-2025-06-12,default,MNCA_GPU,False,
wine_quality,0,MNCA_GPU (tuned),0.5975091853065432,16410.6605322361,0.5353999137878418,rmse,regression,0.6063606256392794,hpo,ModernNCA_GPU,tabarena-2025-06-12,tuned,MNCA_GPU,False,
wine_quality,0,MNCA_GPU (tuned + ensemble),0.5873581505313027,16410.6605322361,9.919520378112793,rmse,regression,0.590440651077863,hpo,ModernNCA_GPU,tabarena-2025-06-12,tuned_ensemble,MNCA_GPU,False,
wine_quality,0,REALMLP_GPU (default),0.6102293133735657,39.741302490234375,3.0649192333221436,rmse,regression,0.6599252223968506,config,RealMLP_GPU,tabarena-2025-09-03,default,REALMLP_GPU,False,
wine_quality,0,REALMLP_GPU (tuned),0.5885012512830431,11140.430699825287,0.7304286956787109,rmse,regression,0.6138743384246148,hpo,RealMLP_GPU,tabarena-2025-09-03,tuned,REALMLP_GPU,False,
wine_quality,0,REALMLP_GPU (tuned + ensemble),0.5840844458809599,11140.430699825287,22.68413734436035,rmse,regression,0.5994042727727955,hpo,RealMLP_GPU,tabarena-2025-09-03,tuned_ensemble,REALMLP_GPU,False,
wine_quality,0,TABDPT_GPU (default),0.581257164478302,258.60234808921814,104.45927405357361,rmse,regression,0.5982013940811157,config,TabDPT_GPU,tabarena-2025-10-20,default,TABDPT_GPU,False,
wine_quality,0,TABDPT_GPU (tuned),0.5800848348258301,30868.00406551361,106.3972373008728,rmse,regression,0.5963055144056127,hpo,TabDPT_GPU,tabarena-2025-10-20,tuned,TABDPT_GPU,False,
wine_quality,0,TABDPT_GPU (tuned + ensemble),0.5791697705707748,30868.00406551361,1020.0537507534027,rmse,regression,0.595544097251747,hpo,TabDPT_GPU,tabarena-2025-10-20,tuned_ensemble,TABDPT_GPU,False,
wine_quality,0,TABDPT_TURBO (default),0.58161461353302,8.742152690887451,0.23323845863342285,rmse,regression,0.5974559783935547,config,TabDPT-Turbo,tabarena-2026-07-13,default,TABDPT_TURBO,False,
wine_quality,0,TABICL_GPU (default),0.6089493036270142,1.4457664489746094,0.08883118629455566,rmse,regression,0.6263664364814758,config,TabICL_GPU,tabarena-2025-06-12,default,TABICL_GPU,True,RandomForest_c1_BAG_L1
wine_quality,0,TA-TABM (default),0.6119263768196106,42.39235258102417,0.26281023025512695,rmse,regression,0.6564422249794006,config,TabM,tabarena-2026-06-26,default,TA-TABM,False,
wine_quality,0,TA-TABM (tuned),0.6042988288764408,11174.194972753525,0.3853938579559326,rmse,regression,0.6298265062428312,hpo,TabM,tabarena-2026-06-26,tuned,TA-TABM,False,
wine_quality,0,TA-TABM (tuned + ensemble),0.5968279037497763,11174.194972753525,4.841188907623291,rmse,regression,0.6137513321355734,hpo,TabM,tabarena-2026-06-26,tuned_ensemble,TA-TABM,False,
wine_quality,0,TABPFNV2_GPU (default),0.6833905577659607,10.626041173934937,0.6822257041931152,rmse,regression,0.7083072662353516,config,TabPFNv2_GPU,tabarena-2025-06-12,default,TABPFNV2_GPU,False,
wine_quality,0,TABPFNV2_GPU (tuned),0.6237062663111427,28596.43398499489,45.61100149154663,rmse,regression,0.642589087286502,hpo,TabPFNv2_GPU,tabarena-2025-06-12,tuned,TABPFNV2_GPU,False,
wine_quality,0,TABPFNV2_GPU (tuned + ensemble),0.5988244067915057,28596.43398499489,501.3541901111603,rmse,regression,0.6159515857082143,hpo,TabPFNv2_GPU,tabarena-2025-06-12,tuned_ensemble,TABPFNV2_GPU,False,
wine_quality,0,XRFM_GPU (default),0.5951603055000305,8.724271297454834,1.6036953926086426,rmse,regression,0.6291362643241882,config,xRFM_GPU,tabarena-2025-09-03,default,XRFM_GPU,False,
wine_quality,0,XRFM_GPU (tuned),0.5838255087703614,2179.8864529132843,0.03633713722229004,rmse,regression,0.6166583210046835,hpo,xRFM_GPU,tabarena-2025-09-03,tuned,XRFM_GPU,False,
wine_quality,0,XRFM_GPU (tuned + ensemble),0.5817342354665131,2179.8864529132843,5.896696090698242,rmse,regression,0.6102973534864059,hpo,xRFM_GPU,tabarena-2025-09-03,tuned_ensemble,XRFM_GPU,False,
wine_quality,0,BETA_GPU (default),0.6089493036270142,1.4457664489746094,0.08883118629455566,rmse,regression,0.6263664364814758,config,BetaTabPFN_GPU,tabarena-2025-09-03,default,BETA_GPU,True,
wine_quality,0,TABFLEX_GPU (default),0.6089493036270142,1.4457664489746094,0.08883118629455566,rmse,regression,0.6263664364814758,config,TabFlex_GPU,tabarena-2025-09-03,default,TABFLEX_GPU,True,
wine_quality,0,REALTABPFN-V2.5 (default),0.6189418435096741,8.795440196990967,0.5584578514099121,rmse,regression,0.6395046710968018,config,RealTabPFN-v2.5,tabarena-2025-11-12,default,REALTABPFN-V2.5,False,
wine_quality,0,REALTABPFN-V2.5 (tuned),0.6119745467518517,5751.665995121002,0.6873223781585693,rmse,regression,0.6287124684951834,hpo,RealTabPFN-v2.5,tabarena-2025-11-12,tuned,REALTABPFN-V2.5,False,
wine_quality,0,REALTABPFN-V2.5 (tuned + ensemble),0.6010726482497386,5751.665995121002,18.11799669265747,rmse,regression,0.6202549620538542,hpo,RealTabPFN-v2.5,tabarena-2025-11-12,tuned_ensemble,REALTABPFN-V2.5,False,
wine_quality,0,SAP-RPT-OSS (default),0.5983704924583435,23.430211305618286,1.6646952629089355,rmse,regression,0.6169090270996094,config,SAP-RPT-OSS,tabarena-2025-11-25,default,SAP-RPT-OSS,False,
wine_quality,0,TABICLV2 (default),0.5877567529678345,5.0582733154296875,0.15743231773376465,rmse,regression,0.6021851301193237,config,TabICLv2,tabarena-2026-07-13,default,TABICLV2,False,
wine_quality,0,TABSTAR (default),0.6750901341438293,2005.5037815570831,5.897971868515015,rmse,regression,0.6945680379867554,config,TabSTAR,tabarena-2026-03-18,default,TABSTAR,False,
wine_quality,0,TABSTAR (tuned),0.6702535504530271,141638.40253901482,4.779668092727661,rmse,regression,0.6878694532650494,hpo,TabSTAR,tabarena-2026-03-18,tuned,TABSTAR,False,
wine_quality,0,TABSTAR (tuned + ensemble),0.6679972014082064,141638.40253901482,20.9052255153656,rmse,regression,0.6863959607107524,hpo,TabSTAR,tabarena-2026-03-18,tuned_ensemble,TABSTAR,False,
wine_quality,0,PB (default),0.6623900532722473,28.613667726516724,0.01408076286315918,rmse,regression,0.6852699518203735,config,PerpetualBooster,tabarena-2026-03-18,default,PB,False,
wine_quality,0,PB (tuned),0.626210312121686,241.61022520065308,0.3173549175262451,rmse,regression,0.6573104854843317,hpo,PerpetualBooster,tabarena-2026-03-18,tuned,PB,False,
wine_quality,0,PB (tuned + ensemble),0.6206077419614994,241.61022520065308,0.3418543338775635,rmse,regression,0.6565542681685964,hpo,PerpetualBooster,tabarena-2026-03-18,tuned_ensemble,PB,False,
wine_quality,0,TABPFN-V2.6 (default),0.5846089124679565,14.06813931465149,0.645763635635376,rmse,regression,0.6023667454719543,config,TabPFN-v2.6,tabarena-2026-03-18,default,TABPFN-V2.6,False,
wine_quality,0,TA-LIMIX (default),0.602007269859314,137.0279290676117,16.31451725959778,rmse,regression,0.6309974193572998,config,LimiX,tabarena-2026-05-13,default,TA-LIMIX,False,
wine_quality,0,TA-ORION-MSP (default),0.6089493036270142,1.4457664489746094,0.08883118629455566,rmse,regression,0.6263664364814758,config,OrionMSP,tabarena-2026-05-13,default,TA-ORION-MSP,True,
wine_quality,0,TA-TABPFN-3 (default),0.581053614616394,17.420789003372192,0.5140011310577393,rmse,regression,0.6001567840576172,config,TabPFN-3,tabarena-2026-07-13,default,TA-TABPFN-3,False,
wine_quality,0,TA-ILTM (default),0.626995861530304,1617.4156119823456,176.47975516319275,rmse,regression,0.6345319747924805,config,iLTM,tabarena-2026-05-13,default,TA-ILTM,False,
wine_quality,0,TA-ILTM (tuned),0.5918345904861493,55185.92478060722,103.0206253528595,rmse,regression,0.6097649871463862,hpo,iLTM,tabarena-2026-05-13,tuned,TA-ILTM,False,
wine_quality,0,TA-ILTM (tuned + ensemble),0.5890318746749412,55185.92478060722,861.6791174411774,rmse,regression,0.5971516703972908,hpo,iLTM,tabarena-2026-05-13,tuned_ensemble,TA-ILTM,False,
wine_quality,0,TA-NORI (default),0.5783723592758179,16.784059047698975,1.3706812858581543,rmse,regression,0.6024317145347595,config,Nori,tabarena-2026-07-13,default,TA-NORI,False,
wine_quality,0,TA-NORI-30M (default),0.5793103575706482,20.7470281124115,2.7014455795288086,rmse,regression,0.6029524207115173,config,Nori-30M,tabarena-2026-07-13,default,TA-NORI-30M,False,
wine_quality,0,TABFM (default),0.5772093534469604,91.90918135643005,9.558727741241455,rmse,regression,0.598947286605835,config,TabFM,tabarena-2026-07-13,default,TABFM,False,
wine_quality,0,TA-TABSWIFT (default),0.5926781892776489,3.2031280994415283,0.10242986679077148,rmse,regression,0.6114524602890015,config,TabSwift,tabarena-2026-07-13,default,TA-TABSWIFT,False,
wine_quality,0,TA-EXAONE-TABULAR (default),0.5801239013671875,13.71845293045044,1.5596332550048828,rmse,regression,0.5995978713035583,config,EXAONE-Tabular,tabarena-2026-08-06,default,TA-EXAONE-TABULAR,False,
wine_quality,0,[Leakage] TabSTAR_base (default),0.65671706199646,599.4284379482269,6.5141801834106445,rmse,regression,0.6906871795654297,config,[Leakage] TabSTAR_base,[Leakage] TabSTAR_base,default,[Leakage] TabSTAR_base,False,
wine_quality,0,[Leakage] TabSTAR_correct (default),0.6587349772453308,659.402907371521,6.386643648147583,rmse,regression,0.6917434334754944,config,[Leakage] TabSTAR_correct,[Leakage] TabSTAR_correct,default,[Leakage] TabSTAR_correct,False,
wine_quality,0,[Leakage] TabSTAR_wrong (default),0.665671169757843,568.7128946781158,6.484416961669922,rmse,regression,0.688334047794342,config,[Leakage] TabSTAR_wrong,[Leakage] TabSTAR_wrong,default,[Leakage] TabSTAR_wrong,False,
